House_ID,Property_Code,Area_Sqft,Bedrooms,Bathrooms,Age_Years,Location,Furnishing_Status,Property_Type,Parking_Spaces,Garden_Available,Distance_To_City_Center_Km,Price
1,HP-2018-10000,2548.0,1,1,5.0,Urban,Semi-Furnished,Studio,3,0,3.6,428225.0
2,HP-2019-10001,2103.0,2,1,2.0,Suburban,Semi-Furnished,Apartment,1,0,1.3,414559.0
3,HP-2020-10002,2653.0,3,2,3.0,Urban,Semi-Furnished,Apartment,2,0,3.0,560716.0
4,HP-2021-10003,3266.0,4,3,3.0,Suburban,Semi-Furnished,Villa,1,1,3.2,775550.0
5,HP-2022-10004,2036.0,2,1,16.0,Urban,Semi-Furnished,Independent House,1,0,8.3,429372.0
6,HP-2023-10005,2036.0,5,3,8.0,Urban,Semi-Furnished,Apartment,1,1,5.5,596219.0
7,HP-2024-10006,3305.0,3,1,15.0,Rural,Semi-Furnished,Villa,1,1,11.7,621222.0
8,HP-2018-10007,2737.0,5,3,6.0,Downtown,Semi-Furnished,Villa,2,1,9.7,778379.0
9,HP-2019-10008,1871.0,4,2,26.0,Urban,#Semi-Furnished,Apartment,2,0,,459429.0
10,HP-2020-10009,2580.0,4,2,49.0,Downtown,Unfurnished,Villa,1,1,12.3,589800.0
11,HP-2021-10010,1876.0,4,2,13.0,Downtown,Furnished,Apartment,0,1,15.0,485142.0
12,HP-2022-10011,1874.0,4,2,24.0,Urban,Unfurnished,Independent House,2,0,7.3,504581.0
13,HP-2023-10012,2369.0,4,2,9.0,Suburban,Semi-Furnished,Apartment,1,1,21.0,534582.0
14,HP-2024-10013,861.0,4,3,33.0,Rural,Unfurnished,Apartment,1,0,12.2,314329.0
15,HP-2018-10014,993.0,3,2,21.0,Downtown,Un-furnished,Apartment,1,0,7.2,346202.0
16,HP-2019-10015,1806.0,6,4,58.0,Downtown,Unfurnished,Apartment,1,0,18.9,527458.0
17,HP-2020-10016,1491.0,4,3,12.0,Suburban,Semi-Furnished,Apartment,1,1,,445599.0
18,HP-2021-10017,2420.0,4,1,18.0,Downtown,Furnished ,Independent House,2,1,5.9,595344.0
19,HP-2022-10018,1564.0,5,3,9.0,Suburban,Semi-Furnished,Independent House,1,1,3.5,546391.0
20,HP-2023-10019,1211.0,2,2,4.0,Downtown,FURNISHED,Apartment,2,0,17.2,345203.0
21,HP-2024-10020,3226.0,2,1,5.0,Downtown,Unfurnished,Apartment,1,0,1.0,579984.0
22,HP-2018-10021,2042.0,3,1,27.0,Urban,Unfurnished,Apartment,1,0,5.1,386206.0
23,HP-2019-10022,2247.0,3,2,1.0,Suburban,Unfurnished,Apartment,1,1,6.2,514839.0
24,HP-2020-10023,1203.0,5,3,11.0,Suburban,Semi_Furnished,Apartment,2,0,6.5,465221.0
25,HP-2021-10024,1819.0,3,1,6.0,Urban,Semi-Furnished,Apartment,0,0,8.4,382957.0
26,HP-2022-10025,2278.0,4,2,6.0,Suburban,Furnished,Studio,1,1,5.6,520327.0
27,HP-2023-10026,1394.0,3,2,26.0,Rural,Semi-Furnished,Apartment,2,1,2.4,341298.0
28,HP-2024-10027,2463.0,1,1,23.0,Rural,Semi-Furnished,Apartment,1,1,15.6,365206.0
29,HP-2018-10028,1780.0,4,2,11.0,Downtown,,Apartment,2,0,8.6,517976.0
30,HP-2019-10029,1996.0,5,3,4.0,Urban,Unfurnished,Apartment,3,1,15.6,608089.0
31,HP-2020-10030,1779.0,2,1,8.0,Suburban,Unfurnished,Apartment,1,1,2.6,331277.0
32,HP-2021-10031,3497.0,4,2,6.0,Urban,Semi-Furnished,Villa,1,1,8.1,789590.0
33,HP-2022-10032,2191.0,4,3,5.0,Downtown,Semi-Furnished,Independent House,1,1,10.0,668395.0
34,HP-2023-10033,1460.0,2,1,1.0,Downtown,Semi-Furnished,Apartment,2,1,3.9,389412.0
35,HP-2024-10034,2776.0,2,1,9.0,Rural,Semi-Furnished,Independent House,1,0,13.4,471709.0
36,HP-2018-10035,1345.0,6,3,4.0,Rural,Furnished,Apartment,2,0,0.5,528419.0
37,HP-2019-10036,2346.0,3,1,13.0,Urban,Semi-Furnished,Apartment,2,1,7.2,503505.0
38,HP-2020-10037,828.0,2,1,5.0,Urban,Semi_Furnished,Apartment,1,0,7.6,242834.0
39,HP-2021-10038,1270.0,2,1,7.0,Rural,Unfurnished,Villa,2,0,6.1,352679.0
40,HP-2022-10039,2338.0,4,1,1.0,Downtown,Semi-Furnished,Villa,1,1,8.0,602558.0
41,HP-2023-10040,2717.0,4,3,59.0,Suburban,Unfurnished,Studio,1,0,1.5,498387.0
42,HP-2024-10041,2320.0,4,2,9.0,Suburban,Furnished ,Apartment,2,0,9.2,541384.0
43,HP-2018-10042,2119.0,2,2,0.0,Suburban,Semi-Furnished,Independent House,1,0,3.3,479070.0
44,HP-2019-10043,1989.0,5,3,9.0,Suburban,Unfurnished,Apartment,1,0,4.8,550202.0
45,HP-2020-10044,1165.0,3,1,,Urban,Semi-Furnished,Villa,2,1,3.2,369421.0
46,HP-2021-10045,1696.0,3,1,18.0,Suburban,semi-furnished,Apartment,2,1,5.1,368492.0
47,HP-2022-10046,1878.0,3,2,14.0,Suburban,Semi-Furnished,Apartment,1,1,7.8,419517.0
48,HP-2023-10047,2940.0,3,2,2.0,Urban,Unfurnished,Apartment,2,1,14.6,620802.0
49,HP-2024-10048,2441.0,5,3,13.0,Rural,Unfurnished,Apartment,1,0,5.3,592485.0
50,HP-2018-10049,966.0,5,4,17.0,Urban,Semi-Furnished,Villa,2,0,3.1,554541.0
51,HP-2019-10050,2427.0,3,1,10.0,Suburban, Unfurnished,Apartment,2,1,5.4,469965.0
52,HP-2020-10051,1930.0,5,3,27.0,Suburban,Un-furnished,Independent House,1,1,9.3,558100.0
53,HP-2021-10052,1726.0,4,3,4.0,Suburban,Furnished,Villa,1,0,3.4,567365.0
54,HP-2022-10053,2628.0,5,3,3.0,Urban,Semi-Furnished,Villa,2,1,4.3,760567.0
55,HP-2023-10054,2922.0,2,1,24.0,Suburban,Unfurnished,Studio,2,1,6.6,445952.0
56,HP-2024-10055,2852.0,4,3,12.0,Urban,Semi-Furnished,Apartment,1,0,2.8,664379.0
57,HP-2018-10056,1613.0,3,1,0.0,Suburban,Semi-Furnished,Apartment,1,0,1.9,383706.0
58,HP-2019-10057,1984.0,5,4,5.0,Urban,Semi-Furnished,Apartment,0,0,1.2,645347.0
59,HP-2020-10058,2432.0,1,1,23.0,Urban,Furnished,Apartment,1,0,3.5,376232.0
60,HP-2021-10059,2883.0,3,4,0.0,Rural,Unfurnished,Villa,2,1,0.5,730184.0
61,HP-2022-10060,1865.0,3,3,0.0,Downtown,,Independent House,0,1,7.0,541699.0
62,HP-2023-10061,2070.0,3,1,4.0,Urban,#Semi-Furnished,Independent House,2,1,1.5,500300.0
63,HP-2024-10062,1426.0,4,2,29.0,Rural,Semi-Furnished,Apartment,3,1,3.8,399652.0
64,HP-2018-10063,1363.0,5,3,28.0,Urban,Semi-Furnished,Studio,3,1,2.5,443900.0
65,HP-2019-10064,2769.0,4,3,9.0,Urban,Semi-Furnished,Apartment,1,0,8.0,597227.0
66,HP-2020-10065,3149.0,5,3,10.0,Urban,semi-furnished,Apartment,2,1,15.2,727504.0
67,HP-2021-10066,2150.0,3,3,5.0,Downtown,Semi-Furnished,Studio,3,1,8.0,525908.0
68,HP-2022-10067,2902.0,3,2,3.0,Suburban,Semi-Furnished,Apartment,0,1,6.3,538589.0
69,HP-2023-10068,2453.0,3,2,20.0,Urban,Furnished,Villa,1,0,8.8,571335.0
70,HP-2024-10069,1748.0,1,1,1.0,Urban,Unfurnished,Villa,3,0,0.5,393750.0
71,HP-2018-10070,2453.0,3,2,8.0,Suburban,Semi-Furnished,Studio,1,0,1.0,483404.0
72,HP-2019-10071,3277.0,4,3,12.0,Downtown,Furnished,Apartment,3,1,0.8,754195.0
73,HP-2020-10072,2175.0,4,3,1.0,Downtown,Unfurnished,Studio,1,0,0.8,586311.0
74,HP-2021-10073,3295.0,4,3,9.0,Suburban, Furnished,Apartment,0,0,2.4,687082.0
75,HP-2022-10074,500.0,4,1,10.0,Downtown,Semi-Furnished,Apartment,1,1,6.1,313148.0
76,HP-2023-10075,2775.0,2,1,16.0,Downtown,Unfurnished,Apartment,1,0,1.0,508500.0
77,HP-2024-10076,2261.0,2,1,3.0,Suburban,Furnished,Apartment,1,0,21.9,391825.0
78,HP-2018-10077,1991.0,4,3,,Suburban,Furnished,Studio,1,1,15.4,499941.0
79,HP-2019-10078,2264.0,3,1,10.0,Urban,Furnished,Villa,1,0,28.5,459964.0
80,HP-2020-10079,809.0,2,2,49.0,Suburban,Unfurnished,Independent House,1,0,0.5,222010.0
81,HP-2021-10080,2046.0,3,2,,Downtown,Unfurnished,Apartment,0,0,15.3,469470.0
82,HP-2022-10081,2450.0,3,2,51.0,Urban,Semi-Furnished,Independent House,2,0,13.0,511703.0
83,HP-2023-10082,3235.0,3,3,15.0,Suburban,Semi-Furnished,Apartment,1,0,18.6,628091.0
84,HP-2024-10083,1837.0,4,3,21.0,Suburban,Semi-Furnished,Apartment,2,1,,515712.0
85,HP-2018-10084,1634.0,4,3,1.0,Urban,Semi_Furnished,Independent House,2,0,12.4,547163.0
86,HP-2019-10085,1849.0,3,2,4.0,Urban,,Villa,1,0,0.5,525272.0
87,HP-2020-10086,2841.0,4,2,1.0,Urban,Furnished,Apartment,0,0,0.6,632558.0
88,HP-2021-10087,2430.0,4,2,6.0,Suburban, Unfurnished,Independent House,3,0,1.0,608443.0
89,HP-2022-10088,1829.0,4,2,48.0,Suburban,Un-furnished,Independent House,2,0,19.7,422789.0
90,HP-2023-10089,2559.0,3,2,1.0,Suburban,Furnished,Apartment,0,0,0.5,517324.0
91,HP-2024-10090,2268.0,1,1,10.0,Urban,Furnished,Villa,2,0,0.8,429904.0
92,HP-2018-10091,2878.0,4,3,0.0,Suburban,FURNISHED,Villa,0,0,21.3,694581.0
93,HP-2019-10092,1709.0,3,2,15.0,Urban,Semi-Furnished,Independent House,0,0,0.9,462608.0
94,HP-2020-10093,1971.0,5,3,3.0,Urban,Furnished ,Apartment,1,0,16.3,572903.0
95,HP-2021-10094,1926.0,4,3,2.0,Suburban,Furnished,Independent House,0,1,12.5,555256.0
96,HP-2022-10095,1176.0,4,2,5.0,Downtown,semi-furnished,Apartment,3,0,0.5,420714.0
97,HP-2023-10096,2407.0,3,3,18.0,Downtown,FURNISHED,Villa,2,0,0.5,614888.0
98,HP-2024-10097,2383.0,2,1,1.0,Urban,Furnished,Apartment,2,0,6.1,437381.0
99,HP-2018-10098,2204.0,3,2,3.0,Suburban,Semi-Furnished,Apartment,0,0,45.0,417751.0
100,HP-2019-10099,,3,1,0.0,Suburban,Semi-Furnished,Studio,1,0,16.9,405247.0
101,HP-2020-10100,1209.0,3,2,41.0,Downtown, Unfurnished,Apartment,1,0,3.0,322633.0
102,HP-2021-10101,1906.0,3,3,11.0,Urban,SEMI-FURNISHED,Villa,1,1,3.9,568648.0
103,HP-2022-10102,1960.0,2,2,15.0,Downtown,Furnished,Independent House,1,1,3.9,484082.0
104,HP-2023-10103,1638.0,6,4,13.0,Suburban,Semi-Furnished,Apartment,1,0,10.6,560268.0
105,HP-2024-10104,2087.0,2,2,2.0,Downtown,Unfurnished,Apartment,1,0,3.3,430899.0
106,HP-2018-10105,2483.0,5,3,11.0,Rural,Furnished,Villa,3,0,1.3,664748.0
107,HP-2019-10106,3520.0,5,2,2.0,Rural,Furnished,Villa,3,1,11.0,794310.0
108,HP-2020-10107,2322.0,3,2,6.0,Suburban,Furnished,Apartment,1,0,4.9,502587.0
109,HP-2021-10108,2380.0,4,2,10.0,Rural,Unfurnished,Apartment,2,0,0.6,539884.0
110,HP-2022-10109,2148.0,3,2,10.0,Urban,Unfurnished,Villa,0,0,12.5,524152.0
111,HP-2023-10110,857.0,4,3,2.0,Urban,Semi-Furnished,Studio,1,1,7.0,406833.0
112,HP-2024-10111,2181.0,3,3,0.0,Suburban,Furnished,Villa,3,0,5.4,638791.0
113,HP-2018-10112,2242.0,3,3,19.0,Rural,,Independent House,2,0,9.0,505028.0
114,HP-2019-10113,3924.0,4,2,16.0,Downtown,Semi-Furnished,Studio,1,1,5.6,752083.0
115,HP-2020-10114,2065.0,3,1,1.0,Urban,Unfurnished,Apartment,1,0,8.4,434959.0
116,HP-2021-10115,2411.0,4,3,2.0,Downtown,Unfurnished,Apartment,3,0,16.2,633988.0
117,HP-2022-10116,2176.0,3,3,27.0,Urban,Semi-Furnished,Apartment,1,1,7.6,517913.0
118,HP-2023-10117,1382.0,3,1,18.0,Suburban,Unfurnished,Studio,1,1,8.6,299544.0
119,HP-2024-10118,3000.0,2,2,60.0,Urban,,Studio,3,1,7.6,460120.0
120,HP-2018-10119,2726.0,2,1,4.0,Urban,Semi-Furnished,Apartment,1,0,6.1,481302.0
121,HP-2019-10120,2754.0,3,2,8.0,Urban,Semi-Furnished,Independent House,1,1,1.5,589556.0
122,HP-2020-10121,1563.0,2,2,3.0,Downtown,Semi-Furnished,Apartment,1,1,3.3,413236.0
123,HP-2021-10122,3182.0,2,2,12.0,Suburban,Semi-Furnished,Villa,2,0,9.5,618569.0
124,HP-2022-10123,,4,3,1.0,Urban,Semi-Furnished,Apartment,2,0,4.4,456966.0
125,HP-2023-10124,2611.0,1,1,2.0,Suburban,Semi-Furnished,Studio,1,1,4.2,450153.0
126,HP-2024-10125,3733.0,4,3,1.0,Downtown,Semi-Furnished,Apartment,0,0,11.4,789433.0
127,HP-2018-10126,1507.0,3,2,14.0,Rural,Semi-Furnished,Villa,1,0,0.5,398165.0
128,HP-2019-10127,,5,3,8.0,Rural,Unfurnished,Apartment,1,0,9.1,527312.0
129,HP-2020-10128,,3,1,12.0,Urban,Furnished,Apartment,0,0,5.4,445530.0
130,HP-2021-10129,,3,2,25.0,Urban,Semi-Furnished,Independent House,1,1,3.8,453900.0
131,HP-2022-10130,1115.0,3,2,16.0,Urban,Unfurnished,Independent House,0,0,3.3,355057.0
132,HP-2023-10131,2248.0,3,1,7.0,Suburban,Furnished,Apartment,3,0,1.5,463155.0
133,HP-2024-10132,1456.0,3,2,50.0,Suburban,#Unfurnished,Independent House,0,1,3.3,344169.0
134,HP-2018-10133,2532.0,2,1,7.0,Urban,Semi-Furnished,Independent House,1,1,4.0,545037.0
135,HP-2019-10134,1556.0,6,4,1.0,Rural,Unfurnished,Apartment,1,1,4.6,582710.0
136,HP-2020-10135,3285.0,3,1,59.0,Downtown,Unfurnished,Independent House,2,0,8.9,563443.0
137,HP-2021-10136,1652.0,3,2,0.0,Suburban,Unfurnished,Villa,0,0,4.8,472658.0
138,HP-2022-10137,1975.0,4,2,10.0,Suburban,Furnished,Apartment,1,0,12.7,466092.0
139,HP-2023-10138,2769.0,3,2,4.0,Suburban,Semi-Furnished,Independent House,2,0,,582164.0
140,HP-2024-10139,1338.0,5,3,8.0,Suburban,Furnished,Villa,3,0,1.7,573893.0
141,HP-2018-10140,2359.0,3,1,10.0,Rural,Unfurnished,Villa,2,1,2.6,516145.0
142,HP-2019-10141,3115.0,4,3,3.0,Urban,Semi-Furnished,Apartment,0,0,0.7,671935.0
143,HP-2020-10142,1075.0,2,2,10.0,Downtown,Furnished,Independent House,0,0,23.3,355873.0
144,HP-2021-10143,2329.0,5,3,17.0,Urban,Semi-Furnished,Villa,2,1,17.4,656816.0
145,HP-2022-10144,2382.0,4,3,4.0,Suburban,Furnished,Apartment,1,0,0.7,597731.0
146,HP-2023-10145,2747.0,2,1,6.0,Suburban,Unfurnished,Independent House,1,0,6.8,498565.0
147,HP-2024-10146,1334.0,2,1,4.0,Urban,Semi-Furnished,Apartment,3,0,25.8,286126.0
148,HP-2018-10147,1276.0,3,2,21.0,Urban,Furnished,Apartment,2,0,11.0,342398.0
149,HP-2019-10148,2565.0,6,4,15.0,Urban,Semi-Furnished,Independent House,2,1,5.4,763528.0
150,HP-2020-10149,2408.0,3,1,25.0,Suburban,Furnished,Apartment,2,1,2.2,433718.0
151,HP-2021-10150,,3,1,2.0,Suburban,Furnished,Apartment,2,0,2.6,492511.0
152,HP-2022-10151,2443.0,1,2,1.0,Rural,Furnished,Apartment,2,0,10.7,424049.0
153,HP-2023-10152,1724.0,3,1,2.0,Urban,Unfurnished,Apartment,1,0,12.1,394360.0
154,HP-2024-10153,2363.0,4,2,,Urban,Semi-Furnished,Independent House,3,1,6.0,632712.0
155,HP-2018-10154,2405.0,6,4,9.0,Suburban,Semi-Furnished,Villa,1,1,1.0,770224.0
156,HP-2019-10155,1700.0,3,2,42.0,Urban,Semi-Furnished,Apartment,1,0,21.7,372156.0
157,HP-2020-10156,3506.0,4,2,5.0,Urban,#Semi-Furnished,Independent House,1,1,14.9,723967.0
158,HP-2021-10157,2532.0,3,2,38.0,Suburban,Furnished ,Apartment,0,0,1.2,452413.0
159,HP-2022-10158,1366.0,1,1,0.0,Rural,Furnished,Apartment,1,0,0.5,267150.0
160,HP-2023-10159,2660.0,3,2,31.0,Rural,Furnished,Studio,1,0,6.1,462254.0
161,HP-2024-10160,1518.0,4,2,2.0,Urban,Furnished,Independent House,1,1,2.7,459881.0
162,HP-2018-10161,2751.0,6,4,29.0,Urban,Semi-Furnished,Apartment,1,0,,685954.0
163,HP-2019-10162,3011.0,5,4,1.0,Suburban,Furnished,Independent House,1,1,0.7,788014.0
164,HP-2020-10163,1626.0,2,1,36.0,Suburban,Semi-Furnished,Apartment,0,0,24.5,278047.0
165,HP-2021-10164,2874.0,2,1,3.0,Downtown,Furnished,Studio,1,1,14.2,511669.0
166,HP-2022-10165,2489.0,2,1,4.0,Suburban,Semi-Furnished,Apartment,2,0,1.0,467151.0
167,HP-2023-10166,2775.0,5,3,8.0,Urban,Unfurnished,Villa,1,0,16.7,731807.0
168,HP-2024-10167,3528.0,5,3,6.0,Urban,Furnished ,Apartment,1,0,9.2,788980.0
169,HP-2018-10168,2028.0,4,2,13.0,Rural, Furnished,Independent House,1,1,3.1,531723.0
170,HP-2019-10169,,3,1,44.0,Suburban,Semi Furnished,Studio,2,1,16.4,317396.0
171,HP-2020-10170,1577.0,3,2,11.0,Downtown,Furnished,Apartment,2,0,,446002.0
172,HP-2021-10171,1629.0,3,2,15.0,Suburban,Furnished,Apartment,0,0,15.1,358111.0
173,HP-2022-10172,2146.0,3,1,1.0,Downtown,Furnished,Independent House,2,1,5.1,533868.0
174,HP-2023-10173,2439.0,3,1,12.0,Urban,Unfurnished,Apartment,2,0,5.6,498763.0
175,HP-2024-10174,2394.0,1,3,7.0,Downtown,Unfurnished,Villa,2,1,2.8,578784.0
176,HP-2018-10175,2779.0,2,2,26.0,Downtown,Unfurnished,Independent House,1,1,3.9,567665.0
177,HP-2019-10176,2209.0,5,3,6.0,Urban,Semi-Furnished,Apartment,2,0,6.7,585503.0
178,HP-2020-10177,3217.0,4,3,14.0,Urban,UNFURNISHED,Villa,1,1,23.5,765407.0
179,HP-2021-10178,2015.0,3,2,3.0,Suburban,Unfurnished,Apartment,2,1,7.3,448320.0
180,HP-2022-10179,4104.0,3,2,4.0,Suburban,#Unfurnished,Studio,2,0,1.3,705634.0
181,HP-2023-10180,2638.0,3,2,6.0,Suburban,Furnished,Apartment,2,0,0.5,549206.0
182,HP-2024-10181,1600.0,4,2,4.0,Downtown,Semi-Furnished,Villa,1,0,15.2,531591.0
183,HP-2018-10182,1450.0,4,2,4.0,Downtown,Semi-Furnished,Apartment,2,1,3.6,511597.0
184,HP-2019-10183,2538.0,4,2,1.0,Suburban,Semi-Furnished,Villa,0,1,3.0,619366.0
185,HP-2020-10184,2044.0,4,4,22.0,Suburban,Semi-Furnished,Apartment,0,0,12.9,511956.0
186,HP-2021-10185,2700.0,2,1,1.0,Urban, Unfurnished,Apartment,1,0,23.3,441783.0
187,HP-2022-10186,2531.0,3,1,26.0,Urban,Unfurnished,Apartment,2,0,11.0,473699.0
188,HP-2023-10187,2149.0,3,2,2.0,Suburban,Unfurnished,Independent House,1,1,1.5,521674.0
189,HP-2024-10188,1607.0,3,1,1.0,Downtown,unfurnished,Apartment,1,0,4.0,392190.0
190,HP-2018-10189,1140.0,4,2,10.0,Downtown,Semi-Furnished,Apartment,0,1,11.4,435505.0
191,HP-2019-10190,1887.0,3,2,8.0,Downtown,Semi-Furnished,Studio,2,0,19.0,464250.0
192,HP-2020-10191,2799.0,2,2,8.0,Suburban,,Apartment,2,0,45.0,482268.0
193,HP-2021-10192,2350.0,3,2,10.0,Urban,Semi-Furnished,Villa,2,0,5.7,593863.0
194,HP-2022-10193,1328.0,6,3,4.0,Suburban,Unfurnished,Apartment,1,0,13.8,515356.0
195,HP-2023-10194,,2,1,13.0,Urban,Unfurnished,Apartment,3,1,0.5,470727.0
196,HP-2024-10195,2470.0,4,3,8.0,Suburban,Semi-Furnished,Apartment,2,1,2.7,622806.0
197,HP-2018-10196,1581.0,3,1,5.0,Urban,Un-furnished,Independent House,2,1,3.7,417965.0
198,HP-2019-10197,2308.0,2,2,21.0,Urban,Semi-Furnished,Apartment,2,1,,447294.0
199,HP-2020-10198,2241.0,3,1,16.0,Suburban,Semi-Furnished,Villa,3,0,0.5,515111.0
200,HP-2021-10199,1400.0,4,4,6.0,Urban, Unfurnished,Studio,2,1,9.192584634754862,482156.0
201,HP-2022-10200,2450.0,3,2,23.0,Suburban,Semi-Furnished,Apartment,1,1,21.3,455936.0
202,HP-2023-10201,2593.0,5,3,30.0,Suburban,Furnished,Apartment,1,0,2.9,611442.0
203,HP-2024-10202,2958.0,3,1,9.0,Downtown,Semi-Furnished,Apartment,2,0,2.0,580466.0
204,HP-2018-10203,2938.0,2,1,3.0,Urban,Semi-Furnished,Independent House,1,1,10.5,534722.0
205,HP-2019-10204,1236.0,5,4,30.0,Urban,Furnished,Apartment,2,1,10.9,501301.0
206,HP-2020-10205,1544.0,3,2,3.0,Downtown,Semi-Furnished,Studio,1,1,5.1,445557.0
207,HP-2021-10206,2561.0,4,1,1.0,Urban,Unfurnished,Villa,1,0,23.5,581901.0
208,HP-2022-10207,2560.0,4,3,5.0,Rural,Unfurnished,Studio,1,1,1.8,579152.0
209,HP-2023-10208,2561.0,3,3,16.0,Urban,SEMI-FURNISHED,Apartment,2,0,19.6,576822.0
210,HP-2024-10209,4897.0,4,2,31.0,Suburban,Unfurnished,Apartment,2,0,11.3,810235.0
211,HP-2018-10210,2600.0,2,1,12.0,Urban, Furnished,Apartment,0,1,3.7,499799.0
212,HP-2019-10211,2995.0,3,2,36.0,Suburban,Unfurnished,Independent House,1,1,13.2,557841.0
213,HP-2020-10212,7282.836277425337,2,2,1.0,Rural,Semi-Furnished,Villa,0,0,1.1,1165647.9425920048
214,HP-2021-10213,2656.0,4,2,1.0,Suburban,Unfurnished,Studio,0,0,1.1,537386.0
215,HP-2022-10214,1979.0,2,1,11.0,Downtown,Semi-Furnished,Independent House,1,0,21.3,392853.0
216,HP-2023-10215,2731.0,4,2,41.0,Urban,Furnished,Apartment,2,0,0.8,541703.0
217,HP-2024-10216,4368.784625812007,5,2,8.0,Rural,,Apartment,3,0,0.5,1203282.5114883792
218,HP-2018-10217,2034.0,3,3,1.0,Suburban,SEMI-FURNISHED,Independent House,1,0,3.9,569241.0
219,HP-2019-10218,1860.0,3,1,3.0,Urban,Unfurnished,Independent House,1,0,0.9,503497.0
220,HP-2020-10219,2257.0,3,2,3.0,Urban,Furnished,Independent House,2,1,15.9,547482.0
221,HP-2021-10220,3820.0,3,1,,Urban,Semi-Furnished,Apartment,3,0,20.5,669734.0
222,HP-2022-10221,893.0,3,2,1.0,Urban,Furnished,Studio,3,0,5.3,310804.0
223,HP-2023-10222,2680.0,4,3,28.0,Rural,Unfurnished,Villa,0,1,4.4,643104.0
224,HP-2024-10223,1071.0,6,3,9.0,Suburban,Unfurnished,Apartment,1,1,6.2,483381.0
225,HP-2018-10224,1870.0,5,3,13.0,Urban,Furnished,Apartment,0,0,2.1,544540.0
226,HP-2019-10225,2962.0,5,3,1.0,Suburban,Unfurnished,Independent House,2,0,2.8,749685.0
227,HP-2020-10226,2245.0,5,4,1.0,Suburban,Furnished,Independent House,2,1,0.9,704364.0
228,HP-2021-10227,1446.0,3,3,11.0,Urban,Unfurnished,Apartment,1,0,4.7,407961.0
229,HP-2022-10228,1699.0,4,2,26.0,Urban,Furnished ,Villa,2,1,7.6,513518.0
230,HP-2023-10229,2676.0,5,3,9.0,Urban,Furnished,Apartment,1,0,21.3,641001.0
231,HP-2024-10230,1689.0,3,2,25.0,Suburban,Furnished ,Independent House,3,1,10.7,416955.0
232,HP-2018-10231,2352.0,6,4,20.0,Suburban,UNFURNISHED,Apartment,0,1,10.3,645036.0
233,HP-2019-10232,2232.0,3,2,1.0,Rural,Furnished,Apartment,0,0,2.9,439262.0
234,HP-2020-10233,1744.0,4,3,3.0,Suburban,SEMI-FURNISHED,Independent House,1,0,17.5,522084.0
235,HP-2021-10234,3701.0,4,2,13.0,Suburban,Semi-Furnished,Apartment,0,0,23.5,672248.0
236,HP-2022-10235,2644.0,6,4,7.0,Rural,Semi-Furnished,Apartment,2,0,21.5,677330.0
237,HP-2023-10236,1853.9675848066968,2,2,4.0,Suburban,Semi-Furnished,Independent House,0,0,0.5,618580.5732915364
238,HP-2024-10237,,4,3,7.0,Suburban,Furnished,Studio,2,0,7.4,529386.0
239,HP-2018-10238,1737.0,3,2,7.0,Suburban,Unfurnished,Independent House,0,0,8.2,422811.0
240,HP-2019-10239,2797.0,3,2,29.0,Downtown,furnished,Apartment,1,1,2.8,587152.0
241,HP-2020-10240,1645.0,4,2,1.0,Suburban,Unfurnished,Apartment,2,0,39.0,420687.0
242,HP-2021-10241,2120.0,3,2,4.0,Suburban,Semi-Furnished,Apartment,3,1,2.8,512917.0
243,HP-2022-10242,2553.0,4,2,9.0,Suburban,Semi-Furnished,Apartment,1,1,2.0,604980.0
244,HP-2023-10243,2806.0,3,3,14.0,Suburban,Furnished,Apartment,3,1,5.3,606843.0
245,HP-2024-10244,1360.0,3,1,12.0,Downtown,Furnished,Apartment,2,1,3.1,372643.0
246,HP-2018-10245,1966.0,4,2,34.0,Suburban,Semi Furnished,Independent House,1,1,20.6,467229.0
247,HP-2019-10246,1868.0,3,2,19.0,Urban,Furnished,Independent House,2,1,4.6,479720.0
248,HP-2020-10247,1743.0,2,1,10.0,Suburban,Semi Furnished,Independent House,1,0,15.9007554750927,397907.0
249,HP-2021-10248,3436.0,6,4,3.0,Rural,#Semi-Furnished,Studio,1,0,7.9,760987.0
250,HP-2022-10249,,3,1,7.0,Downtown,Furnished,Apartment,2,0,0.7,548641.0
251,HP-2023-10250,1317.0,4,2,14.0,Urban,Furnished,Studio,1,0,11.3,349465.0
252,HP-2024-10251,2843.0,3,2,22.0,Rural,Unfurnished,Independent House,0,0,11.7,544070.0
253,HP-2018-10252,3686.0,3,2,39.0,Urban,Semi-Furnished,Apartment,0,1,5.1,627022.0
254,HP-2019-10253,2923.0,3,1,11.0,Rural,Unfurnished,Studio,2,0,24.9,514646.0
255,HP-2020-10254,1136.0,3,1,9.0,Urban,furnished,Independent House,2,0,6.9,366397.0
256,HP-2021-10255,1861.0,3,2,0.0,Rural,Furnished,Apartment,1,0,9.5,431703.0
257,HP-2022-10256,3087.0,3,2,1.0,Urban,Semi-Furnished,Apartment,2,1,20.7,609928.0
258,HP-2023-10257,1705.0,3,3,2.0,Downtown,Unfurnished,Apartment,1,0,8.8,517625.0
259,HP-2024-10258,2511.0,2,2,1.0,Downtown,Semi-Furnished,Studio,2,1,4.5,575251.0
260,HP-2018-10259,2742.0,3,2,6.0,Downtown,SEMI-FURNISHED,Apartment,3,0,0.5,640416.0
261,HP-2019-10260,1551.0,2,3,5.0,Downtown,Furnished,Studio,2,1,10.4,401214.0
262,HP-2020-10261,2158.0,2,1,12.0,Suburban,Unfurnished,Apartment,1,0,26.8,363402.0
263,HP-2021-10262,500.0,5,2,9.0,Urban,Semi-Furnished,Apartment,2,0,5.1,337816.0
264,HP-2022-10263,1483.0,4,2,11.0,Suburban,furnished,Apartment,1,1,,422049.0
265,HP-2023-10264,2023.0,4,1,8.0,Suburban,Semi-Furnished,Apartment,2,0,5.9,472383.0
266,HP-2024-10265,1327.0,3,3,4.0,Suburban,FURNISHED,Apartment,1,0,10.4,407083.0
267,HP-2018-10266,3343.0,5,4,37.0,Urban,Semi-Furnished,Independent House,1,0,0.5,778135.0
268,HP-2019-10267,1199.0,4,2,1.0,Urban,Unfurnished,Apartment,1,1,17.5,387346.0
269,HP-2020-10268,1892.0,4,2,34.0,Suburban,Semi-Furnished,Villa,0,1,17.4,483446.0
270,HP-2021-10269,2292.0,3,2,4.0,Downtown,Semi-Furnished,Villa,1,1,6.2,612496.0
271,HP-2022-10270,3209.0,6,3,9.0,Rural,Semi-Furnished,Apartment,2,0,1.0,771146.0
272,HP-2023-10271,1195.0,5,2,1.0,Urban,Semi-Furnished,Villa,0,0,8.9,512247.0
273,HP-2024-10272,3014.0,5,3,1.0,Rural,Semi-Furnished,Studio,1,0,1.2,681736.0
274,HP-2018-10273,2207.0,2,1,7.0,Rural,Semi-Furnished,Independent House,1,1,5.7,423894.0
275,HP-2019-10274,1513.0,3,2,16.0,Urban,Furnished,Apartment,2,0,0.8,403064.0
276,HP-2020-10275,2523.0,3,2,4.0,Suburban,Semi-Furnished,Apartment,1,1,7.1,581923.0
277,HP-2021-10276,2339.0,3,3,10.0,Suburban,,Villa,0,0,3.1,595005.0
278,HP-2022-10277,1780.0,5,3,4.0,Suburban,Unfurnished,Apartment,1,0,14.2,539985.0
279,HP-2023-10278,2249.0,1,1,6.0,Suburban,Furnished,Apartment,2,0,12.9,381077.0
280,HP-2024-10279,1930.0,2,2,28.0,Suburban,,Apartment,0,0,45.0,317365.0
281,HP-2018-10280,2279.0,3,2,23.0,Urban,Semi-Furnished,Apartment,1,1,2.4,491988.0
282,HP-2019-10281,2663.0,2,1,9.0,Urban,Furnished,Apartment,2,0,0.5,503648.0
283,HP-2020-10282,,2,1,3.0,Urban,Unfurnished,Apartment,0,0,4.7,550889.0
284,HP-2021-10283,1334.0,4,3,3.0,Downtown,Furnished,Apartment,1,0,0.7,482060.0
285,HP-2022-10284,3693.0,3,1,37.0,Urban,Unfurnished,Apartment,1,0,1.6,578388.0
286,HP-2023-10285,834.0,1,1,3.0,Downtown,Semi-Furnished,Apartment,3,0,7.3,253423.0
287,HP-2024-10286,2094.0,3,3,20.0,Suburban,Un-furnished,Independent House,1,1,7.2,531993.0
288,HP-2018-10287,2612.0,3,1,6.0,Suburban,Furnished,Studio,1,0,0.5,493165.0
289,HP-2019-10288,2397.0,2,1,51.0,Rural,Semi-Furnished,Apartment,1,0,4.7,325363.0
290,HP-2020-10289,1764.0,4,3,6.0,Urban,Furnished,Apartment,2,1,,532325.0
291,HP-2021-10290,2054.0,4,2,5.0,Urban,furnished,Apartment,0,1,2.5,530414.0
292,HP-2022-10291,1855.0,4,3,12.0,Rural, Unfurnished,Studio,1,0,16.4,466498.0
293,HP-2023-10292,1787.0,4,2,39.0,Suburban,Unfurnished,Independent House,2,1,6.48114730035808,480506.0
294,HP-2024-10293,2795.0,1,1,45.0,Urban,Unfurnished,Apartment,3,1,2.3,392455.0
295,HP-2018-10294,2450.0,6,4,15.0,Urban,Furnished,Villa,2,0,1.4,755432.0
296,HP-2019-10295,1715.0,4,2,17.0,Rural,Unfurnished,Apartment,1,1,1.0,444270.0
297,HP-2020-10296,2830.0,5,4,10.0,Suburban,UNFURNISHED,Apartment,1,0,16.9,664597.0
298,HP-2021-10297,2415.0,1,1,17.0,Urban,Semi-Furnished,Apartment,1,0,2.6,404545.0
299,HP-2022-10298,2769.0,5,3,24.0,Rural,Semi-Furnished,Apartment,2,0,10.3,614544.0
300,HP-2023-10299,2641.0,4,3,8.0,Suburban,Semi-Furnished,Independent House,2,1,4.5,670609.0
301,HP-2024-10300,1620.0,5,3,12.0,Rural,Semi-Furnished,Independent House,2,1,8.1,539326.0
302,HP-2018-10301,1808.0,2,1,9.0,Urban,Unfurnished,Villa,1,0,21.1,407073.0
303,HP-2019-10302,2723.0,4,2,10.0,Suburban,Semi-Furnished,Independent House,2,0,14.9,589013.0
304,HP-2020-10303,2627.0,6,3,26.0,Urban,Semi-Furnished,Apartment,3,0,0.6,681316.0
305,HP-2021-10304,2185.0,4,3,5.0,Suburban,Furnished,Independent House,3,0,14.9,585565.0
306,HP-2022-10305,2282.0,4,3,3.0,Urban,Semi-Furnished,Apartment,2,1,4.8,604268.0
307,HP-2023-10306,3094.0,5,2,7.0,Urban,Furnished,Apartment,2,0,3.4,714596.0
308,HP-2024-10307,1786.0,3,1,3.0,Urban,Furnished,Independent House,1,0,8.9,428201.0
309,HP-2018-10308,2583.0,4,3,8.0,Urban,semi-furnished,Studio,1,0,24.0,576257.0
310,HP-2019-10309,2058.0,3,2,28.0,Rural,Semi-Furnished,Apartment,0,1,0.8,438500.0
311,HP-2020-10310,2048.0,5,4,12.0,Urban,Furnished,Apartment,1,1,11.7,634898.0
312,HP-2021-10311,2969.0,2,1,23.0,Suburban,Unfurnished,Apartment,1,0,1.8,476837.0
313,HP-2022-10312,2778.0,3,3,,Suburban,Unfurnished,Studio,1,0,3.8,545875.0
314,HP-2023-10313,2769.0,4,2,28.0,Downtown,Semi-Furnished,Studio,2,0,16.6,542904.0
315,HP-2024-10314,3114.0,4,1,11.0,Downtown,Unfurnished,Villa,1,1,6.3,718823.0
316,HP-2018-10315,2215.0,4,2,0.0,Downtown,Semi-Furnished,Apartment,0,0,0.6,577726.0
317,HP-2019-10316,2677.0,5,4,12.0,Rural,Semi-Furnished,Studio,0,0,5.7,594269.0
318,HP-2020-10317,1983.0,5,4,36.0,Downtown,Unfurnished,Apartment,0,0,12.5,577336.0
319,HP-2021-10318,2427.0,2,1,1.0,Downtown,FURNISHED,Apartment,1,0,6.0,467192.0
320,HP-2022-10319,2109.0,3,2,10.0,Suburban,Unfurnished,Independent House,3,0,1.5,499523.0
321,HP-2023-10320,2268.0,1,1,30.0,Downtown,Semi-Furnished,Villa,1,0,4.7,439610.0
322,HP-2024-10321,2617.0,3,1,0.0,Suburban,Semi Furnished,Villa,1,0,20.7,568763.0
323,HP-2018-10322,1627.0,3,2,12.0,Urban,Semi_Furnished,Villa,0,0,8.6,455393.0
324,HP-2019-10323,3665.0,5,3,8.0,Urban,SEMI-FURNISHED,Studio,2,0,10.5,791988.0
325,HP-2020-10324,1496.0,5,3,5.0,Suburban,SEMI-FURNISHED,Independent House,2,0,12.3,527867.0
326,HP-2021-10325,1350.0,2,1,12.0,Urban,FURNISHED,Villa,1,1,0.8,362963.0
327,HP-2022-10326,3011.0,2,2,1.0,Suburban,Semi-Furnished,Apartment,3,0,7.0,586009.0
328,HP-2023-10327,2754.0,4,2,17.0,Urban,Semi-Furnished,Apartment,2,0,3.8,620864.0
329,HP-2024-10328,2637.0,3,2,0.0,Suburban,Unfurnished,Apartment,1,1,1.2,551146.0
330,HP-2018-10329,2640.0,3,1,4.0,Rural,Semi-Furnished,Studio,1,1,1.8,475772.0
331,HP-2019-10330,2191.0,5,3,8.0,Suburban,Semi-Furnished,Studio,1,0,12.2,577494.0
332,HP-2020-10331,1572.0,5,3,6.0,Urban,Semi-Furnished,Apartment,1,0,1.4,518818.0
333,HP-2021-10332,2253.0,3,2,4.0,Urban,Semi Furnished,Independent House,2,1,3.0,573405.0
334,HP-2022-10333,1726.0,5,3,21.0,Rural,UNFURNISHED,Apartment,0,0,2.7,461710.0
335,HP-2023-10334,2883.0,3,2,33.0,Rural,SEMI-FURNISHED,Apartment,1,1,0.5,512780.0
336,HP-2024-10335,2097.0,4,2,25.0,Rural,Furnished,Independent House,1,1,5.0,515725.0
337,HP-2018-10336,1622.0,3,2,9.0,Urban,Semi-Furnished,Apartment,1,0,11.6,389777.0
338,HP-2019-10337,1975.0,2,1,26.0,Suburban,Semi-Furnished,Apartment,2,0,0.5,338917.0
339,HP-2020-10338,2489.0,5,3,30.0,Rural,Unfurnished,Independent House,1,0,1.0,609443.0
340,HP-2021-10339,,3,2,6.0,Urban,FURNISHED,Apartment,0,1,,412303.0
341,HP-2022-10340,1624.0,4,2,4.0,Urban,Semi-Furnished,Independent House,2,1,7.2,516751.0
342,HP-2023-10341,2371.0,3,1,,Urban,Furnished,Apartment,1,0,10.0,509332.0
343,HP-2024-10342,2371.0,1,1,8.0,Rural,Semi-Furnished,Villa,0,0,2.1,431506.0
344,HP-2018-10343,1845.0,2,2,35.0,Suburban,Unfurnished,Independent House,1,1,13.0,373257.0
345,HP-2019-10344,1870.0,3,2,10.0,Rural,Unfurnished,Villa,1,1,5.2,483791.0
346,HP-2020-10345,2362.0,4,3,13.0,Urban,Unfurnished,Apartment,1,1,7.5,615763.0
347,HP-2021-10346,1186.0,3,2,1.0,Downtown,Semi-Furnished,Apartment,1,0,0.8,419330.0
348,HP-2022-10347,1215.0,4,1,2.0,Urban,Semi-Furnished,Studio,0,0,1.8,356027.0
349,HP-2023-10348,1697.0,4,2,7.0,Urban,Semi-Furnished,Apartment,1,0,11.9,450967.0
350,HP-2024-10349,2051.0,4,3,36.0,Suburban,Semi-Furnished,Apartment,0,1,2.0,502461.0
351,HP-2018-10350,2418.0,3,2,5.0,Suburban,Unfurnished,Studio,3,0,0.8,526970.0
352,HP-2019-10351,3233.0,5,3,25.0,Downtown,FURNISHED,Apartment,1,1,7.3,767537.0
353,HP-2020-10352,2800.0,3,2,,Rural,Semi-Furnished,Independent House,2,0,6.4,591145.0
354,HP-2021-10353,2088.0,3,2,12.0,Urban,Semi-Furnished,Apartment,2,0,7.5,467680.0
355,HP-2022-10354,2187.0,2,1,11.0,Urban,Unfurnished,Apartment,1,1,7.7,391521.0
356,HP-2023-10355,1498.0,3,1,24.0,Suburban,Unfurnished,Apartment,2,1,5.5,378479.0
357,HP-2024-10356,2187.0,1,1,0.0,Rural,Furnished,Apartment,2,0,5.4,388301.0
358,HP-2018-10357,1998.0,4,2,3.0,Downtown,Furnished,Apartment,1,0,20.6,506994.0
359,HP-2019-10358,2426.0,2,1,3.0,Suburban,Unfurnished,Villa,3,1,,530922.0
360,HP-2020-10359,1621.0,3,1,36.0,Downtown,Semi-Furnished,Studio,0,1,7.7,333026.0
361,HP-2021-10360,2564.0,4,2,2.0,Urban,Furnished,Independent House,1,1,2.5,638662.0
362,HP-2022-10361,3273.0,3,2,0.0,Urban,Furnished,Apartment,2,0,16.4,634523.0
363,HP-2023-10362,2124.0,2,1,9.0,Suburban,Unfurnished,Villa,1,0,0.5,463917.0
364,HP-2024-10363,2481.0,2,1,9.0,Downtown,Semi-Furnished,Independent House,2,1,6.5,502067.0
365,HP-2018-10364,2683.0,4,2,22.0,Suburban,Semi-Furnished,Apartment,2,1,3.9,569591.0
366,HP-2019-10365,1919.0,2,2,36.0,Suburban,Unfurnished,Apartment,3,0,7.4,373733.0
367,HP-2020-10366,2357.0,3,1,9.0,Suburban,Semi-Furnished,Villa,1,1,3.6,500447.0
368,HP-2021-10367,2209.0,3,2,32.0,Suburban,Semi-Furnished,Independent House,3,0,10.1,478034.0
369,HP-2022-10368,2268.0,4,3,15.0,Rural,Semi-Furnished,Studio,1,0,0.5,499530.0
370,HP-2023-10369,1659.0,4,3,4.0,Suburban,Unfurnished,Villa,1,1,4.2,588766.0
371,HP-2024-10370,2217.0,4,1,32.0,Urban,Semi-Furnished,Apartment,1,0,14.2,456754.0
372,HP-2018-10371,2549.0,1,1,13.0,Downtown,Furnished,Villa,2,1,2.3,501733.0
373,HP-2019-10372,3216.0,3,2,6.0,Suburban,Furnished,Independent House,1,0,0.5,668967.0
374,HP-2020-10373,2871.0,3,1,14.0,Downtown, Furnished,Apartment,1,0,5.5,554472.0
375,HP-2021-10374,3707.0,2,2,6.0,Rural,Semi-Furnished,Independent House,1,0,30.0,622473.0
376,HP-2022-10375,1663.0,3,2,1.0,Urban,Semi-Furnished,Studio,1,0,0.5,432911.0
377,HP-2023-10376,2811.0,3,2,15.0,Suburban,Semi_Furnished,Studio,3,0,0.6,528986.0
378,HP-2024-10377,2328.0,3,1,21.0,Suburban,Unfurnished,Independent House,1,0,7.2,488411.0
379,HP-2018-10378,3733.0,4,3,16.0,Urban,SEMI-FURNISHED,Apartment,1,0,2.3,761807.0
380,HP-2019-10379,1634.0,3,4,3.0,Downtown,Semi-Furnished,Apartment,2,1,4.2,521697.0
381,HP-2020-10380,1612.0,4,2,38.0,Downtown,Semi-Furnished,Apartment,1,0,14.2,405596.0
382,HP-2021-10381,1780.0,3,2,0.0,Downtown,semi-furnished,Studio,2,1,1.8,453165.0
383,HP-2022-10382,713.0,3,2,5.0,Downtown,Unfurnished,Villa,0,0,48.14493432444857,375049.0
384,HP-2023-10383,1832.0,3,2,,Urban,Furnished,Villa,1,0,5.6,505720.0
385,HP-2024-10384,1669.0,1,1,1.0,Downtown,Semi-Furnished,Villa,0,0,18.8,382879.0
386,HP-2018-10385,2305.0,2,1,6.0,Downtown,Semi-Furnished,Independent House,0,0,28.9,423209.0
387,HP-2019-10386,2439.0,3,1,12.0,Downtown,Furnished,Independent House,2,1,5.3,545270.0
388,HP-2020-10387,,5,3,26.0,Suburban,Furnished,Independent House,1,1,7.0,752912.0
389,HP-2021-10388,2865.0,4,2,55.0,Suburban,Furnished,Apartment,2,0,11.0,528424.0
390,HP-2022-10389,1796.0,2,1,20.0,Urban,Unfurnished,Studio,1,0,3.1,312857.0
391,HP-2023-10390,1571.0,5,3,8.0,Rural,Semi-Furnished,Apartment,1,0,2.1,500406.0
392,HP-2024-10391,2544.0,4,2,15.0,Suburban,Unfurnished,Villa,2,1,26.7,601095.0
393,HP-2018-10392,1276.0,4,3,22.0,Suburban,Semi-Furnished,Villa,2,1,4.5,514500.0
394,HP-2019-10393,3482.0,5,3,8.0,Urban,FURNISHED,Villa,2,0,0.5,845739.0
395,HP-2020-10394,3026.0,3,1,18.0,Suburban,Unfurnished,Apartment,2,0,14.5,546415.0
396,HP-2021-10395,1872.0,2,1,8.0,Urban,Unfurnished,Apartment,1,0,7.3,369349.0
397,HP-2022-10396,1001.0,3,1,6.0,Rural,Furnished,Apartment,2,1,1.5,313591.0
398,HP-2023-10397,3148.0,3,1,9.0,Rural,Furnished,Villa,1,1,0.5,609676.0
399,HP-2024-10398,2120.0,3,2,14.0,Urban,Unfurnished,Studio,1,1,2.8,465124.0
400,HP-2018-10399,3066.0,3,2,16.0,Suburban,Unfurnished,Apartment,3,0,21.0,564509.0
401,HP-2019-10400,1084.0,5,4,5.0,Suburban,Unfurnished,Apartment,1,1,21.7,515025.0
402,HP-2020-10401,1780.0,5,2,10.0,Downtown,#Furnished,Studio,2,0,3.0,504305.0
403,HP-2021-10402,2204.0,5,4,29.0,Downtown,Semi-Furnished,Apartment,1,1,14.5,664535.0
404,HP-2022-10403,2233.0,4,3,45.0,Rural,Semi-Furnished,Studio,0,0,4.7,414323.0
405,HP-2023-10404,1885.0,5,2,3.0,Suburban,Semi-Furnished,Independent House,1,1,8.5,580248.0
406,HP-2024-10405,2636.0,2,2,3.0,Urban,Semi-Furnished,Studio,1,0,3.3,484117.0
407,HP-2018-10406,1453.0,3,2,14.0,Suburban,Furnished,Apartment,1,0,5.8,369058.0
408,HP-2019-10407,2100.0,3,2,6.0,Downtown,Semi-Furnished,Apartment,1,1,2.8,514605.0
409,HP-2020-10408,2284.0,5,2,0.0,Urban,,Apartment,2,1,0.5,611522.0
410,HP-2021-10409,2560.0,3,3,5.0,Urban,Semi-Furnished,Studio,0,1,1.2,566179.0
411,HP-2022-10410,2698.0,4,2,20.0,Downtown,semi-furnished,Apartment,1,1,2.7,604802.0
412,HP-2023-10411,1413.0,2,2,19.0,Downtown,Furnished,Independent House,2,1,29.9,386865.0
413,HP-2024-10412,1126.0,3,2,8.0,Urban,Semi-Furnished,Independent House,3,0,27.0,358581.0
414,HP-2018-10413,3094.0,4,2,8.0,Rural,Furnished,Studio,1,0,14.1,593635.0
415,HP-2019-10414,2433.0,2,2,10.0,Urban,Furnished,Apartment,2,1,2.1,515954.0
416,HP-2020-10415,1676.0,3,2,3.0,Urban,Unfurnished,Apartment,1,1,4.7,444302.0
417,HP-2021-10416,3286.0,3,2,9.0,Suburban,Semi-Furnished,Apartment,1,0,4.6,589029.0
418,HP-2022-10417,2281.0,3,1,,Rural,Semi-Furnished,Independent House,2,0,3.9,518202.0
419,HP-2023-10418,3026.0,4,4,8.0,Downtown,Unfurnished,Apartment,3,1,0.5,766936.0
420,HP-2024-10419,2247.0,3,1,5.0,Suburban,Semi-Furnished,Apartment,1,1,6.1,453641.0
421,HP-2018-10420,3643.0,3,2,13.0,Urban,Semi-Furnished,Villa,0,0,0.6,733539.0
422,HP-2019-10421,3429.0,2,1,12.0,Downtown,#Semi-Furnished,Apartment,0,0,13.0,543308.0
423,HP-2020-10422,2026.0,4,2,6.0,Suburban,Semi-Furnished,Independent House,1,1,9.4,558295.0
424,HP-2021-10423,7551.483024720002,3,2,,Rural,Semi-Furnished,Apartment,2,0,3.5,1290976.0635178285
425,HP-2022-10424,2652.0,4,3,3.0,Downtown,Unfurnished,Independent House,1,0,8.3,693724.0
426,HP-2023-10425,3158.0,4,2,12.0,Urban, Furnished,Apartment,1,0,2.1,633995.0
427,HP-2024-10426,1525.0,2,2,1.0,Downtown,,Villa,1,0,2.5,419397.0
428,HP-2018-10427,2680.0,5,4,1.0,Urban,Semi-Furnished,Apartment,2,0,3.0,747452.0
429,HP-2019-10428,2941.0,4,2,12.0,Rural,Furnished,Villa,0,0,12.8,628555.0
430,HP-2020-10429,969.0,3,3,17.0,Urban,UNFURNISHED,Apartment,2,0,1.9,349614.0
431,HP-2021-10430,1372.0,2,1,5.0,Urban,Furnished,Independent House,3,1,6.6,394390.0
432,HP-2022-10431,773.0,5,3,8.0,Suburban,Semi-Furnished,Studio,1,0,1.8,375843.0
433,HP-2023-10432,2011.0,4,3,35.0,Urban, Furnished,Apartment,2,0,2.7,514722.0
434,HP-2024-10433,7126.181188754117,2,1,35.0,Urban,Furnished,Apartment,2,0,2.1,849255.9185315857
435,HP-2018-10434,3252.0,3,2,4.0,Suburban,Semi_Furnished,Apartment,0,0,8.3,610535.0
436,HP-2019-10435,2252.0,4,3,20.0,Suburban,Semi-Furnished,Studio,1,0,6.0,540687.0
437,HP-2020-10436,3340.0,4,2,11.0,Suburban,Unfurnished,Apartment,2,1,10.2,667419.0
438,HP-2021-10437,1234.0,4,3,45.0,Rural,#Semi-Furnished,Studio,1,0,2.0,309174.0
439,HP-2022-10438,1008.0,3,2,8.0,Suburban,unfurnished,Apartment,1,0,0.5,318550.0
440,HP-2023-10439,2161.0,4,3,18.0,Rural,Unfurnished,Independent House,1,1,9.1,525688.0
441,HP-2024-10440,2469.0,3,2,18.0,Urban,Furnished,Independent House,2,0,1.0,565526.0
442,HP-2018-10441,2177.0,2,2,8.0,Urban,Furnished,Apartment,1,0,2.3,462004.0
443,HP-2019-10442,753.0,4,3,19.0,Downtown,Furnished,Independent House,1,1,2.9,422912.0
444,HP-2020-10443,2138.0,6,3,4.0,Urban,Semi-Furnished,Independent House,1,1,11.0,670206.0
445,HP-2021-10444,1287.0,3,2,2.0,Urban,Semi-Furnished,Villa,2,1,7.9,413187.0
446,HP-2022-10445,2669.0,3,1,7.0,Rural,,Independent House,0,0,1.6,495924.0
447,HP-2023-10446,2457.0,4,2,35.0,Suburban,Semi-Furnished,Villa,1,1,7.3,568680.0
448,HP-2024-10447,1542.0,3,2,8.0,Urban,Semi-Furnished,Villa,1,1,9.9,440965.0
449,HP-2018-10448,1840.0,5,2,12.0,Downtown,Semi-Furnished,Apartment,0,0,3.9,577991.0
450,HP-2019-10449,1459.0,4,3,12.0,Urban,Semi-Furnished,Apartment,1,1,2.3,485479.0
451,HP-2020-10450,2156.0,2,2,2.0,Suburban,Unfurnished,Apartment,2,0,9.1,450290.0
452,HP-2021-10451,2869.0,6,2,6.0,Urban,Semi-Furnished,Apartment,2,0,7.6,709630.0
453,HP-2022-10452,1510.0,4,2,15.0,Urban,Unfurnished,Villa,2,0,0.6,515036.0
454,HP-2023-10453,2553.0,5,2,43.0,Urban,Unfurnished,Independent House,1,0,8.8,578154.0
455,HP-2024-10454,1829.0,4,2,2.0,Rural,Semi-Furnished,Independent House,0,0,5.4,478395.0
456,HP-2018-10455,1645.0,5,3,6.0,Urban,Furnished,Villa,3,0,11.2,633260.0
457,HP-2019-10456,2125.0,2,1,1.0,Suburban,Furnished,Apartment,1,0,1.7,424684.0
458,HP-2020-10457,1475.0,3,1,3.0,Urban, Furnished,Apartment,2,1,2.4,397993.0
459,HP-2021-10458,1812.0,5,4,6.0,Suburban,Furnished,Independent House,3,0,6.3,655495.0
460,HP-2022-10459,1361.0,2,1,9.0,Suburban,Furnished,Apartment,2,1,5.3,309484.0
461,HP-2023-10460,3575.0,2,2,3.0,Suburban,Unfurnished,Villa,1,0,3.9,670736.0
462,HP-2024-10461,2225.0,4,2,3.0,Downtown,Semi-Furnished,Apartment,1,1,11.0,576235.0
463,HP-2018-10462,1710.0,5,3,18.0,Rural,Semi-Furnished,Independent House,0,0,6.7,515286.0
464,HP-2019-10463,2350.0,2,1,39.0,Urban,Furnished,Studio,2,1,9.9,356927.0
465,HP-2020-10464,2121.0,5,4,5.0,Urban,Semi-Furnished,Independent House,2,1,1.3,698335.0
466,HP-2021-10465,2045.0,4,2,14.0,Rural,#Semi-Furnished,Apartment,2,1,10.4,522354.0
467,HP-2022-10466,2630.0,3,2,4.0,Rural,Unfurnished,Apartment,0,0,5.0,527301.0
468,HP-2023-10467,2730.0,5,3,32.0,Suburban,Semi-Furnished,Apartment,2,0,0.5,638803.0
469,HP-2024-10468,1829.0,3,1,13.0,Suburban, Furnished,Villa,2,0,2.1,463127.0
470,HP-2018-10469,1797.0,2,1,19.0,Urban,Furnished,Apartment,0,0,0.5,321999.0
471,HP-2019-10470,2007.0,3,2,1.0,Suburban,Furnished,Apartment,1,0,4.9,442764.0
472,HP-2020-10471,589.0,3,1,11.0,Urban,Furnished,Villa,2,1,3.2,330826.0
473,HP-2021-10472,1139.0,3,1,9.0,Rural,unfurnished,Apartment,1,0,35.0,248662.0
474,HP-2022-10473,3157.0,4,2,4.0,Urban,furnished,Independent House,0,0,16.2,649590.0
475,HP-2023-10474,3351.0,4,3,4.0,Suburban,Furnished,Apartment,0,1,14.0,696519.0
476,HP-2024-10475,2026.0,4,2,10.0,Suburban,Semi-Furnished,Apartment,2,0,5.6,504452.0
477,HP-2018-10476,2604.0,4,3,15.0,Urban, Furnished,Independent House,1,0,13.2,637085.0
478,HP-2019-10477,2418.0,2,1,0.0,Suburban,Unfurnished,Apartment,1,1,2.5,444100.0
479,HP-2020-10478,4355.0,2,1,10.0,Rural,Unfurnished,Studio,2,0,6.6,643384.0
480,HP-2021-10479,2984.0,5,4,2.0,Suburban,Unfurnished,Apartment,2,1,4.0,765186.0
481,HP-2022-10480,2110.0,2,1,2.0,Rural,Semi-Furnished,Apartment,2,0,1.5,368521.0
482,HP-2023-10481,3738.4638209587956,2,1,12.0,Urban,Furnished,Apartment,1,0,0.6,688912.5734820915
483,HP-2024-10482,1075.0,4,1,4.0,Urban,Semi-Furnished,Apartment,1,1,6.5,374463.0
484,HP-2018-10483,2342.0,3,2,7.0,Rural,Semi-Furnished,Villa,2,1,0.8,545774.0
485,HP-2019-10484,1671.0,5,3,5.0,Urban,Furnished,Apartment,3,0,10.1,548237.0
486,HP-2020-10485,,3,2,13.0,Downtown,Furnished,Apartment,1,1,,417684.0
487,HP-2021-10486,1747.0,1,1,8.0,Suburban,semi-furnished,Apartment,1,0,1.4,274320.0
488,HP-2022-10487,1443.0,3,2,40.0,Suburban,furnished,Apartment,0,0,5.1,334644.0
489,HP-2023-10488,3381.0,4,2,5.0,Downtown,Semi-Furnished,Apartment,2,1,10.7,735050.0
490,HP-2024-10489,2817.0,3,3,16.0,Downtown,Semi-Furnished,Independent House,1,0,,617948.0
491,HP-2018-10490,2194.0,3,2,4.0,Rural,Unfurnished,Studio,0,1,20.3,446965.0
492,HP-2019-10491,3236.0,5,4,9.0,Urban,UNFURNISHED,Apartment,1,1,17.5,775502.0
493,HP-2020-10492,2254.0,5,3,10.0,Downtown,,Apartment,1,1,0.9,669906.0
494,HP-2021-10493,1597.0,3,2,5.0,Urban,Semi-Furnished,Villa,1,0,0.5,493049.0
495,HP-2022-10494,3266.0,3,1,8.0,Downtown,Semi-Furnished,Apartment,3,1,30.0,628714.0
496,HP-2023-10495,2577.0,3,2,4.0,Urban,Unfurnished,Apartment,2,1,25.1,545704.0
497,HP-2024-10496,1474.0,5,3,0.0,Suburban,semi-furnished,Independent House,0,0,4.4,552701.0
498,HP-2018-10497,2067.0,6,3,3.0,Urban,Furnished,Independent House,1,0,0.5,666803.0
499,HP-2019-10498,1587.0,2,1,14.0,Urban,,Apartment,0,1,7.7,304977.0
500,HP-2020-10499,1232.0,4,3,18.0,Downtown,Semi-Furnished,Apartment,2,0,2.8,416114.0
501,HP-2021-10500,2848.0,3,3,4.0,Urban,Unfurnished,Independent House,1,0,22.1,605902.0
502,HP-2022-10501,3537.0,1,1,6.0,Downtown,UNFURNISHED,Independent House,3,0,12.7,625033.0
503,HP-2023-10502,1221.0,1,2,0.0,Suburban,Semi-Furnished,Independent House,2,0,8.4,304632.0
504,HP-2024-10503,2594.0,3,1,3.0,Urban,UNFURNISHED,Independent House,1,0,2.7,536494.0
505,HP-2018-10504,1745.0,3,2,18.0,Suburban,Semi-Furnished,Apartment,2,0,9.7,391916.0
506,HP-2019-10505,1859.0,1,1,11.0,Rural,Semi-Furnished,Apartment,2,0,2.7,314370.0
507,HP-2020-10506,1785.0,4,2,3.0,Rural,SEMI-FURNISHED,Apartment,1,1,0.5,482600.0
508,HP-2021-10507,1595.0,3,2,4.0,Suburban,Semi-Furnished,Studio,1,0,5.7,383936.0
509,HP-2022-10508,2234.0,3,3,20.0,Urban,Semi-Furnished,Independent House,1,0,5.4,523764.0
510,HP-2023-10509,1618.0,3,1,3.0,Urban,Semi-Furnished,Villa,1,1,11.5,453560.0
511,HP-2024-10510,2389.0,2,1,5.0,Downtown,Unfurnished,Studio,1,1,16.1,448698.0
512,HP-2018-10511,2165.0,3,3,13.0,Downtown,#Semi-Furnished,Villa,1,0,3.5,573796.0
513,HP-2019-10512,2033.0,2,2,,Urban,Semi-Furnished,Independent House,1,0,4.8,450981.0
514,HP-2020-10513,1565.0,3,2,7.0,Suburban,Semi-Furnished,Independent House,0,0,5.1,397218.0
515,HP-2021-10514,1796.0,2,1,28.0,Downtown,Furnished,Apartment,3,0,3.1,371875.0
516,HP-2022-10515,,3,2,3.0,Suburban,Furnished,Studio,2,1,10.9,557167.0
517,HP-2023-10516,2551.0,2,1,16.0,Downtown,Semi-Furnished,Independent House,2,0,5.9,524630.0
518,HP-2024-10517,1516.0,4,3,2.0,Urban,Unfurnished,Apartment,1,0,19.6,477529.0
519,HP-2018-10518,2270.0,4,3,11.0,Downtown,Semi Furnished,Apartment,2,0,8.4,596858.0
520,HP-2019-10519,2726.0,2,3,25.0,Suburban,Semi-Furnished,Villa,3,0,1.9,564627.0
521,HP-2020-10520,1031.0,3,1,7.0,Suburban,Semi-Furnished,Apartment,1,0,1.4,293315.0
522,HP-2021-10521,2580.0,2,1,15.0,Suburban,Semi-Furnished,Apartment,2,1,3.7,441665.0
523,HP-2022-10522,1736.0,4,2,21.0,Suburban,Semi-Furnished,Apartment,1,1,3.4,417143.0
524,HP-2023-10523,2599.0,3,1,2.0,Suburban,Furnished,Villa,2,0,4.2,567717.0
525,HP-2024-10524,1666.0,3,2,15.0,Urban,Unfurnished,Apartment,2,0,1.6,410072.0
526,HP-2018-10525,937.0,3,2,30.0,Rural,Furnished,Villa,3,0,30.6,315276.0
527,HP-2019-10526,1061.0,5,3,10.0,Rural,Semi-Furnished,Villa,0,1,1.3,472449.0
528,HP-2020-10527,2234.0,3,3,2.0,Suburban,SEMI-FURNISHED,Studio,1,0,8.5,547813.0
529,HP-2021-10528,2382.0,4,3,2.0,Urban,Semi-Furnished,Independent House,0,1,0.5,630971.0
530,HP-2022-10529,1567.0,3,2,4.0,Urban,Unfurnished,Independent House,1,0,4.2,444464.0
531,HP-2023-10530,2647.0,5,3,1.0,Rural,Furnished,Apartment,1,0,3.0,633407.0
532,HP-2024-10531,1037.0,4,3,9.0,Rural,Unfurnished,Apartment,1,0,3.9,391101.0
533,HP-2018-10532,2154.0,3,3,1.0,Urban,Furnished,Independent House,2,0,5.5,562422.0
534,HP-2019-10533,1352.0,5,3,3.0,Downtown,Unfurnished,Apartment,1,1,7.3,520163.0
535,HP-2020-10534,1744.0,3,1,7.0,Suburban,FURNISHED,Independent House,2,0,,386817.0
536,HP-2021-10535,2233.0,5,3,8.0,Urban, Unfurnished,Apartment,1,1,8.0,633021.0
537,HP-2022-10536,1598.0,5,3,10.0,Suburban,Furnished,Apartment,1,0,14.9,510027.0
538,HP-2023-10537,1931.0,2,1,15.0,Downtown,Semi-Furnished,Studio,2,0,17.4,371539.0
539,HP-2024-10538,2904.0,4,3,1.0,Urban,Semi-Furnished,Independent House,2,0,10.7,697216.0
540,HP-2018-10539,1796.0,3,2,1.0,Urban,Semi-Furnished,Independent House,0,0,0.7,470304.0
541,HP-2019-10540,2785.0,3,2,1.0,Urban,Semi-Furnished,Apartment,2,1,26.0,596845.0
542,HP-2020-10541,1409.0,3,1,7.0,Rural,Semi-Furnished,Apartment,1,0,23.6,303511.0
543,HP-2021-10542,,4,3,1.0,Suburban,Semi-Furnished,Apartment,2,0,10.0,631672.0
544,HP-2022-10543,3209.0,2,2,16.0,Suburban,SEMI-FURNISHED,Apartment,2,0,5.8,553367.0
545,HP-2023-10544,500.0,1,1,3.0,Downtown,Semi-Furnished,Independent House,1,0,2.3,212094.0
546,HP-2024-10545,1642.0,4,3,34.0,Rural,Semi-Furnished,Apartment,3,1,11.3,441765.0
547,HP-2018-10546,2604.0,2,2,8.0,Urban,Furnished,Apartment,2,1,16.8,538051.0
548,HP-2019-10547,2058.0,2,1,7.0,Urban,#Unfurnished,Independent House,3,0,,463201.0
549,HP-2020-10548,,2,1,73.21680107320512,Urban,Unfurnished,Apartment,2,1,7.9,395627.1800819364
550,HP-2021-10549,1777.0,3,1,15.0,Rural,FURNISHED,Villa,2,1,1.7,434753.0
551,HP-2022-10550,2261.0,3,2,11.0,Suburban,Semi-Furnished,Villa,1,0,3.5,515230.0
552,HP-2023-10551,2091.0,1,1,33.0,Downtown,Semi-Furnished,Apartment,1,0,10.3,342617.0
553,HP-2024-10552,3017.0,6,4,7.0,Urban,Semi-Furnished,Independent House,3,0,0.5,806052.0
554,HP-2018-10553,2378.0,4,2,20.0,Suburban,Furnished,Studio,2,0,8.2,532454.0
555,HP-2019-10554,2436.0,3,1,6.0,Urban,Unfurnished,Villa,1,0,11.6,561616.0
556,HP-2020-10555,1912.0,3,3,22.0,Suburban,Unfurnished,Apartment,1,0,3.3,430563.0
557,HP-2021-10556,1859.0,3,2,4.0,Urban,Furnished,Apartment,2,0,0.6,487086.0
558,HP-2022-10557,1897.0,4,2,4.0,Suburban,Unfurnished,Apartment,1,1,13.7,499947.0
559,HP-2023-10558,2476.0,2,1,14.0,Downtown,Unfurnished,Independent House,0,0,1.2,495018.0
560,HP-2024-10559,1905.0,2,1,3.0,Rural,Semi-Furnished,Apartment,0,1,3.7,355115.0
561,HP-2018-10560,2403.0,5,4,3.0,Urban,Furnished,Independent House,2,1,9.8,732118.0
562,HP-2019-10561,3653.0,3,2,4.0,Downtown,FURNISHED,Villa,1,1,13.6,747948.0
563,HP-2020-10562,2810.0,3,3,14.0,Rural,Semi-Furnished,Villa,1,0,15.9,606921.0
564,HP-2021-10563,1972.0,5,3,26.0,Urban,Semi-Furnished,Apartment,2,0,6.0,538922.0
565,HP-2022-10564,3041.0,4,2,13.0,Suburban,Semi-Furnished,Apartment,2,0,5.2,618065.0
566,HP-2023-10565,1914.0,3,2,21.0,Suburban,UNFURNISHED,Villa,1,1,15.1,466030.0
567,HP-2024-10566,,4,3,9.0,Urban,Unfurnished,Apartment,0,1,6.6,370871.0
568,HP-2018-10567,1494.0,1,1,1.0,Urban,Unfurnished,Villa,1,0,6.9,376402.0
569,HP-2019-10568,890.0,4,2,1.0,Urban,Unfurnished,Apartment,2,0,4.6,356968.0
570,HP-2020-10569,1954.0,3,1,10.0,Suburban,Semi-Furnished,Studio,0,1,3.7,401046.0
571,HP-2021-10570,2213.0,4,3,5.0,Urban,Furnished,Independent House,1,1,5.2,595658.0
572,HP-2022-10571,,6,2,3.0,Urban,Furnished,Apartment,2,1,3.6,825767.0
573,HP-2023-10572,2429.0,5,2,8.0,Downtown,Furnished,Independent House,3,1,3.4,694010.0
574,HP-2024-10573,2047.0,5,3,13.0,Suburban,Semi-Furnished,Studio,1,0,40.5,482976.0
575,HP-2018-10574,2781.0,3,1,6.0,Urban,Semi-Furnished,Apartment,0,1,3.3,551784.0
576,HP-2019-10575,652.0,3,1,19.0,Suburban,Furnished,Apartment,1,1,2.4,224874.0
577,HP-2020-10576,2365.0,3,3,16.0,Rural,Un-furnished,Independent House,1,1,3.5,544584.0
578,HP-2021-10577,2740.0,4,3,16.0,Urban,Unfurnished,Villa,1,0,7.1,654098.0
579,HP-2022-10578,1165.0,5,4,51.0,Urban,Furnished,Apartment,1,1,19.4,450347.0
580,HP-2023-10579,3001.0,2,1,4.0,Urban,,Apartment,1,1,12.4,499817.0
581,HP-2024-10580,2437.0,5,5,12.0,Urban,,Apartment,0,0,14.8,662354.0
582,HP-2018-10581,1909.0,4,2,23.0,Suburban,Semi-Furnished,Apartment,2,0,15.7,429164.0
583,HP-2019-10582,2643.0,6,5,10.0,Rural,Unfurnished,Apartment,2,1,20.3,747147.0
584,HP-2020-10583,3789.0,5,3,19.0,Suburban,Semi-Furnished,Apartment,1,1,2.1,784615.0
585,HP-2021-10584,2327.0,3,1,6.0,Suburban,Furnished,Independent House,3,0,4.9,503981.0
586,HP-2022-10585,2374.0,2,1,11.0,Suburban,Semi-Furnished,Villa,2,1,3.9,488762.0
587,HP-2023-10586,1878.0,2,1,1.0,Urban,semi-furnished,Independent House,3,0,3.8,409288.0
588,HP-2024-10587,1605.0,3,1,51.0,Urban,Unfurnished,Apartment,1,1,8.5,311086.0
589,HP-2018-10588,2781.0,4,2,19.0,Downtown,Semi-Furnished,Villa,1,1,4.1,660188.0
590,HP-2019-10589,1601.0,4,2,24.0,Suburban,Unfurnished,Independent House,1,0,,403023.0
591,HP-2020-10590,2250.0,5,3,14.0,Urban,Furnished,Studio,1,1,3.9,609057.0
592,HP-2021-10591,1866.0,4,1,2.0,Urban,Furnished,Independent House,1,0,3.0,476977.0
593,HP-2022-10592,2535.0,1,1,0.0,Suburban,SEMI-FURNISHED,Apartment,2,1,3.5,465628.0
594,HP-2023-10593,2434.0,2,1,24.0,Downtown,Unfurnished,Independent House,0,0,13.0,478038.0
595,HP-2024-10594,2926.0,2,1,6.0,Suburban,Semi-Furnished,Apartment,2,0,7.4,518862.0
596,HP-2018-10595,1843.0,3,2,4.0,Downtown,Unfurnished,Studio,1,1,29.2,423666.0
597,HP-2019-10596,2011.0,3,2,10.0,Suburban,Furnished,Villa,2,1,14.3,557749.0
598,HP-2020-10597,1515.0,1,1,7.0,Urban,Furnished,Villa,1,0,5.3,304236.0
599,HP-2021-10598,1889.0,3,2,13.0,Rural,Furnished,Independent House,3,0,2.2,438296.0
600,HP-2022-10599,2464.0,2,1,8.0,Urban,Semi-Furnished,Apartment,1,0,9.0,461818.0
601,HP-2023-10600,2730.0,4,2,14.0,Urban,Unfurnished,Independent House,3,1,10.4,659925.0
602,HP-2024-10601,1554.0,3,2,23.0,Downtown,Semi-Furnished,Independent House,0,0,5.0,408067.0
603,HP-2018-10602,2809.0,3,2,3.0,Urban,Furnished,Apartment,2,0,2.1,574738.0
604,HP-2019-10603,3149.0,3,1,5.0,Suburban,Semi-Furnished,Independent House,1,1,6.5,609643.0
605,HP-2020-10604,2489.0,6,4,7.0,Rural,#Furnished,Villa,2,1,,768334.0
606,HP-2021-10605,3514.0,2,1,39.0,Suburban,Semi-Furnished,Apartment,2,0,22.5,497920.0
607,HP-2022-10606,1658.0,3,2,5.0,Urban,Furnished,Apartment,2,1,7.9,475274.0
608,HP-2023-10607,1329.0,4,3,6.0,Suburban,Unfurnished,Studio,0,1,2.8,414145.0
609,HP-2024-10608,955.0,3,2,13.0,Downtown,Unfurnished,Apartment,2,0,1.9,376436.0
610,HP-2018-10609,3247.0,5,3,7.0,Suburban,Semi-Furnished,Apartment,1,1,10.1,744727.0
611,HP-2019-10610,2658.0,3,1,36.0,Suburban,Furnished,Apartment,0,1,9.8,471265.0
612,HP-2020-10611,2161.0,3,2,27.0,Rural,FURNISHED,Independent House,1,0,7.3,416852.0
613,HP-2021-10612,2396.0,2,1,9.0,Rural,Furnished,Studio,1,0,7.6,400944.0
614,HP-2022-10613,1412.0,4,3,12.0,Suburban,Semi-Furnished,Apartment,2,1,7.4,476167.0
615,HP-2023-10614,3912.0,3,1,1.0,Urban,Furnished,Studio,1,0,3.6,662531.0
616,HP-2024-10615,2290.0,2,1,14.0,Downtown,Unfurnished,Apartment,0,0,22.2,428783.0
617,HP-2018-10616,2277.0,3,2,15.0,Urban,Unfurnished,Independent House,2,0,5.2,498692.0
618,HP-2019-10617,2708.0,3,2,5.0,Downtown,Furnished,Apartment,3,0,0.5,593047.0
619,HP-2020-10618,2537.0,2,1,3.0,Suburban,Semi-Furnished,Independent House,2,0,3.4,512358.0
620,HP-2021-10619,2357.0,4,3,30.0,Downtown,Semi-Furnished,Studio,2,0,1.1,553144.0
621,HP-2022-10620,1647.0,4,1,7.0,Suburban,Semi_Furnished,Apartment,1,0,3.6,409514.0
622,HP-2023-10621,2530.0,2,2,13.0,Rural,Furnished,Apartment,2,0,7.5,478032.0
623,HP-2024-10622,3517.0,3,1,0.0,Urban, Furnished,Independent House,3,0,0.5,658597.0
624,HP-2018-10623,3142.0,4,4,6.0,Urban,Unfurnished,Apartment,1,1,16.3,723792.0
625,HP-2019-10624,3315.0,3,1,20.0,Downtown,Furnished,Apartment,1,1,7.5,613011.0
626,HP-2020-10625,1842.0,3,2,6.0,Suburban,semi-furnished,Studio,2,0,2.8,405799.0
627,HP-2021-10626,1507.0,3,2,11.0,Suburban,#Unfurnished,Independent House,3,1,3.0,465145.0
628,HP-2022-10627,2112.0,4,2,3.0,Rural,Semi-Furnished,Apartment,0,1,5.0,485279.0
629,HP-2023-10628,2239.0,5,3,6.0,Suburban,Unfurnished,Studio,1,1,2.3,579044.0
630,HP-2024-10629,2966.0,4,3,32.0,Downtown,Semi-Furnished,Apartment,2,0,0.5,608030.0
631,HP-2018-10630,1015.0,2,1,10.0,Urban,Semi-Furnished,Villa,1,0,0.5,342493.0
632,HP-2019-10631,3271.0,3,1,28.0,Downtown,Unfurnished,Apartment,1,1,3.5,591752.0
633,HP-2020-10632,2089.0,5,3,28.0,Suburban,,Apartment,2,0,1.1,544284.0
634,HP-2021-10633,1901.0,2,1,35.0,Suburban,Unfurnished,Independent House,1,1,0.5,356842.0
635,HP-2022-10634,1492.0,6,3,27.0,Downtown,Semi-Furnished,Independent House,1,0,15.7,583709.0
636,HP-2023-10635,1042.0,5,5,0.0,Suburban,Unfurnished,Independent House,3,1,2.6,609152.0
637,HP-2024-10636,2776.0,2,1,33.0,Rural,Furnished,Apartment,2,0,5.6,387256.0
638,HP-2018-10637,2251.0,5,4,2.0,Downtown,Furnished,Apartment,2,0,1.6,678257.0
639,HP-2019-10638,1297.0,3,1,0.0,Downtown,Furnished,Independent House,2,1,0.5,411727.0
640,HP-2020-10639,1293.0,5,3,1.0,Suburban,Furnished,Studio,2,0,10.9,462454.0
641,HP-2021-10640,1965.0,3,2,5.0,Suburban,UNFURNISHED,Independent House,2,0,1.1,487821.0
642,HP-2022-10641,3368.0,3,2,12.0,Urban,Furnished,Apartment,1,0,0.5,607854.0
643,HP-2023-10642,2018.0,4,2,6.0,Urban,SEMI-FURNISHED,Independent House,2,0,7.1,554786.0
644,HP-2024-10643,1148.0,4,4,0.0,Urban,Semi-Furnished,Independent House,1,0,0.5,499705.0
645,HP-2018-10644,2028.0,1,1,8.0,Rural,Semi-Furnished,Apartment,2,1,4.6,354149.0
646,HP-2019-10645,2009.0,4,3,7.0,Urban,Unfurnished,Independent House,1,1,2.7,588685.0
647,HP-2020-10646,500.0,2,1,17.0,Downtown,Furnished,Independent House,1,1,3.1,214718.0
648,HP-2021-10647,2162.0,3,1,4.0,Suburban,Furnished,Apartment,1,0,0.5,458473.0
649,HP-2022-10648,2038.0,3,2,3.0,Suburban,Furnished,Independent House,2,0,26.7,455389.0
650,HP-2023-10649,2687.0,3,2,4.0,Suburban,Furnished,Independent House,3,1,5.8,581723.0
651,HP-2024-10650,3494.0,3,2,4.0,Urban,Semi-Furnished,Studio,3,1,6.8,669198.0
652,HP-2018-10651,2989.0,2,3,11.0,Rural,Unfurnished,Apartment,1,1,8.8,548718.0
653,HP-2019-10652,2012.0,2,1,8.0,Rural,Semi-Furnished,Independent House,1,0,12.8,348078.0
654,HP-2020-10653,1425.0,1,1,5.0,Suburban,Semi-Furnished,Apartment,0,1,7.5,263840.0
655,HP-2021-10654,4001.0,3,2,6.0,Rural,Unfurnished,Independent House,1,0,11.5,715378.0
656,HP-2022-10655,2241.0,6,4,6.0,Urban,Unfurnished,Apartment,2,0,4.8,694904.0
657,HP-2023-10656,2210.0,2,1,43.0,Urban,Unfurnished,Apartment,3,1,3.7,356187.0
658,HP-2024-10657,2183.0,5,3,3.0,Suburban,Unfurnished,Apartment,1,0,13.9,590470.0
659,HP-2018-10658,2339.0,4,2,20.0,Downtown,Semi-Furnished,Independent House,1,0,16.0,579821.0
660,HP-2019-10659,2099.0,4,1,15.0,Urban,Furnished,Independent House,1,1,1.2,498551.0
661,HP-2020-10660,1798.0,4,2,0.0,Suburban,Semi-Furnished,Villa,1,1,6.3,531710.0
662,HP-2021-10661,1817.0,5,2,60.0,Urban,Furnished,Independent House,2,1,9.2,494102.0
663,HP-2022-10662,2177.0,2,2,17.0,Rural,Furnished,Independent House,2,0,0.7,464220.0
664,HP-2023-10663,1820.0,3,2,14.0,Downtown,Unfurnished,Apartment,2,0,21.2,440325.0
665,HP-2024-10664,1701.0,4,3,6.0,Suburban,Semi-Furnished,Villa,1,0,5.9,536928.0
666,HP-2018-10665,2275.0,4,3,10.0,Rural,Semi-Furnished,Apartment,1,1,8.3,550848.0
667,HP-2019-10666,2022.0,5,3,4.0,Urban,Semi-Furnished,Apartment,1,0,1.6,617634.0
668,HP-2020-10667,3253.0,2,2,0.0,Suburban,Semi-Furnished,Apartment,0,0,2.5,561339.0
669,HP-2021-10668,500.0,4,2,22.0,Urban,Semi-Furnished,Villa,2,0,1.0,348788.0
670,HP-2022-10669,2964.0,3,2,27.0,Urban,Unfurnished,Independent House,2,0,2.5,586285.0
671,HP-2023-10670,3072.0,3,2,61.58867889081192,Urban,Unfurnished,Villa,2,1,5.4,641346.5294986526
672,HP-2024-10671,749.0,3,1,19.0,Urban,Furnished,Apartment,0,0,14.3,248650.0
673,HP-2018-10672,1960.0,4,4,16.0,Rural,#Furnished,Independent House,2,1,6.1,572210.0
674,HP-2019-10673,1940.0,5,3,2.0,Suburban,Semi-Furnished,Independent House,0,0,2.2,554309.0
675,HP-2020-10674,1215.0,3,2,7.0,Urban,Semi-Furnished,Apartment,0,0,0.5,359696.0
676,HP-2021-10675,1656.0,5,4,7.0,Suburban,Unfurnished,Apartment,1,1,7.8,594581.0
677,HP-2022-10676,1423.0,3,2,17.0,Downtown,Unfurnished,Apartment,1,1,4.4,413387.0
678,HP-2023-10677,3427.0,2,1,22.0,Rural,Unfurnished,Independent House,2,1,33.3,571812.0
679,HP-2024-10678,2855.0,2,1,1.0,Suburban,Unfurnished,Apartment,2,1,12.1,503377.0
680,HP-2018-10679,3090.0,2,1,10.0,Downtown,,Apartment,1,0,13.2,558211.0
681,HP-2019-10680,2705.0,3,1,17.0,Suburban,Furnished,Apartment,1,0,0.5,518269.0
682,HP-2020-10681,1410.0,3,2,,Urban, Unfurnished,Independent House,1,0,12.0,389991.0
683,HP-2021-10682,1833.0,4,3,2.0,Suburban,Semi-Furnished,Apartment,0,1,1.7,512760.0
684,HP-2022-10683,2543.0,4,3,9.0,Suburban,Un-furnished,Villa,1,0,7.1,667800.0
685,HP-2023-10684,1345.0,2,1,23.0,Suburban,Unfurnished,Apartment,2,0,4.7,278941.0
686,HP-2024-10685,2699.0,2,1,5.0,Downtown,Furnished,Apartment,1,1,6.8,536922.0
687,HP-2018-10686,2032.0,3,2,7.0,Suburban,Unfurnished,Independent House,2,0,1.1,502006.0
688,HP-2019-10687,1938.0,3,3,20.0,Rural,Semi-Furnished,Studio,1,0,4.9,410096.0
689,HP-2020-10688,2698.0,2,2,,Rural,Unfurnished,Studio,1,0,0.5,472893.0
690,HP-2021-10689,2511.0,2,1,24.0,Suburban,Semi-Furnished,Apartment,1,1,0.5,423394.0
691,HP-2022-10690,1947.0,5,4,4.0,Suburban,Furnished,Apartment,2,1,8.6,622375.0
692,HP-2023-10691,3012.0,4,4,0.0,Suburban,Furnished,Independent House,1,0,24.2,708588.0
693,HP-2024-10692,1443.0,2,1,3.0,Suburban,Semi-Furnished,Apartment,0,0,12.0,299951.0
694,HP-2018-10693,2631.0,3,1,1.0,Rural,Semi-Furnished,Independent House,3,0,5.1,523371.0
695,HP-2019-10694,2615.0,3,1,1.0,Urban,Furnished,Apartment,0,0,0.5,505371.0
696,HP-2020-10695,1983.0,4,3,14.0,Suburban,Semi-Furnished,Independent House,3,0,0.5,568655.0
697,HP-2021-10696,7178.662279926301,3,1,3.0,Urban,Semi_Furnished,Studio,0,0,1.4,944056.7118495848
698,HP-2022-10697,1324.0,2,1,33.0,Downtown,Unfurnished,Apartment,2,1,29.8,270161.0
699,HP-2023-10698,2847.0,4,3,9.0,Urban,Semi-Furnished,Independent House,1,0,4.1,702004.0
700,HP-2024-10699,2071.0,3,3,7.0,Rural,Semi-Furnished,Apartment,1,1,14.8,463531.0
701,HP-2018-10700,1834.0,3,3,7.0,Suburban,Semi-Furnished,Apartment,0,0,9.8,454872.0
702,HP-2019-10701,2934.0,3,2,14.0,Rural,Semi-Furnished,Independent House,1,0,7.4,575799.0
703,HP-2020-10702,1707.0,3,1,7.0,Rural,Unfurnished,Studio,2,0,23.6,333033.0
704,HP-2021-10703,1214.0,3,2,2.0,Downtown,Semi-Furnished,Studio,2,1,2.1,421121.0
705,HP-2022-10704,1110.0,2,2,25.0,Suburban,Semi-Furnished,Independent House,1,1,4.9,333181.0
706,HP-2023-10705,2624.0,3,2,7.0,Urban,SEMI-FURNISHED,Independent House,1,0,16.0,546406.0
707,HP-2024-10706,1304.0,1,1,1.0,Rural,,Apartment,0,0,6.4,185008.0
708,HP-2018-10707,3428.0,4,2,9.0,Downtown,Furnished,Villa,2,1,2.3,786565.0
709,HP-2019-10708,743.0,2,1,13.0,Urban,Semi-Furnished,Apartment,1,1,,217787.0
710,HP-2020-10709,3388.0,1,1,4.0,Suburban,Semi-Furnished,Independent House,0,1,11.2,542292.0
711,HP-2021-10710,2348.0,4,2,19.0,Urban,Semi-Furnished,Independent House,2,0,0.5,606341.0
712,HP-2022-10711,2132.0,4,2,13.0,Downtown,unfurnished,Independent House,1,1,19.6,614659.0
713,HP-2023-10712,1819.0,4,4,13.0,Urban,#Unfurnished,Apartment,0,0,0.5,516553.0
714,HP-2024-10713,2479.0,3,2,7.0,Downtown,Semi-Furnished,Independent House,0,0,8.0,571507.0
715,HP-2018-10714,2174.0,2,2,39.0,Downtown,Furnished,Independent House,2,0,7.4,448391.0
716,HP-2019-10715,2972.0,4,1,4.0,Urban,Furnished,Apartment,0,0,6.9,604174.0
717,HP-2020-10716,2280.0,4,2,10.0,Rural,Furnished,Apartment,2,0,5.1,487141.0
718,HP-2021-10717,2305.0,2,1,4.0,Downtown,Unfurnished,Independent House,1,0,15.3,499924.0
719,HP-2022-10718,1945.0,5,2,,Suburban,Unfurnished,Studio,0,0,8.6,494545.0
720,HP-2023-10719,2160.0,2,1,1.0,Rural,Furnished,Apartment,2,1,12.2,396379.0
721,HP-2024-10720,2415.0,6,3,1.0,Rural,Semi-Furnished,Apartment,1,1,1.0,694404.0
722,HP-2018-10721,1003.0,5,3,20.0,Downtown,Semi-Furnished,Apartment,1,0,0.5,426986.0
723,HP-2019-10722,1256.0,4,4,7.0,Urban,Furnished,Studio,1,0,0.5,428751.0
724,HP-2020-10723,2720.0,5,3,5.0,Suburban,Semi-Furnished,Villa,0,0,1.3,722197.0
725,HP-2021-10724,2320.0,4,3,11.0,Rural,Unfurnished,Independent House,2,0,8.8,581642.0
726,HP-2022-10725,2071.0,2,2,15.0,Suburban,Unfurnished,Apartment,1,0,5.5,398331.0
727,HP-2023-10726,2213.0,3,2,3.0,Suburban,Unfurnished,Apartment,2,0,11.2,506142.0
728,HP-2024-10727,2443.0,2,1,2.0,Rural,Furnished,Villa,2,0,1.7,482625.0
729,HP-2018-10728,1822.0,3,2,38.0,Urban,Semi-Furnished,Studio,2,1,3.7,412809.0
730,HP-2019-10729,1655.0,4,3,11.0,Urban,Unfurnished,Apartment,2,1,17.5,513786.0
731,HP-2020-10730,2337.0,3,2,6.0,Rural,furnished,Studio,2,1,22.0,497741.0
732,HP-2021-10731,1515.0,3,2,19.0,Urban,Semi-Furnished,Apartment,1,0,20.4,335478.0
733,HP-2022-10732,2486.0,4,2,9.0,Urban,Semi-Furnished,Apartment,1,1,13.6,565986.0
734,HP-2023-10733,1008.0,5,3,3.0,Rural,,Studio,0,0,9.3,376958.0
735,HP-2024-10734,2920.0,1,1,3.0,Downtown,Semi-Furnished,Independent House,2,0,19.6,535545.0
736,HP-2018-10735,2531.0,3,2,6.0,Suburban,Furnished,Villa,2,1,10.0,626545.0
737,HP-2019-10736,,2,1,24.0,Downtown,Un-furnished,Studio,1,1,24.6,401233.0
738,HP-2020-10737,8623.82192916181,4,2,1.0,Urban,FURNISHED,Independent House,2,1,0.5,1454736.869397648
739,HP-2021-10738,3366.0,2,2,3.0,Suburban,Semi-Furnished,Apartment,1,0,20.4,603805.0
740,HP-2022-10739,2910.0,4,2,27.0,Suburban,Unfurnished,Independent House,1,1,6.5,622722.0
741,HP-2023-10740,911.0,3,2,2.0,Urban,Unfurnished,Independent House,0,1,0.9,386646.0
742,HP-2024-10741,1304.0,2,1,12.0,Downtown,Semi-Furnished,Villa,1,0,1.9,339511.0
743,HP-2018-10742,1763.0,5,3,3.0,Urban,furnished,Independent House,2,0,15.3,615205.0
744,HP-2019-10743,2218.0,1,1,11.0,Urban,furnished,Villa,0,0,5.6,417122.0
745,HP-2020-10744,2562.0,3,1,6.0,Urban,Unfurnished,Studio,1,0,32.5,512066.0
746,HP-2021-10745,1692.0,1,1,1.0,Suburban,Unfurnished,Villa,3,1,1.0,382945.0
747,HP-2022-10746,2331.0,3,2,10.0,Rural,Furnished ,Villa,2,0,4.3,545702.0
748,HP-2023-10747,1671.0,3,2,14.0,Suburban,Un-furnished,Independent House,1,1,3.2,455010.0
749,HP-2024-10748,1772.0,3,2,14.0,Urban,Furnished,Independent House,1,1,5.8,422912.0
750,HP-2018-10749,1215.0,2,1,12.0,Urban,Furnished,Studio,0,0,8.0,282143.0
751,HP-2019-10750,1554.0,3,2,8.0,Suburban,Semi-Furnished,Independent House,3,0,8.7,445166.0
752,HP-2020-10751,1254.0,4,2,9.0,Urban,Furnished,Villa,3,0,0.5,460470.0
753,HP-2021-10752,1517.0,4,3,12.0,Urban,semi-furnished,Independent House,2,0,0.7,516635.0
754,HP-2022-10753,2938.0,3,2,14.0,Downtown,Semi-Furnished,Independent House,0,0,0.5,627841.0
755,HP-2023-10754,1535.0,4,2,13.0,Downtown,,Independent House,1,0,16.0,474332.0
756,HP-2024-10755,4043.0,2,1,11.0,Rural,semi-furnished,Villa,1,1,3.0,681361.0
757,HP-2018-10756,2545.0,3,3,2.0,Downtown, Furnished,Apartment,1,1,3.7,612696.0
758,HP-2019-10757,2329.0,2,2,3.0,Suburban,Unfurnished,Apartment,1,1,4.8,487554.0
759,HP-2020-10758,1599.0,2,2,4.0,Downtown,Semi-Furnished,Apartment,2,1,15.1,425856.0
760,HP-2021-10759,2690.0,2,2,30.0,Suburban,Unfurnished,Apartment,1,1,0.5,474403.0
761,HP-2022-10760,1797.0,3,3,17.0,Urban,Furnished,Apartment,0,0,1.0,453226.0
762,HP-2023-10761,2285.0,3,2,10.0,Suburban,Unfurnished,Apartment,2,0,9.2,482483.0
763,HP-2024-10762,3992.0,5,3,3.0,Urban,,Studio,1,1,26.6,806106.0
764,HP-2018-10763,5179.435878696387,2,2,1.0,Urban,Semi_Furnished,Studio,2,1,8.2,1026884.9426264927
765,HP-2019-10764,3004.0,4,2,27.0,Urban,Semi Furnished,Independent House,1,0,2.4,621538.0
766,HP-2020-10765,1708.0,4,1,27.0,Rural,Semi-Furnished,Apartment,1,0,5.9,348210.0
767,HP-2021-10766,2176.0,3,2,1.0,Downtown,Semi-Furnished,Apartment,0,0,29.5,445987.0
768,HP-2022-10767,3440.0,3,2,19.0,Suburban,Furnished,Independent House,3,0,6.0,652241.0
769,HP-2023-10768,1761.0,3,1,7.0,Urban,Unfurnished,Apartment,2,0,3.7,426139.0
770,HP-2024-10769,3469.0,1,1,5.0,Urban,Unfurnished,Apartment,1,0,3.9,567476.0
771,HP-2018-10770,2695.0,3,1,16.0,Suburban,Furnished,Apartment,0,1,27.3,486011.0
772,HP-2019-10771,1806.0,4,2,11.0,Suburban,Unfurnished,Independent House,2,1,10.2,483481.0
773,HP-2020-10772,2643.0,1,1,18.0,Downtown,Furnished,Apartment,1,1,9.3,442035.0
774,HP-2021-10773,2881.0,2,1,1.0,Urban,Unfurnished,Apartment,3,0,2.1,515052.0
775,HP-2022-10774,2635.0,4,3,5.0,Suburban,Semi-Furnished,Studio,3,0,6.6,637979.0
776,HP-2023-10775,1101.0,4,2,5.0,Rural,Semi-Furnished,Villa,2,0,3.5,422009.0
777,HP-2024-10776,1691.0,3,1,5.0,Urban,Semi-Furnished,Apartment,3,1,2.2,421953.0
778,HP-2018-10777,2027.0,4,3,8.0,Suburban,Semi-Furnished,Apartment,0,0,18.1,521431.0
779,HP-2019-10778,,3,2,4.0,Urban,Semi-Furnished,Independent House,1,0,3.9,520826.0
780,HP-2020-10779,2634.0,2,1,7.0,Urban,Semi-Furnished,Apartment,1,0,2.7,495680.0
781,HP-2021-10780,2324.0,3,2,6.0,Downtown,Unfurnished,Independent House,0,0,21.5,516754.0
782,HP-2022-10781,1265.0,4,3,16.0,Downtown,Furnished,Apartment,3,0,1.8,468632.0
783,HP-2023-10782,6540.1408863814995,5,4,11.0,Suburban,Semi-Furnished,Apartment,0,1,10.9,1521161.9233044344
784,HP-2024-10783,2627.0,2,1,13.0,Suburban,,Apartment,2,0,8.5,403338.0
785,HP-2018-10784,2592.0,3,2,3.0,Downtown,Semi-Furnished,Apartment,2,0,20.3,552002.0
786,HP-2019-10785,2957.0,3,1,5.0,Urban,Furnished,Studio,1,0,14.3,522491.0
787,HP-2020-10786,2784.0,3,1,0.0,Urban,Furnished,Villa,0,1,9.8,612094.0
788,HP-2021-10787,2521.0,1,1,1.0,Rural,Furnished,Studio,0,0,3.0,361647.0
789,HP-2022-10788,2151.0,3,3,4.0,Downtown,Semi-Furnished,Independent House,1,1,5.5,592809.0
790,HP-2023-10789,1037.0,4,2,1.0,Downtown,Semi-Furnished,Independent House,1,0,23.1,422999.0
791,HP-2024-10790,2501.0,3,2,11.0,Suburban,Semi-Furnished,Apartment,1,0,0.5,531533.0
792,HP-2018-10791,2345.0,3,3,60.0,Urban,Semi-Furnished,Independent House,1,0,12.7,508413.0
793,HP-2019-10792,2390.0,3,1,1.0,Rural,Semi-Furnished,Studio,2,0,2.3,423820.0
794,HP-2020-10793,1306.0,3,3,21.0,Suburban,Unfurnished,Apartment,1,1,1.6,383984.0
795,HP-2021-10794,1443.0,3,2,2.0,Urban,Semi-Furnished,Apartment,1,1,2.1,439654.0
796,HP-2022-10795,2937.0,5,3,13.0,Suburban,Semi-Furnished,Apartment,2,1,0.5,690307.0
797,HP-2023-10796,2172.0,6,3,12.0,Urban,Semi-Furnished,Villa,1,0,38.6,672057.0
798,HP-2024-10797,2677.0,3,1,28.0,Urban,Unfurnished,Independent House,1,0,16.3,497103.0
799,HP-2018-10798,2220.0,3,2,1.0,Urban,furnished,Studio,2,1,5.9,489428.0
800,HP-2019-10799,2221.0,5,4,5.0,Urban,Semi-Furnished,Apartment,3,0,10.0,639428.0
801,HP-2020-10800,2857.0,3,2,1.0,Urban,Furnished ,Studio,3,1,6.5,553283.0
802,HP-2021-10801,1839.0,3,3,6.0,Urban,Furnished,Apartment,0,1,13.4,481198.0
803,HP-2022-10802,2267.0,2,1,29.0,Urban,Furnished,Apartment,1,0,14.9,382273.0
804,HP-2023-10803,1876.0,4,2,18.0,Urban,Semi-Furnished,Apartment,0,0,,449457.0
805,HP-2024-10804,1896.0,3,1,15.0,Urban,Semi-Furnished,Apartment,3,1,4.9,432033.0
806,HP-2018-10805,1984.0,4,2,9.0,Urban,SEMI-FURNISHED,Apartment,1,0,8.1,473470.0
807,HP-2019-10806,2355.0,4,1,26.0,Suburban,Furnished,Independent House,1,0,30.7,487306.0
808,HP-2020-10807,1865.0,2,1,7.0,Suburban,Unfurnished,Villa,2,0,9.2,414359.0
809,HP-2021-10808,3079.0,4,2,2.0,Urban,Furnished,Studio,3,0,18.2,655161.0
810,HP-2022-10809,1574.0,4,2,22.0,Urban,Unfurnished,Independent House,2,1,15.0,463722.0
811,HP-2023-10810,2069.0,3,2,4.0,Rural,Furnished,Apartment,0,0,7.0,417691.0
812,HP-2024-10811,1892.0,2,1,,Suburban,Semi_Furnished,Apartment,1,1,17.9,365403.0
813,HP-2018-10812,3213.0,1,1,2.0,Downtown,semi-furnished,Independent House,2,1,3.8,617816.0
814,HP-2019-10813,,3,1,11.0,Downtown,Unfurnished,Villa,1,0,3.8,589449.0
815,HP-2020-10814,2922.0,3,1,11.0,Urban,Unfurnished,Independent House,0,1,12.1,550044.0
816,HP-2021-10815,1160.0,3,1,4.0,Suburban,Semi-Furnished,Independent House,1,0,1.2,362823.0
817,HP-2022-10816,2387.0,2,1,16.0,Suburban,,Apartment,2,1,2.9,413951.0
818,HP-2023-10817,2823.0,5,3,18.0,Suburban,Semi-Furnished,Apartment,1,1,7.5,651162.0
819,HP-2024-10818,2258.0,3,2,30.0,Downtown,Unfurnished,Independent House,2,0,4.4,520342.0
820,HP-2018-10819,2946.0,2,2,11.0,Downtown,Unfurnished,Independent House,1,1,22.6,597648.0
821,HP-2019-10820,1838.0,3,2,18.0,Suburban,Unfurnished,Apartment,1,0,25.5,376482.0
822,HP-2020-10821,3187.0,3,2,17.0,Urban,,Apartment,3,1,5.6,643653.0
823,HP-2021-10822,3809.0,2,1,4.0,Urban,Semi-Furnished,Studio,1,1,6.2,647706.0
824,HP-2022-10823,1946.0,3,1,4.0,Urban,Furnished,Independent House,2,1,10.3,493623.0
825,HP-2023-10824,1888.0,2,1,8.0,Urban,Semi-Furnished,Villa,1,0,4.9,418238.0
826,HP-2024-10825,3217.0,4,3,0.0,Suburban,Semi-Furnished,Apartment,0,1,1.7,695675.0
827,HP-2018-10826,3306.0,4,2,4.0,Urban,Furnished,Independent House,2,1,11.0,746434.0
828,HP-2019-10827,1834.0,3,1,8.0,Rural,Semi-Furnished,Apartment,2,0,10.7,406315.0
829,HP-2020-10828,1906.0,4,2,1.0,Downtown,Semi_Furnished,Apartment,2,0,2.2,514123.0
830,HP-2021-10829,2003.0,4,2,2.0,Suburban,Semi-Furnished,Apartment,1,0,14.3,497370.0
831,HP-2022-10830,1259.0,2,1,48.65800267067753,Urban,Furnished,Independent House,1,0,7.6,285558.3327418421
832,HP-2023-10831,1557.0,6,4,16.0,Urban,Unfurnished,Apartment,3,0,2.2,575493.0
833,HP-2024-10832,1497.0,5,3,22.0,Downtown,Furnished,Apartment,1,0,8.4,524790.0
834,HP-2018-10833,1663.0,2,1,9.0,Suburban,UNFURNISHED,Independent House,2,1,2.1,421167.0
835,HP-2019-10834,2176.0,2,1,8.0,Urban,Semi-Furnished,Apartment,1,1,2.5,442179.0
836,HP-2020-10835,2364.0,2,1,6.0,Downtown,Semi-Furnished,Apartment,3,1,15.1,493112.0
837,HP-2021-10836,3285.0,2,1,3.0,Urban,Semi-Furnished,Villa,3,1,21.2,629048.0
838,HP-2022-10837,1501.0,4,2,2.0,Suburban,Semi-Furnished,Villa,0,0,2.4,480544.0
839,HP-2023-10838,2889.0,3,2,19.0,Rural, Furnished,Studio,2,0,21.1,486730.0
840,HP-2024-10839,2050.0,4,2,8.0,Urban,Furnished,Independent House,1,1,2.2,544200.0
841,HP-2018-10840,2165.0,4,2,19.0,Downtown,Unfurnished,Apartment,1,1,1.0,541991.0
842,HP-2019-10841,2672.0,4,3,15.0,Rural,Unfurnished,Studio,1,0,0.5,567476.0
843,HP-2020-10842,1414.0,4,2,3.0,Urban,furnished,Apartment,1,0,2.2,426003.0
844,HP-2021-10843,2468.0,1,1,9.0,Rural,Semi-Furnished,Independent House,1,0,,396877.0
845,HP-2022-10844,2317.0,3,3,7.0,Suburban,Furnished,Apartment,1,0,21.0,513451.0
846,HP-2023-10845,2545.0,4,3,7.0,Rural,Semi-Furnished,Independent House,1,0,2.2,570168.0
847,HP-2024-10846,2402.0,1,1,9.0,Urban,Semi-Furnished,Villa,0,1,3.6,483907.0
848,HP-2018-10847,3919.0,1,1,48.0,Rural,Semi-Furnished,Independent House,1,1,10.6,534365.0
849,HP-2019-10848,1754.0,5,3,20.0,Suburban,Semi-Furnished,Independent House,1,0,2.9,545491.0
850,HP-2020-10849,1828.0,4,3,28.0,Suburban,Furnished,Studio,2,0,9.2,467774.0
851,HP-2021-10850,1764.0,3,1,0.0,Downtown,Semi-Furnished,Apartment,2,1,4.5,476157.0
852,HP-2022-10851,1811.0,4,3,2.0,Suburban,Unfurnished,Apartment,2,0,1.7,529231.0
853,HP-2023-10852,1754.0,4,2,1.0,Urban, Unfurnished,Studio,1,1,10.6,481714.0
854,HP-2024-10853,3032.0,3,3,4.0,Urban,Semi-Furnished,Independent House,0,0,0.5,663334.0
855,HP-2018-10854,3194.0,1,1,7.0,Urban,Furnished,Independent House,2,0,2.8,534644.0
856,HP-2019-10855,1800.0,5,3,12.0,Suburban,Semi-Furnished,Independent House,2,0,3.5,551956.0
857,HP-2020-10856,1617.0,3,2,8.0,Downtown,Unfurnished,Apartment,1,1,4.9,456372.0
858,HP-2021-10857,2530.0,2,1,28.0,Suburban,Unfurnished,Apartment,2,0,9.1,417404.0
859,HP-2022-10858,1813.0,3,2,34.0,Suburban,Semi-Furnished,Apartment,1,0,4.9,378621.0
860,HP-2023-10859,2643.0,4,2,2.0,Downtown,Semi-Furnished,Apartment,0,0,7.2,586318.0
861,HP-2024-10860,2342.0,2,1,23.0,Urban,Unfurnished,Independent House,2,1,7.2,410786.0
862,HP-2018-10861,1139.0,3,2,8.0,Downtown,Furnished,Apartment,1,1,3.7,389341.0
863,HP-2019-10862,,2,1,7.0,Urban,Unfurnished,Independent House,1,0,21.7,540650.0
864,HP-2020-10863,3457.0,6,3,18.0,Urban,Furnished,Apartment,1,0,25.0,781232.0
865,HP-2021-10864,1771.0,2,1,1.0,Suburban,,Apartment,1,1,7.0,404206.0
866,HP-2022-10865,1929.0,4,3,26.0,Urban,Semi Furnished,Apartment,1,1,0.6,521392.0
867,HP-2023-10866,2400.0,5,2,,Urban,Semi-Furnished,Independent House,0,1,5.4,619882.0
868,HP-2024-10867,2434.0,2,1,25.0,Suburban,Furnished,Apartment,3,1,1.6,414155.0
869,HP-2018-10868,2661.0,6,4,60.0,Suburban,Unfurnished,Independent House,2,1,5.3,671780.0
870,HP-2019-10869,3607.0,5,3,9.0,Suburban,Furnished,Apartment,1,0,1.7,772516.0
871,HP-2020-10870,2076.0,5,2,1.0,Rural,Furnished,Apartment,1,0,9.7,550662.0
872,HP-2021-10871,1641.0,2,1,2.0,Suburban,Semi-Furnished,Studio,0,1,0.7,330624.0
873,HP-2022-10872,1234.0,4,1,5.0,Suburban,Unfurnished,Apartment,2,0,24.5,348119.0
874,HP-2023-10873,1688.0,4,2,1.0,Suburban,Furnished,Studio,1,0,1.7,456225.0
875,HP-2024-10874,2177.0,6,5,20.0,Suburban,Semi-Furnished,Studio,1,1,8.6,688839.0
876,HP-2018-10875,3456.0,2,1,4.0,Urban,Semi-Furnished,Independent House,1,0,19.9,608814.0
877,HP-2019-10876,1838.0,4,2,45.0,Suburban,Semi-Furnished,Independent House,1,1,2.3,452312.0
878,HP-2020-10877,2357.0,3,2,15.0,Urban,Unfurnished,Villa,2,0,21.8,520911.0
879,HP-2021-10878,2189.0,2,2,2.0,Urban,Furnished,Studio,2,0,3.9,421948.0
880,HP-2022-10879,3032.0,3,2,8.0,Suburban,Unfurnished,Villa,2,0,25.9,603633.0
881,HP-2023-10880,3969.0,4,2,8.0,Downtown,Unfurnished,Apartment,1,1,28.4,772567.0
882,HP-2024-10881,1828.0,3,2,8.0,Suburban,Semi-Furnished,Apartment,2,1,1.7,435702.0
883,HP-2018-10882,1857.0,3,1,9.0,Suburban,Unfurnished,Apartment,0,0,14.2,369501.0
884,HP-2019-10883,2931.0,6,3,0.0,Suburban,Unfurnished,Apartment,1,0,,728263.0
885,HP-2020-10884,2677.0,3,2,14.0,Downtown,Unfurnished,Apartment,1,0,2.1,550273.0
886,HP-2021-10885,3493.0,4,3,8.0,Urban,Semi-Furnished,Independent House,1,0,0.7,732686.0
887,HP-2022-10886,2609.0,3,1,19.0,Suburban,Unfurnished,Independent House,1,0,1.4,511670.0
888,HP-2023-10887,1948.0,3,2,20.0,Urban,Semi-Furnished,Villa,2,0,8.0,513643.0
889,HP-2024-10888,2613.0,4,2,3.0,Urban,Unfurnished,Apartment,0,1,4.8,603225.0
890,HP-2018-10889,2976.0,5,3,1.0,Suburban,Furnished,Apartment,1,1,12.5,717398.0
891,HP-2019-10890,2774.0,3,2,15.0,Urban,Semi-Furnished,Independent House,3,0,3.2,608111.0
892,HP-2020-10891,2555.0,4,3,46.0,Suburban,Semi-Furnished,Independent House,1,1,27.7,557073.0
893,HP-2021-10892,2947.0,2,1,,Rural,Semi-Furnished,Independent House,2,0,0.5,537297.0
894,HP-2022-10893,3019.0,2,1,4.0,Downtown,Unfurnished,Apartment,2,0,0.5,583253.0
895,HP-2023-10894,3168.0,3,2,2.0,Downtown,Unfurnished,Villa,1,1,9.7,745920.0
896,HP-2024-10895,2654.0,1,1,4.0,Suburban,Furnished,Independent House,1,0,17.5,407406.0
897,HP-2018-10896,2083.0,3,1,5.0,Rural,Furnished,Independent House,2,0,12.7,452769.0
898,HP-2019-10897,2303.0,3,2,7.0,Urban,Semi-Furnished,Apartment,2,0,5.4,491149.0
899,HP-2020-10898,3045.0,1,1,13.0,Suburban,Semi-Furnished,Studio,0,1,2.5,472511.0
900,HP-2021-10899,1628.0,3,2,4.0,Suburban,Semi-Furnished,Apartment,1,1,0.5,426179.0
901,HP-2022-10900,2458.0,3,1,1.0,Rural,Unfurnished,Apartment,1,0,5.7,473584.0
902,HP-2023-10901,1925.0,4,3,6.0,Urban,Unfurnished,Villa,2,1,5.2,616880.0
903,HP-2024-10902,2220.0,5,1,23.0,Urban,Semi-Furnished,Independent House,1,0,3.4,552927.0
904,HP-2018-10903,3095.0,4,3,8.0,Rural,Semi-Furnished,Apartment,3,1,6.9,704392.0
905,HP-2019-10904,2334.0,3,2,40.0,Urban,SEMI-FURNISHED,Villa,3,1,10.4,558374.0
906,HP-2020-10905,2233.0,5,3,8.0,Urban,Semi-Furnished,Apartment,2,0,9.7,643040.0
907,HP-2021-10906,1248.0,4,3,4.0,Suburban,Unfurnished,Villa,2,1,2.4,512375.0
908,HP-2022-10907,2722.0,2,1,3.0,Suburban,Semi-Furnished,Villa,1,1,7.0,510915.0
909,HP-2023-10908,2652.0,2,1,14.0,Downtown,Semi-Furnished,Apartment,0,1,,507841.0
910,HP-2024-10909,3714.0,4,3,9.0,Suburban,Semi-Furnished,Independent House,1,1,1.0,770623.0
911,HP-2018-10910,1985.0,3,4,11.0,Suburban,Furnished,Apartment,1,0,12.3,490663.0
912,HP-2019-10911,2353.0,4,3,17.0,Urban,Furnished,Independent House,1,0,,592622.0
913,HP-2020-10912,2375.0,4,3,16.0,Suburban,Furnished,Apartment,2,0,11.7,557456.0
914,HP-2021-10913,,4,2,1.0,Urban,Unfurnished,Independent House,1,0,1.3,733138.0
915,HP-2022-10914,2133.0,6,4,19.0,Urban,Semi-Furnished,Villa,2,0,19.7,689739.0
916,HP-2023-10915,2395.0,3,1,9.0,Rural,Semi-Furnished,Studio,1,0,1.1,441438.0
917,HP-2024-10916,2626.0,2,2,6.0,Urban,Unfurnished,Apartment,1,0,16.3,493485.0
918,HP-2018-10917,2331.0,5,3,9.0,Downtown,Furnished,Apartment,1,1,3.5,704518.0
919,HP-2019-10918,1887.0,3,1,11.0,Rural,Unfurnished,Apartment,3,1,0.9,383077.0
920,HP-2020-10919,2336.0,4,2,2.0,Urban,,Apartment,2,0,2.7,572945.0
921,HP-2021-10920,2952.0,6,3,6.0,Urban,Semi-Furnished,Apartment,1,0,1.6,763587.0
922,HP-2022-10921,1481.0,4,2,5.0,Suburban,SEMI-FURNISHED,Studio,1,0,5.4,399268.0
923,HP-2023-10922,2293.0,4,2,5.0,Urban,Unfurnished,Apartment,3,1,23.9,553251.0
924,HP-2024-10923,1710.0,3,2,1.0,Downtown,Semi-Furnished,Independent House,0,0,3.2,506462.0
925,HP-2018-10924,3037.0,3,2,2.0,Urban,Unfurnished,Independent House,1,1,7.6,667507.0
926,HP-2019-10925,1134.0,3,2,2.0,Rural,Furnished,Apartment,1,1,17.8,316422.0
927,HP-2020-10926,1809.0,4,2,6.0,Rural,Semi-Furnished,Apartment,1,1,8.0,435477.0
928,HP-2021-10927,2464.0,4,3,27.0,Rural,Semi-Furnished,Studio,1,0,3.6,521072.0
929,HP-2022-10928,3296.0,4,3,3.0,Urban,Semi-Furnished,Apartment,0,0,37.5,684140.0
930,HP-2023-10929,2154.0,2,1,6.0,Urban,Unfurnished,Independent House,2,1,1.7,479967.0
931,HP-2024-10930,,3,2,4.0,Urban,Unfurnished,Apartment,0,0,5.9,435558.0
932,HP-2018-10931,3517.0,4,3,19.0,Downtown,Semi-Furnished,Independent House,2,0,12.7,782038.0
933,HP-2019-10932,1186.0,3,2,1.0,Urban,SEMI-FURNISHED,Apartment,1,0,0.5,403737.0
934,HP-2020-10933,661.0,3,2,3.0,Downtown,Unfurnished,Apartment,1,0,9.7,342348.0
935,HP-2021-10934,2508.0,4,3,3.0,Suburban,Unfurnished,Apartment,0,1,2.5,590649.0
936,HP-2022-10935,1849.0,4,3,59.0,Suburban,,Apartment,2,0,1.5,465813.0
937,HP-2023-10936,1485.0,3,2,10.0,Suburban,Semi-Furnished,Studio,1,1,2.6,385557.0
938,HP-2024-10937,2696.0,5,2,2.0,Suburban,unfurnished,Apartment,1,1,27.2,601723.0
939,HP-2018-10938,2371.0,2,1,4.0,Urban,Semi-Furnished,Villa,1,0,17.8,501882.0
940,HP-2019-10939,1805.0,6,4,2.0,Urban,Semi-Furnished,Studio,2,1,1.9,649471.0
941,HP-2020-10940,1304.0,2,1,2.0,Suburban,,Apartment,0,1,1.0,301921.0
942,HP-2021-10941,2811.0,1,1,19.0,Downtown,Semi-Furnished,Studio,0,1,3.6,438330.0
943,HP-2022-10942,2655.0,5,3,8.0,Urban,Semi-Furnished,Villa,1,1,7.2,750910.0
944,HP-2023-10943,2131.0,2,1,12.0,Downtown,Semi-Furnished,Independent House,2,0,16.1,460650.0
945,HP-2024-10944,3493.0,4,3,5.0,Downtown,Semi-Furnished,Villa,1,0,27.1,787140.0
946,HP-2018-10945,1451.0,4,3,10.0,Urban,Unfurnished,Apartment,2,0,11.1,455995.0
947,HP-2019-10946,1132.0,5,4,4.0,Suburban,Furnished,Apartment,2,0,7.3,485040.0
948,HP-2020-10947,1716.0,6,3,4.0,Urban,Furnished,Apartment,2,0,1.2,600654.0
949,HP-2021-10948,2168.0,3,3,13.0,Urban,Unfurnished,Studio,1,0,0.6,508856.0
950,HP-2022-10949,2370.0,4,3,2.0,Downtown,Semi-Furnished,Apartment,1,0,7.3,636576.0
951,HP-2023-10950,2031.0,2,1,12.0,Rural,Semi-Furnished,Studio,2,0,6.2,334993.0
952,HP-2024-10951,2446.0,3,2,23.0,Suburban,Unfurnished,Apartment,1,0,15.0,488861.0
953,HP-2018-10952,1324.0,5,3,2.0,Rural,Semi-Furnished,Independent House,1,0,3.1,507680.0
954,HP-2019-10953,3211.0,3,2,27.0,Suburban,Furnished,Independent House,1,1,0.5,621775.0
955,HP-2020-10954,2142.0,4,3,1.0,Suburban,Semi-Furnished,Studio,3,0,4.4,582316.0
956,HP-2021-10955,2982.0,3,1,5.0,Suburban,Semi-Furnished,Apartment,1,1,27.8,548564.0
957,HP-2022-10956,2440.0,4,2,11.0,Urban,Unfurnished,Apartment,1,1,12.7,563533.0
958,HP-2023-10957,2520.0,6,4,10.0,Urban,#Furnished,Villa,2,0,0.5,805193.0
959,HP-2024-10958,2599.0,2,1,1.0,Suburban,Semi-Furnished,Studio,1,1,16.6,425975.0
960,HP-2018-10959,2513.0,4,2,19.0,Suburban,Furnished,Apartment,3,1,5.1,562952.0
961,HP-2019-10960,2650.0,5,3,43.0,Suburban,Un-furnished,Independent House,1,0,3.6,620572.0
962,HP-2020-10961,3130.0,3,2,2.0,Downtown,Unfurnished,Apartment,2,0,3.4,664189.0
963,HP-2021-10962,2338.0,2,1,27.0,Urban,Semi-Furnished,Villa,1,1,7.2,477199.0
964,HP-2022-10963,2696.0,3,3,10.0,Suburban,Semi-Furnished,Villa,2,0,6.1,609787.0
965,HP-2023-10964,2137.0,3,2,33.0,Suburban,Unfurnished,Villa,2,0,8.6,468741.0
966,HP-2024-10965,3208.0,2,1,2.0,Urban,Furnished ,Apartment,2,1,6.8,571562.0
967,HP-2018-10966,1727.0,5,3,19.0,Rural,Semi-Furnished,Apartment,2,1,,520578.0
968,HP-2019-10967,3461.0,3,2,1.0,Downtown,Unfurnished,Independent House,0,1,,702625.0
969,HP-2020-10968,2172.0,5,3,26.0,Urban,Semi-Furnished,Villa,3,1,14.7,677694.0
970,HP-2021-10969,,4,3,13.0,Downtown,Furnished,Studio,2,1,8.7,450142.0
971,HP-2022-10970,2290.0,4,3,6.0,Suburban,FURNISHED,Independent House,2,0,4.8,605723.0
972,HP-2023-10971,1723.0,1,1,3.0,Suburban,Semi-Furnished,Apartment,2,0,1.6,312033.0
973,HP-2024-10972,2788.0,3,2,20.0,Rural,Furnished,Apartment,1,1,0.5,503010.0
974,HP-2018-10973,1743.0,2,1,11.0,Suburban,Semi-Furnished,Villa,2,0,3.0,405725.0
975,HP-2019-10974,1888.0,5,2,5.0,Rural,Semi-Furnished,Independent House,0,0,0.5,543458.0
976,HP-2020-10975,877.0,2,2,7.0,Rural,Unfurnished,Independent House,2,0,5.3,277881.0
977,HP-2021-10976,1883.0,3,2,21.0,Urban,Semi-Furnished,Apartment,1,0,13.8,436815.0
978,HP-2022-10977,503.0,3,2,5.0,Urban,Semi-Furnished,Apartment,1,0,2.7,275838.0
979,HP-2023-10978,1091.0,3,1,1.0,Suburban,Furnished,Studio,3,1,15.1,323968.0
980,HP-2024-10979,2732.0,2,1,29.0,Downtown,Furnished,Villa,3,1,9.8,552147.0
981,HP-2018-10980,2750.0,4,2,6.0,Downtown,Furnished,Apartment,2,0,1.1,645538.0
982,HP-2019-10981,2498.0,2,1,5.0,Downtown,Furnished,Independent House,2,1,8.3,545896.0
983,HP-2020-10982,1523.0,2,1,3.0,Suburban,Semi-Furnished,Studio,2,1,1.3,306973.0
984,HP-2021-10983,2167.0,3,2,27.0,Downtown,Semi-Furnished,Apartment,2,0,8.5,488112.0
985,HP-2022-10984,2197.0,4,4,3.0,Downtown,Semi-Furnished,Villa,0,0,1.2,699108.0
986,HP-2023-10985,1389.0,3,1,12.0,Urban,Furnished,Apartment,3,0,4.0,401797.0
987,HP-2024-10986,3252.0,3,2,26.0,Urban,Furnished,Studio,2,1,6.7,597211.0
988,HP-2018-10987,2814.0,3,1,0.0,Suburban,Unfurnished,Independent House,2,0,0.5,539584.0
989,HP-2019-10988,2045.0,3,3,21.0,Downtown,Semi-Furnished,Independent House,3,0,1.3,515825.0
990,HP-2020-10989,2219.0,5,3,6.0,Suburban,Furnished,Villa,1,0,3.1,640911.0
991,HP-2021-10990,2346.0,2,1,13.0,Urban,Unfurnished,Apartment,1,1,5.0,464164.0
992,HP-2022-10991,771.0,4,3,6.0,Urban,Semi-Furnished,Apartment,3,1,15.6,442932.0
993,HP-2023-10992,2027.0,5,2,14.0,Downtown,Furnished,Apartment,1,0,1.7,556464.0
994,HP-2024-10993,1723.0,4,3,4.0,Rural,Furnished,Independent House,2,1,3.4,529689.0
995,HP-2018-10994,1499.0,2,2,0.0,Rural,SEMI-FURNISHED,Apartment,1,0,5.2,289728.0
996,HP-2019-10995,2003.0,3,2,35.0,Suburban,Semi-Furnished,Apartment,2,1,2.8,435595.0
997,HP-2020-10996,3458.0,4,3,0.0,Rural,Unfurnished,Apartment,2,0,7.9,714849.0
998,HP-2021-10997,2649.0,2,2,21.0,Urban,Semi-Furnished,Independent House,2,0,2.4,518909.0
999,HP-2022-10998,1800.0,4,3,2.0,Rural,Semi-Furnished,Studio,1,1,11.8,459436.0
1000,HP-2023-10999,2601.0,4,3,6.0,Suburban,Semi-Furnished,Apartment,1,1,5.6,610947.0
1001,HP-2024-11000,3180.0,4,3,21.0,Downtown,Semi-Furnished,Apartment,2,0,0.7,675756.0
1002,HP-2018-11001,2847.0,2,2,,Urban,Furnished,Independent House,3,0,7.9,569106.0
1003,HP-2019-11002,2242.0,4,2,24.0,Rural,Semi Furnished,Independent House,0,0,6.7,471359.0
1004,HP-2020-11003,1747.0,4,3,8.0,Suburban,Semi-Furnished,Villa,0,1,3.3,538435.0
1005,HP-2021-11004,2689.0,5,2,5.0,Urban,Unfurnished,Apartment,0,0,0.5,618327.0
1006,HP-2022-11005,2475.0,1,1,13.0,Urban,#Semi-Furnished,Independent House,3,1,1.8,475117.0
1007,HP-2023-11006,2827.0,1,1,5.0,Urban,Semi-Furnished,Apartment,2,1,4.2,464033.0
1008,HP-2024-11007,2645.0,3,2,5.0,Suburban,Semi-Furnished,Apartment,3,0,1.8,554289.0
1009,HP-2018-11008,2935.0,2,1,16.0,Urban,Unfurnished,Villa,1,1,6.9,550885.0
1010,HP-2019-11009,1825.0,3,2,4.0,Suburban,semi-furnished,Villa,1,0,10.0,468101.0
1011,HP-2020-11010,3122.0,5,3,3.0,Downtown,Semi-Furnished,Apartment,2,1,15.5,748852.0
1012,HP-2021-11011,2338.0,3,2,20.0,Rural,Unfurnished,Independent House,1,1,8.3,511067.0
1013,HP-2022-11012,,5,2,20.0,Urban,Unfurnished,Apartment,1,0,9.3,734234.0
1014,HP-2023-11013,1718.0,1,1,8.0,Urban,Furnished,Villa,1,0,,355741.0
1015,HP-2024-11014,3415.0,2,2,9.0,Suburban,Semi-Furnished,Apartment,1,1,33.9,558166.0
1016,HP-2018-11015,,1,1,14.0,Urban,Unfurnished,Apartment,1,0,2.4,359512.0
1017,HP-2019-11016,1744.0,3,2,9.0,Downtown,Semi-Furnished,Studio,0,0,2.5,410340.0
1018,HP-2020-11017,1861.0,5,3,6.0,Suburban,Semi-Furnished,Apartment,1,0,1.1,526282.0
1019,HP-2021-11018,1976.0,2,1,60.0,Suburban,Furnished,Independent House,1,0,5.3,298287.0
1020,HP-2022-11019,2497.0,4,3,2.0,Urban,Semi-Furnished,Villa,2,0,0.8,672549.0
1021,HP-2023-11020,2566.0,3,1,11.0,Downtown,semi-furnished,Independent House,1,0,2.5,538504.0
1022,HP-2024-11021,1798.0,5,3,26.0,Rural,Furnished,Independent House,1,0,5.3,538458.0
1023,HP-2018-11022,2183.0,2,1,14.0,Suburban,furnished,Apartment,0,1,25.3,370428.0
1024,HP-2019-11023,3700.0,2,1,26.0,Rural,Furnished,Studio,1,0,26.6,500982.0
1025,HP-2020-11024,3409.0,1,1,5.0,Urban,Furnished,Apartment,2,0,,562436.0
1026,HP-2021-11025,2505.0,3,2,4.0,Urban,Furnished,Studio,2,0,3.9,501483.0
1027,HP-2022-11026,2227.0,3,2,23.0,Rural,Unfurnished,Villa,2,0,16.0,480943.0
1028,HP-2023-11027,2284.0,5,3,6.0,Downtown,Furnished,Independent House,1,0,,632204.0
1029,HP-2024-11028,2629.0,4,1,15.0,Urban,Semi-Furnished,Apartment,0,0,19.3,523665.0
1030,HP-2018-11029,1484.0,4,2,2.0,Suburban,Furnished,Apartment,1,0,8.2,440869.0
1031,HP-2019-11030,2020.0,3,1,17.0,Suburban,Semi-Furnished,Apartment,3,0,1.8,376732.0
1032,HP-2020-11031,1032.0,2,1,10.0,Downtown,Semi-Furnished,Villa,2,1,0.8,382920.0
1033,HP-2021-11032,2479.0,3,2,4.0,Downtown,Semi-Furnished,Villa,0,1,19.7,612939.0
1034,HP-2022-11033,2653.0,6,3,8.0,Urban,Unfurnished,Independent House,0,0,0.5,733697.0
1035,HP-2023-11034,1862.0,5,3,14.0,Downtown,FURNISHED,Studio,1,1,2.8,545987.0
1036,HP-2024-11035,,5,2,0.0,Suburban,Semi-Furnished,Studio,1,0,,708385.0
1037,HP-2018-11036,1342.0,5,3,12.0,Suburban,Unfurnished,Apartment,2,1,0.5,527702.0
1038,HP-2019-11037,1175.0,2,1,9.0,Suburban,Unfurnished,Apartment,1,1,19.0,259115.0
1039,HP-2020-11038,2357.0,2,1,3.0,Suburban,unfurnished,Independent House,2,1,2.7,477866.0
1040,HP-2021-11039,2933.0,1,1,17.0,Urban,Furnished,Villa,1,1,0.5,532649.0
1041,HP-2022-11040,3379.0,3,2,4.0,Suburban,Unfurnished,Independent House,1,0,40.4,624520.0
1042,HP-2023-11041,1879.0,2,1,4.0,Urban,Semi-Furnished,Apartment,1,0,3.0,380163.0
1043,HP-2024-11042,2955.0,3,3,8.0,Urban,FURNISHED,Villa,2,0,16.7,696233.0
1044,HP-2018-11043,2173.0,4,3,14.0,Suburban,Semi-Furnished,Independent House,1,1,4.8,576776.0
1045,HP-2019-11044,2079.0,5,2,32.0,Urban,Unfurnished,Studio,1,1,8.7,512061.0
1046,HP-2020-11045,2819.0,4,2,2.0,Suburban,Furnished,Independent House,2,0,2.2,683487.0
1047,HP-2021-11046,2657.0,5,3,6.0,Urban,Semi_Furnished,Studio,0,0,5.6,666928.0
1048,HP-2022-11047,1097.0,2,1,1.0,Suburban,Furnished ,Apartment,1,1,2.4,266810.0
1049,HP-2023-11048,3234.0,1,1,17.0,Rural,Unfurnished,Studio,1,0,24.1,451528.0
1050,HP-2024-11049,3166.0,4,3,7.0,Urban,#Semi-Furnished,Apartment,2,0,0.5,728314.0
1051,HP-2018-11050,1762.0,3,2,15.0,Suburban,Furnished,Villa,0,0,2.6,484619.0
1052,HP-2019-11051,2477.0,3,2,5.0,Downtown,Furnished,Studio,2,0,17.9,516641.0
1053,HP-2020-11052,2546.0,3,1,,Urban,Unfurnished,Independent House,0,0,,503508.0
1054,HP-2021-11053,2382.0,3,2,9.0,Suburban,Furnished,Villa,0,0,7.3,537841.0
1055,HP-2022-11054,1815.0,3,1,35.0,Urban,Furnished,Studio,2,0,8.4,346569.0
1056,HP-2023-11055,1730.0,3,2,1.0,Urban,Semi-Furnished,Apartment,2,1,0.6,500092.0
1057,HP-2024-11056,,3,1,9.0,Rural,furnished,Independent House,2,0,0.5,463531.0
1058,HP-2018-11057,3021.0,4,3,17.0,Urban,FURNISHED,Studio,1,1,22.2,603191.0
1059,HP-2019-11058,2581.0,3,1,11.0,Suburban,Unfurnished,Independent House,1,1,2.5,525764.0
1060,HP-2020-11059,1941.0,3,3,0.0,Urban,Furnished,Studio,2,1,3.8,495128.0
1061,HP-2021-11060,2740.0,2,1,43.0,Urban,Furnished,Independent House,1,1,9.2,496737.0
1062,HP-2022-11061,500.0,3,2,4.0,Urban,,Villa,0,1,2.2,331184.0
1063,HP-2023-11062,3004.0,4,3,3.0,Urban,Unfurnished,Apartment,1,1,10.6,680251.0
1064,HP-2024-11063,982.0,4,3,8.0,Suburban,Unfurnished,Apartment,1,0,4.9,382143.0
1065,HP-2018-11064,1946.0,4,3,9.0,Downtown,,Villa,1,0,15.5,628623.0
1066,HP-2019-11065,1416.0,2,1,17.0,Suburban,Semi-Furnished,Apartment,3,0,2.6,316427.0
1067,HP-2020-11066,1294.0,4,2,6.0,Suburban,Unfurnished,Apartment,2,0,1.8,422024.0
1068,HP-2021-11067,3013.0,4,2,7.0,Downtown,Unfurnished,Studio,3,0,14.3,651412.0
1069,HP-2022-11068,1873.0,3,3,9.0,Rural,Semi-Furnished,Independent House,3,0,3.2,494281.0
1070,HP-2023-11069,2443.0,3,3,6.0,Suburban,Unfurnished,Apartment,1,0,4.2,542381.0
1071,HP-2024-11070,2167.0,3,2,30.0,Rural,Semi-Furnished,Independent House,1,1,12.6,486365.0
1072,HP-2018-11071,2534.0,3,2,23.0,Suburban,Unfurnished,Independent House,1,1,8.1,508923.0
1073,HP-2019-11072,,4,3,7.0,Downtown,Unfurnished,Studio,2,0,4.7,531412.0
1074,HP-2020-11073,3061.2265426404338,2,2,0.0,Suburban,Semi-Furnished,Villa,1,0,2.3,801931.3997516612
1075,HP-2021-11074,2897.0,4,2,28.0,Rural,#Unfurnished,Independent House,1,1,11.6,616019.0
1076,HP-2022-11075,1854.0,2,1,2.0,Suburban,semi-furnished,Apartment,0,1,1.6,378320.0
1077,HP-2023-11076,1110.0,2,1,3.0,Downtown,Unfurnished,Studio,1,1,21.1,248268.0
1078,HP-2024-11077,1900.0,6,3,2.0,Suburban,Furnished,Independent House,1,0,1.3,649655.0
1079,HP-2018-11078,3251.0,6,3,2.0,Rural,Unfurnished,Apartment,1,1,13.1,749072.0
1080,HP-2019-11079,2795.0,2,1,19.0,Rural,Furnished ,Independent House,2,1,4.4,469085.0
1081,HP-2020-11080,1956.0,3,3,10.0,Urban,Unfurnished,Apartment,0,0,1.6,464240.0
1082,HP-2021-11081,1956.0,2,1,38.0,Suburban,Furnished,Studio,3,0,4.1,281234.0
1083,HP-2022-11082,1975.0,3,2,,Urban,Semi-Furnished,Villa,0,0,2.0,528210.0
1084,HP-2023-11083,3654.0,5,2,8.0,Urban,Furnished,Apartment,3,0,1.2,770879.0
1085,HP-2024-11084,2467.0,6,2,45.0,Rural,UNFURNISHED,Apartment,1,1,2.2,542781.0
1086,HP-2018-11085,2501.0,4,2,21.0,Suburban,Semi-Furnished,Apartment,2,0,16.2,571588.0
1087,HP-2019-11086,2921.0,3,3,16.0,Suburban,Unfurnished,Independent House,1,1,0.9,623555.0
1088,HP-2020-11087,2367.0,4,3,3.0,Downtown,UNFURNISHED,Independent House,2,1,28.8,647321.0
1089,HP-2021-11088,2019.0,3,2,18.0,Suburban,,Apartment,2,0,0.5,471593.0
1090,HP-2022-11089,2063.0,5,3,5.0,Urban,Furnished,Studio,0,1,8.6,589645.0
1091,HP-2023-11090,2150.0,5,3,9.0,Urban,,Studio,0,0,15.5,594702.0
1092,HP-2024-11091,2174.0,3,3,11.0,Suburban,Unfurnished,Apartment,1,0,21.7,468760.0
1093,HP-2018-11092,2709.0,3,1,11.0,Urban,Furnished,Apartment,1,1,1.2,556144.0
1094,HP-2019-11093,2236.0,3,3,16.0,Urban,Unfurnished,Villa,0,0,9.6,569070.0
1095,HP-2020-11094,2713.0,1,1,13.0,Urban,Furnished,Apartment,2,0,0.9,461391.0
1096,HP-2021-11095,2143.0,4,1,1.0,Rural,Semi-Furnished,Apartment,1,1,3.5,501839.0
1097,HP-2022-11096,2255.0,3,1,7.0,Urban,Unfurnished,Apartment,2,1,10.5,471205.0
1098,HP-2023-11097,801.0,3,1,13.0,Downtown,#Unfurnished,Apartment,2,1,3.4,362492.0
1099,HP-2024-11098,2841.0,3,2,4.0,Suburban,Furnished,Apartment,2,1,3.0,547738.0
1100,HP-2018-11099,2443.0,4,2,5.0,Urban,Semi-Furnished,Studio,0,0,1.0,529134.0
1101,HP-2019-11100,2899.0,2,1,2.0,Suburban,Unfurnished,Apartment,1,1,0.5,532080.0
1102,HP-2020-11101,500.0,5,3,7.0,Suburban,Furnished,Apartment,1,1,1.0,393732.0
1103,HP-2021-11102,3662.0,5,3,52.0,Downtown,Furnished,Apartment,1,0,16.7,728840.0
1104,HP-2022-11103,2102.0,5,2,4.0,Rural,#Semi-Furnished,Apartment,1,0,0.5,550490.0
1105,HP-2023-11104,2976.0,3,3,9.0,Urban,,Independent House,3,0,9.4,648050.0
1106,HP-2024-11105,1472.0,2,1,16.0,Downtown,Semi-Furnished,Villa,2,0,11.7,404148.0
1107,HP-2018-11106,2629.0,3,2,0.0,Urban,Semi-Furnished,Apartment,0,0,6.7,548415.0
1108,HP-2019-11107,,3,2,28.0,Urban,Unfurnished,Studio,1,1,10.5,373557.0
1109,HP-2020-11108,1763.0,2,1,6.0,Urban,#Unfurnished,Villa,1,1,8.5,429257.0
1110,HP-2021-11109,3540.0,4,2,24.0,Downtown,Semi-Furnished,Villa,3,1,4.9,797011.0
1111,HP-2022-11110,2067.0,3,3,0.0,Urban,Semi-Furnished,Apartment,3,1,3.9,562674.0
1112,HP-2023-11111,2352.0,5,3,2.0,Suburban,Unfurnished,Apartment,1,0,22.7,620023.0
1113,HP-2024-11112,2809.0,1,1,5.0,Downtown,Furnished,Independent House,1,0,28.6,488103.0
1114,HP-2018-11113,2547.0,4,1,5.0,Downtown,Unfurnished,Independent House,1,1,8.4,607393.0
1115,HP-2019-11114,2305.0,4,2,73.9858170063989,Rural,Furnished,Apartment,1,1,1.8,462661.59166535176
1116,HP-2020-11115,2455.0,4,3,0.0,Urban,furnished,Studio,1,0,4.8,600581.0
1117,HP-2021-11116,3882.0,5,3,12.0,Suburban,Semi-Furnished,Villa,2,1,5.5,848958.0
1118,HP-2022-11117,2160.0,4,3,2.0,Rural,Semi-Furnished,Apartment,1,0,11.3,534590.0
1119,HP-2023-11118,2341.0,5,4,21.0,Urban,Semi-Furnished,Studio,2,0,8.8,624509.0
1120,HP-2024-11119,2935.0,3,2,71.93215808898374,Downtown,Furnished,Independent House,1,1,,643238.5689898907
1121,HP-2018-11120,2974.0,3,2,8.0,Urban,Semi-Furnished,Apartment,2,1,9.1,598138.0
1122,HP-2019-11121,3031.0,1,1,3.0,Downtown,Unfurnished,Apartment,2,0,0.5,526559.0
1123,HP-2020-11122,6641.390734844523,1,2,12.0,Downtown,Semi-Furnished,Apartment,1,0,12.0,1125658.1852669644
1124,HP-2021-11123,,2,2,2.0,Rural,Furnished,Apartment,2,0,,310781.0
1125,HP-2022-11124,3343.0,2,1,3.0,Suburban,Furnished,Apartment,1,1,8.5,568441.0
1126,HP-2023-11125,1398.0,3,2,12.0,Downtown,Semi-Furnished,Independent House,0,0,1.0,400092.0
1127,HP-2024-11126,2412.0,2,2,57.0,Urban,,Apartment,1,1,1.0,423393.0
1128,HP-2018-11127,1672.0,1,1,27.0,Suburban,Semi-Furnished,Apartment,1,1,0.5,283943.0
1129,HP-2019-11128,2155.0,5,4,11.0,Suburban,Unfurnished,Apartment,0,0,19.3,596748.0
1130,HP-2020-11129,2430.0,1,1,9.0,Suburban,Furnished,Apartment,2,1,7.4,394575.0
1131,HP-2021-11130,2425.0,4,3,60.0,Suburban,Semi-Furnished,Apartment,1,0,3.6,509548.0
1132,HP-2022-11131,2495.0,2,1,10.0,Rural,Unfurnished,Apartment,0,0,12.4,381664.0
1133,HP-2023-11132,3330.0,5,4,7.0,Urban,Unfurnished,Independent House,2,0,7.9,823090.0
1134,HP-2024-11133,2517.0,5,4,29.0,Urban,Furnished,Apartment,2,1,7.7,641035.0
1135,HP-2018-11134,2029.0,4,2,3.0,Rural,Furnished,Apartment,1,0,5.3,480302.0
1136,HP-2019-11135,2875.0,4,3,1.0,Suburban,Semi-Furnished,Studio,1,1,0.5,669379.0
1137,HP-2020-11136,3033.0,1,2,12.0,Suburban,Semi-Furnished,Apartment,1,0,2.4,501033.0
1138,HP-2021-11137,3690.169980978981,6,4,1.0,Urban,Semi-Furnished,Apartment,1,0,0.9,1101411.944080556
1139,HP-2022-11138,2618.0,5,4,6.0,Urban,Unfurnished,Apartment,2,1,8.7,706313.0
1140,HP-2023-11139,2691.0,5,3,58.94939532828306,Urban,Unfurnished,Independent House,1,1,2.3,678965.2618259491
1141,HP-2024-11140,1992.0,4,2,10.0,Urban,Furnished,Studio,1,0,4.8,466623.0
1142,HP-2018-11141,3163.0,3,2,57.0,Suburban,Semi-Furnished,Apartment,3,0,3.5,532347.0
1143,HP-2019-11142,2095.0,5,3,3.0,Downtown,Furnished,Apartment,2,0,1.2,672179.0
1144,HP-2020-11143,2288.0,3,2,6.0,Rural,Unfurnished,Independent House,1,0,25.4,471710.0
1145,HP-2021-11144,2079.0,3,3,2.0,Urban,furnished,Apartment,2,1,21.7,559877.0
1146,HP-2022-11145,2211.0,2,1,11.0,Urban,Unfurnished,Studio,2,0,0.7,403935.0
1147,HP-2023-11146,1433.0,5,2,16.0,Suburban,,Independent House,1,1,14.1,485599.0
1148,HP-2024-11147,1192.0,2,1,8.0,Urban,Semi-Furnished,Apartment,2,1,5.4,312396.0
1149,HP-2018-11148,3316.0,2,1,3.0,Downtown,Semi-Furnished,Apartment,1,0,11.9,553436.0
1150,HP-2019-11149,1607.0,3,2,12.0,Suburban,SEMI-FURNISHED,Apartment,2,0,1.3,408324.0
1151,HP-2020-11150,,4,3,9.0,Rural,Furnished,Apartment,3,0,1.1,412813.0
1152,HP-2021-11151,693.0,4,3,2.0,Urban,Semi-Furnished,Independent House,1,0,17.7,401326.0
1153,HP-2022-11152,1753.0,2,2,6.0,Urban,Unfurnished,Apartment,2,1,18.2,407640.0
1154,HP-2023-11153,1274.0,1,1,7.0,Urban,unfurnished,Apartment,2,0,5.0,235892.0
1155,HP-2024-11154,3349.0,4,2,49.0,Urban,Semi-Furnished,Apartment,2,1,16.3,621666.0
1156,HP-2018-11155,2907.0,6,4,23.0,Downtown,Unfurnished,Villa,2,0,8.8,824318.0
1157,HP-2019-11156,1718.0,4,4,16.0,Rural,Unfurnished,Apartment,0,0,1.6,476334.0
1158,HP-2020-11157,3777.0,3,1,26.0,Urban,Unfurnished,Apartment,2,0,3.2,637746.0
1159,HP-2021-11158,2887.0,5,4,16.0,Urban,Furnished,Apartment,2,1,1.2,728827.0
1160,HP-2022-11159,1973.0,3,1,28.0,Urban,Semi-Furnished,Apartment,2,0,11.9,395743.0
1161,HP-2023-11160,500.0,3,1,1.0,Suburban,Furnished,Studio,2,1,33.7,225452.0
1162,HP-2024-11161,3804.0,3,2,7.0,Suburban,Semi-Furnished,Independent House,0,0,6.3,699949.0
1163,HP-2018-11162,1227.0,3,2,16.0,Downtown,Unfurnished,Apartment,1,0,8.5,365155.0
1164,HP-2019-11163,,4,3,11.0,Downtown,UNFURNISHED,Studio,2,0,11.0,423225.0
1165,HP-2020-11164,2916.0,3,1,2.0,Suburban,Unfurnished,Apartment,3,0,2.0,604533.0
1166,HP-2021-11165,3908.0,3,2,5.0,Suburban,Semi-Furnished,Villa,1,1,3.3,773600.0
1167,HP-2022-11166,3169.0,3,1,5.0,Downtown,Furnished,Independent House,1,0,4.3,609459.0
1168,HP-2023-11167,2595.0,1,1,4.0,Suburban,Furnished,Independent House,2,0,,435530.0
1169,HP-2024-11168,2616.0,4,2,5.0,Urban,Semi_Furnished,Apartment,2,1,15.2,616244.0
1170,HP-2018-11169,2797.0,2,1,9.0,Urban,Furnished,Studio,2,0,2.3,509567.0
1171,HP-2019-11170,2731.0,2,2,23.0,Urban,Furnished,Independent House,0,0,5.1,495017.0
1172,HP-2020-11171,2397.0,4,3,16.0,Suburban,Semi-Furnished,Apartment,2,1,11.1,575038.0
1173,HP-2021-11172,2273.0,4,2,22.0,Suburban,Furnished,Apartment,2,0,0.7,511607.0
1174,HP-2022-11173,2156.0,4,3,26.0,Urban,Semi-Furnished,Apartment,2,1,5.8,534421.0
1175,HP-2023-11174,1672.0,3,1,6.0,Downtown,UNFURNISHED,Apartment,2,0,1.2,452114.0
1176,HP-2024-11175,2004.0,5,3,5.0,Suburban,#Furnished,Apartment,1,0,6.2,588893.0
1177,HP-2018-11176,1015.0,5,3,1.0,Urban,#Unfurnished,Apartment,3,1,42.17572410678363,495815.0
1178,HP-2019-11177,2131.0,4,2,32.0,Downtown,Unfurnished,Independent House,2,1,2.2,547892.0
1179,HP-2020-11178,1508.0,4,3,1.0,Downtown,Semi-Furnished,Independent House,1,0,15.1,544862.0
1180,HP-2021-11179,1427.0,3,1,16.0,Urban,Unfurnished,Apartment,3,0,3.3,369991.0
1181,HP-2022-11180,2326.0,6,3,6.0,Rural,Furnished,Apartment,3,0,1.7,644183.0
1182,HP-2023-11181,3174.0,3,1,36.0,Urban,Unfurnished,Apartment,2,0,5.0,559806.0
1183,HP-2024-11182,2843.0,2,2,7.0,Downtown,Unfurnished,Apartment,1,1,16.7,564606.0
1184,HP-2018-11183,1101.0,3,2,20.0,Rural,Unfurnished,Independent House,1,0,0.6,294698.0
1185,HP-2019-11184,1507.0,2,1,4.0,Downtown,Furnished,Apartment,1,0,3.2,336970.0
1186,HP-2020-11185,2859.0,6,3,4.0,Downtown,Unfurnished,Villa,1,0,8.5,793891.0
1187,HP-2021-11186,1512.0,4,3,11.0,Rural,Unfurnished,Apartment,1,0,3.5,454172.0
1188,HP-2022-11187,2043.0,3,1,60.0,Urban,Unfurnished,Apartment,1,0,0.6,335411.0
1189,HP-2023-11188,2585.0,4,2,9.0,Urban,#Furnished,Studio,1,0,,573259.0
1190,HP-2024-11189,1522.0,3,3,33.0,Suburban,Furnished,Apartment,3,1,13.8,434134.0
1191,HP-2018-11190,2274.0,1,1,19.0,Rural,,Apartment,1,0,27.5,322964.0
1192,HP-2019-11191,1266.0,4,3,19.0,Suburban,Unfurnished,Studio,1,0,0.5,382389.0
1193,HP-2020-11192,1779.0,4,3,7.0,Rural,furnished,Apartment,1,1,6.7,476254.0
1194,HP-2021-11193,2424.0,3,2,6.0,Urban,UNFURNISHED,Studio,0,1,0.9,507996.0
1195,HP-2022-11194,1085.0,4,3,3.0,Downtown,Semi-Furnished,Apartment,2,0,9.1,433960.0
1196,HP-2023-11195,2508.0,2,1,40.0,Rural,Semi Furnished,Villa,1,1,0.5,421989.0
1197,HP-2024-11196,2186.0,2,1,38.0,Suburban,Semi-Furnished,Apartment,2,1,0.5,355841.0
1198,HP-2018-11197,2587.0,2,1,16.0,Rural, Unfurnished,Studio,2,0,12.0,408290.0
1199,HP-2019-11198,2357.0,3,3,4.0,Urban,Furnished,Independent House,1,1,0.6,589295.0
1200,HP-2020-11199,3155.0,5,2,3.0,Rural,Furnished ,Apartment,1,0,2.9,670085.0
1201,HP-2021-11200,2288.0,5,4,54.0,Rural,Semi-Furnished,Villa,1,0,25.4,581825.0
1202,HP-2022-11201,1899.0,3,2,1.0,Urban,semi-furnished,Apartment,1,0,33.7,450830.0
1203,HP-2023-11202,2286.0,4,3,22.0,Suburban,Unfurnished,Villa,1,0,1.4,561592.0
1204,HP-2024-11203,2580.0,4,3,5.0,Suburban,Semi-Furnished,Independent House,2,0,30.701822999886378,607440.0
1205,HP-2018-11204,2234.0,2,1,7.0,Urban,Semi-Furnished,Villa,1,1,6.6,488931.0
1206,HP-2019-11205,2228.0,2,1,21.0,Urban,Semi-Furnished,Apartment,1,0,4.8,376453.0
1207,HP-2020-11206,1709.0,6,4,1.0,Urban,Semi-Furnished,Studio,0,1,20.7,617122.0
1208,HP-2021-11207,1736.0,4,2,5.0,Suburban,Semi-Furnished,Independent House,2,1,11.2,499251.0
1209,HP-2022-11208,1218.0,6,3,36.0,Suburban,Semi-Furnished,Apartment,1,1,11.6,494457.0
1210,HP-2023-11209,3425.0,3,1,14.0,Rural,Semi-Furnished,Apartment,0,0,2.5,557017.0
1211,HP-2024-11210,1329.0,4,2,17.0,Urban,Furnished ,Villa,2,1,4.6,491585.0
1212,HP-2018-11211,1715.0,2,1,,Downtown,Semi-Furnished,Villa,1,0,5.3,404573.0
1213,HP-2019-11212,1697.0,3,1,1.0,Urban,Semi-Furnished,Independent House,1,1,2.8,461067.0
1214,HP-2020-11213,2826.0,3,2,3.0,Downtown,Semi-Furnished,Apartment,1,0,0.8,613433.0
1215,HP-2021-11214,1994.0,3,3,8.0,Rural,Furnished,Apartment,3,1,1.1,510810.0
1216,HP-2022-11215,3073.0,2,2,6.0,Suburban, Furnished,Independent House,1,0,1.6,578833.0
1217,HP-2023-11216,1729.0,3,2,6.0,Urban,Furnished,Apartment,1,1,1.8,473216.0
1218,HP-2024-11217,2395.0,1,1,18.0,Suburban,Unfurnished,Apartment,3,1,2.2,403363.0
1219,HP-2018-11218,1615.0,4,2,0.0,Urban,Semi-Furnished,Independent House,1,1,2.4,506213.0
1220,HP-2019-11219,3702.0,3,2,13.0,Suburban,Semi_Furnished,Apartment,2,0,4.9,656002.0
1221,HP-2020-11220,1369.0,2,1,0.0,Urban,Unfurnished,Apartment,1,0,5.7,334959.0
1222,HP-2021-11221,2417.0,2,1,1.0,Urban,Furnished,Apartment,0,0,3.0,473467.0
1223,HP-2022-11222,2644.0,2,2,6.0,Downtown,Semi-Furnished,Independent House,2,0,19.0,534623.0
1224,HP-2023-11223,2490.0,4,2,22.0,Rural,semi-furnished,Independent House,3,0,6.4,567858.0
1225,HP-2024-11224,2070.0,2,2,2.0,Suburban,Unfurnished,Villa,1,0,12.4,451586.0
1226,HP-2018-11225,2109.0,4,2,10.0,Urban,Unfurnished,Independent House,2,1,20.6,544515.0
1227,HP-2019-11226,2231.0,1,2,14.0,Urban,Unfurnished,Apartment,2,0,1.4,419385.0
1228,HP-2020-11227,2097.0,2,1,,Rural,Semi-Furnished,Studio,1,1,4.5,356905.0
1229,HP-2021-11228,2875.0,5,3,9.0,Rural,Unfurnished,Independent House,2,0,4.5,721884.0
1230,HP-2022-11229,3747.0,4,2,29.0,Urban,Unfurnished,Studio,1,1,3.5,702714.0
1231,HP-2023-11230,1810.0,2,1,9.0,Rural,Unfurnished,Studio,1,0,0.5,291383.0
1232,HP-2024-11231,1241.0,5,2,2.0,Rural,Furnished,Independent House,1,1,13.5,474378.0
1233,HP-2018-11232,2138.0,3,1,12.0,Urban,Semi-Furnished,Studio,2,0,0.9,410763.0
1234,HP-2019-11233,4006.0,5,2,11.0,Downtown,Unfurnished,Apartment,1,0,43.2,789167.0
1235,HP-2020-11234,1637.0,4,2,0.0,Suburban,Furnished,Apartment,2,0,36.69754345051481,473892.0
1236,HP-2021-11235,3347.0,4,2,1.0,Urban,Unfurnished,Apartment,1,0,6.9,704867.0
1237,HP-2022-11236,3374.0,6,4,2.0,Urban,Furnished,Independent House,1,0,1.3,875296.0
1238,HP-2023-11237,1812.0,2,1,2.0,Suburban,Semi-Furnished,Independent House,2,1,5.8,405543.0
1239,HP-2024-11238,2598.0,4,2,4.0,Rural,Unfurnished,Studio,2,0,2.4,525540.0
1240,HP-2018-11239,3340.0,3,2,7.0,Downtown,Semi-Furnished,Independent House,1,1,2.3,710817.0
1241,HP-2019-11240,1935.0,1,1,6.0,Urban,Unfurnished,Villa,1,1,14.2,424451.0
1242,HP-2020-11241,2057.0,1,1,27.0,Suburban,Semi-Furnished,Studio,3,1,3.8,353555.0
1243,HP-2021-11242,1793.0,2,1,11.0,Suburban,Semi Furnished,Independent House,0,0,4.8,354760.0
1244,HP-2022-11243,1490.0,4,2,25.0,Suburban,Semi-Furnished,Apartment,2,0,14.8,406620.0
1245,HP-2023-11244,1746.0,3,1,9.0,Downtown,Semi_Furnished,Villa,2,0,0.7,502911.0
1246,HP-2024-11245,1343.0,3,2,1.0,Suburban,,Independent House,2,0,7.2,401733.0
1247,HP-2018-11246,2224.0,1,2,,Urban,Furnished,Villa,3,0,6.9,498287.0
1248,HP-2019-11247,1661.0,3,1,21.0,Urban,Semi-Furnished,Independent House,2,0,4.4,388476.0
1249,HP-2020-11248,2364.0,5,3,3.0,Suburban,Furnished,Apartment,1,0,14.2,615766.0
1250,HP-2021-11249,1111.0,3,2,1.0,Downtown,Semi-Furnished,Apartment,1,1,22.9,376217.0
1251,HP-2022-11250,2432.0,4,2,5.0,Suburban,Unfurnished,Apartment,1,0,5.0,558644.0
1252,HP-2023-11251,2783.0,4,3,6.0,Suburban,Furnished,Apartment,0,0,4.9,627997.0
1253,HP-2024-11252,804.0,4,1,4.0,Downtown,Semi-Furnished,Villa,3,0,5.6,411763.0
1254,HP-2018-11253,2462.0,3,1,2.0,Suburban,Unfurnished,Independent House,0,0,10.3,503016.0
1255,HP-2019-11254,3059.0,5,3,3.0,Rural,Semi-Furnished,Apartment,2,1,8.8,709035.0
1256,HP-2020-11255,1353.0,3,2,14.0,Urban,Semi-Furnished,Apartment,2,1,2.0,375280.0
1257,HP-2021-11256,3371.0,5,3,6.0,Rural,Furnished,Independent House,2,1,0.5,777324.0
1258,HP-2022-11257,2493.0,2,1,12.0,Urban,Furnished,Apartment,1,1,23.8,434647.0
1259,HP-2023-11258,1706.0,3,2,9.0,Suburban,Semi-Furnished,Apartment,2,0,2.4,397132.0
1260,HP-2024-11259,2161.0,2,1,10.0,Suburban,Unfurnished,Apartment,1,0,8.1,373171.0
1261,HP-2018-11260,2591.0,4,2,3.0,Suburban,Semi-Furnished,Independent House,2,1,14.1,615091.0
1262,HP-2019-11261,2253.0,3,2,9.0,Rural,Unfurnished,Studio,1,1,2.9,458070.0
1263,HP-2020-11262,2577.0,2,1,0.0,Urban,Semi-Furnished,Studio,3,1,8.1,465334.0
1264,HP-2021-11263,1556.0,2,2,7.0,Downtown,Un-furnished,Independent House,1,1,0.9,456475.0
1265,HP-2022-11264,2319.0,5,4,10.0,Downtown,Unfurnished,Independent House,1,0,28.0,690310.0
1266,HP-2023-11265,1210.0,5,1,2.0,Urban,Furnished,Independent House,1,1,0.5,471716.0
1267,HP-2024-11266,2122.0,3,2,4.0,Rural,Semi-Furnished,Apartment,2,0,4.6,438579.0
1268,HP-2018-11267,1567.0,4,1,3.0,Suburban,Furnished,Apartment,2,0,6.2,412904.0
1269,HP-2019-11268,1685.0,3,3,1.0,Rural,Semi-Furnished,Apartment,1,0,12.5,421081.0
1270,HP-2020-11269,3065.0,3,2,5.0,Downtown,Semi-Furnished,Apartment,0,0,1.0,604101.0
1271,HP-2021-11270,2964.0,5,3,46.0,Suburban,Semi-Furnished,Apartment,1,0,4.7,599378.0
1272,HP-2022-11271,2626.0,2,1,5.0,Urban,Semi-Furnished,Independent House,1,0,2.9,522566.0
1273,HP-2023-11272,1435.0,3,1,7.0,Downtown,Semi-Furnished,Apartment,1,0,,376418.0
1274,HP-2024-11273,1979.0,3,1,13.0,Urban,Furnished,Apartment,1,0,12.1,429920.0
1275,HP-2018-11274,3049.0,3,3,13.0,Suburban,Furnished,Independent House,2,0,0.5,648283.0
1276,HP-2019-11275,2299.0,3,2,36.0,Urban,Furnished,Independent House,1,1,11.1,505610.0
1277,HP-2020-11276,3824.0,3,3,23.0,Urban,Semi-Furnished,Apartment,3,1,13.3,742680.0
1278,HP-2021-11277,2475.0,2,1,19.0,Urban,Semi_Furnished,Villa,1,0,18.5,488300.0
1279,HP-2022-11278,2334.0,3,2,36.0,Rural,Furnished,Independent House,2,1,7.9,493797.0
1280,HP-2023-11279,1984.0,2,1,3.0,Suburban,Unfurnished,Apartment,2,0,3.2,391446.0
1281,HP-2024-11280,2293.0,2,1,12.0,Downtown,Semi-Furnished,Studio,1,0,4.5,394535.0
1282,HP-2018-11281,2093.0,2,1,26.0,Rural,SEMI-FURNISHED,Apartment,1,0,28.0,290056.0
1283,HP-2019-11282,2696.0,4,2,12.0,Downtown,Unfurnished,Independent House,1,0,17.0,616830.0
1284,HP-2020-11283,2870.0,3,1,45.0,Urban,Unfurnished,Apartment,1,1,5.0,506955.0
1285,HP-2021-11284,1650.0,4,3,1.0,Suburban,Furnished,Apartment,1,0,22.9,464889.0
1286,HP-2022-11285,1268.0,4,3,7.0,Rural,Semi-Furnished,Apartment,1,0,13.9,405426.0
1287,HP-2023-11286,915.0,4,3,45.0,Urban,Unfurnished,Independent House,1,0,18.5,357942.0
1288,HP-2024-11287,2556.0,3,3,6.0,Suburban,Furnished,Apartment,1,1,9.2,569159.0
1289,HP-2018-11288,1428.0,3,2,16.0,Suburban,Furnished,Studio,1,0,15.6,287560.0
1290,HP-2019-11289,693.0,3,2,0.0,Suburban,Semi-Furnished,Independent House,0,1,17.8,295706.0
1291,HP-2020-11290,2472.0,4,4,,Rural,Semi-Furnished,Studio,0,1,0.8,608226.0
1292,HP-2021-11291,3945.0,3,3,33.0,Suburban,Furnished,Apartment,2,1,26.9,696109.0
1293,HP-2022-11292,2196.0,5,4,6.0,Urban,Furnished,Apartment,2,1,3.2,617206.0
1294,HP-2023-11293,2787.0,5,3,0.0,Rural,Semi-Furnished,Apartment,3,0,4.6,679425.0
1295,HP-2024-11294,2257.0,2,1,0.0,Downtown,Unfurnished,Villa,0,0,12.6,535517.0
1296,HP-2018-11295,2131.0,2,1,27.0,Urban,Unfurnished,Apartment,0,1,8.7,381528.0
1297,HP-2019-11296,2843.0,4,3,15.0,Urban,Unfurnished,Studio,0,0,17.9,596279.0
1298,HP-2020-11297,1997.0,3,2,,Rural,#Semi-Furnished,Apartment,1,0,4.1,409209.0
1299,HP-2021-11298,2387.0,1,1,1.0,Urban,Semi-Furnished,Studio,2,0,3.7,395304.0
1300,HP-2022-11299,2425.0,5,4,20.0,Suburban,Semi-Furnished,Independent House,1,1,0.5,648222.0
1301,HP-2023-11300,1732.0,2,1,20.0,Urban,Furnished,Independent House,2,0,5.0,349656.0
1302,HP-2024-11301,2894.0,5,4,2.0,Rural,Furnished,Studio,2,0,10.3,661229.0
1303,HP-2018-11302,2078.0,4,3,4.0,Downtown, Furnished,Studio,3,1,2.9,619640.0
1304,HP-2019-11303,1671.0,4,2,18.0,Suburban,Furnished,Studio,0,0,5.0,413435.0
1305,HP-2020-11304,2576.0,2,1,9.0,Downtown,Semi-Furnished,Independent House,0,0,2.0,533098.0
1306,HP-2021-11305,1571.0,2,1,38.0,Rural,Unfurnished,Studio,1,0,11.9,195298.0
1307,HP-2022-11306,2220.0,3,3,8.0,Rural,Furnished,Independent House,0,0,0.5,519184.0
1308,HP-2023-11307,,2,1,14.0,Downtown,Semi-Furnished,Villa,3,0,9.8,478054.0
1309,HP-2024-11308,2960.0,3,2,9.0,Downtown,Unfurnished,Villa,1,0,3.8,651960.0
1310,HP-2018-11309,2532.0,3,2,34.0,Suburban,Furnished,Villa,1,1,,556960.0
1311,HP-2019-11310,,2,2,6.0,Suburban,Unfurnished,Independent House,1,1,15.4,471218.0
1312,HP-2020-11311,6978.479335476343,2,1,3.0,Downtown,Unfurnished,Villa,1,0,5.4,1369606.3853176562
1313,HP-2021-11312,3173.0,4,2,5.0,Downtown,Furnished,Apartment,1,1,7.3,674310.0
1314,HP-2022-11313,2590.0,2,2,23.0,Rural,Unfurnished,Villa,1,0,10.5,494147.0
1315,HP-2023-11314,2207.0,1,1,8.0,Urban,Unfurnished,Apartment,2,0,8.5,386119.0
1316,HP-2024-11315,1282.0,4,3,5.0,Downtown,#Furnished,Independent House,3,1,10.5,514056.0
1317,HP-2018-11316,1454.0,6,3,9.0,Suburban,Unfurnished,Independent House,1,0,11.5,551575.0
1318,HP-2019-11317,1986.0,3,2,2.0,Downtown,Semi_Furnished,Studio,1,1,7.1,456575.0
1319,HP-2020-11318,1773.0,2,2,0.0,Urban,Unfurnished,Independent House,0,0,3.6,391447.0
1320,HP-2021-11319,2069.0,4,2,4.0,Downtown,Semi-Furnished,Independent House,2,0,2.2,618940.0
1321,HP-2022-11320,2240.0,5,3,11.0,Urban,Semi-Furnished,Apartment,0,1,18.7,604257.0
1322,HP-2023-11321,2571.0,4,3,15.0,Downtown,Semi-Furnished,Studio,3,0,28.0,588569.0
1323,HP-2024-11322,2151.0,4,2,21.0,Suburban,Semi-Furnished,Apartment,1,0,3.5,501048.0
1324,HP-2018-11323,2541.0,3,2,31.0,Suburban,Unfurnished,Studio,1,0,1.0,443968.0
1325,HP-2019-11324,2245.0,3,2,6.0,Downtown,Unfurnished,Independent House,1,0,2.0,554233.0
1326,HP-2020-11325,817.0,2,1,16.0,Rural,Semi-Furnished,Apartment,3,1,30.322117325964513,234313.0
1327,HP-2021-11326,1542.0,4,3,1.0,Urban,Unfurnished,Studio,1,1,1.5,469473.0
1328,HP-2022-11327,2099.0,4,3,1.0,Downtown,Unfurnished,Apartment,1,1,12.1,583324.0
1329,HP-2023-11328,1353.0,6,3,2.0,Urban,Un-furnished,Apartment,0,0,20.5,501986.0
1330,HP-2024-11329,2620.0,3,2,7.0,Downtown,Semi-Furnished,Apartment,1,0,26.5,562184.0
1331,HP-2018-11330,3272.0,1,1,3.0,Suburban,,Studio,0,1,0.5,500207.0
1332,HP-2019-11331,3053.0,3,3,4.0,Suburban,,Villa,2,0,25.4,693920.0
1333,HP-2020-11332,2051.0,4,3,13.0,Downtown,Semi-Furnished,Studio,3,0,10.8,561681.0
1334,HP-2021-11333,3244.0,4,3,5.0,Suburban,Unfurnished,Apartment,3,1,0.7,718384.0
1335,HP-2022-11334,2304.0,2,2,10.0,Urban,Furnished,Apartment,0,0,4.3,458044.0
1336,HP-2023-11335,1964.0,3,2,6.0,Rural,#Semi-Furnished,Independent House,1,1,9.6,476466.0
1337,HP-2024-11336,1771.0,3,1,2.0,Suburban,Furnished,Independent House,0,0,25.1,413242.0
1338,HP-2018-11337,1988.0,3,2,1.0,Suburban,Unfurnished,Villa,1,1,1.4,562775.0
1339,HP-2019-11338,1928.0,5,4,3.0,Suburban,Furnished,Independent House,2,0,1.1,616621.0
1340,HP-2020-11339,2319.0,3,2,1.0,Rural,Semi-Furnished,Apartment,1,1,5.1,464306.0
1341,HP-2021-11340,2312.0,4,2,12.0,Urban,Semi-Furnished,Apartment,2,0,27.6,508198.0
1342,HP-2022-11341,2202.0,4,2,19.0,Urban,Furnished,Independent House,2,1,28.4,553010.0
1343,HP-2023-11342,2506.0,4,1,5.0,Suburban,Semi-Furnished,Apartment,1,0,2.1,538338.0
1344,HP-2024-11343,3033.0,3,2,6.0,Suburban,Unfurnished,Studio,2,1,3.1,579461.0
1345,HP-2018-11344,2865.0,5,3,20.0,Urban,Furnished,Studio,0,1,19.1,640368.0
1346,HP-2019-11345,1161.0,3,1,3.0,Downtown,Un-furnished,Villa,1,0,10.6,391973.0
1347,HP-2020-11346,500.0,3,1,2.0,Urban,Furnished,Apartment,1,0,28.7,224642.0
1348,HP-2021-11347,2854.0,2,1,8.0,Downtown,Furnished,Apartment,3,1,17.9,528023.0
1349,HP-2022-11348,1243.0,3,2,12.0,Downtown,Unfurnished,Independent House,1,0,1.9,440743.0
1350,HP-2023-11349,2043.0,3,3,11.0,Urban,Semi-Furnished,Villa,2,1,11.4,597341.0
1351,HP-2024-11350,1381.0,3,3,15.0,Urban,Semi-Furnished,Studio,2,0,0.5,408108.0
1352,HP-2018-11351,939.0,6,3,1.0,Downtown,Furnished,Studio,2,1,13.6,512592.0
1353,HP-2019-11352,2579.0,2,2,7.0,Downtown,unfurnished,Apartment,2,0,7.4,545516.0
1354,HP-2020-11353,2731.0,4,2,3.0,Downtown,Furnished,Studio,1,1,,608907.0
1355,HP-2021-11354,1796.0,6,3,17.0,Urban,Unfurnished,Apartment,2,0,25.8,571561.0
1356,HP-2022-11355,500.0,1,1,25.0,Rural,Semi-Furnished,Villa,1,0,0.5,120446.0
1357,HP-2023-11356,1818.0,4,3,4.0,Downtown,Semi-Furnished,Independent House,1,0,1.4,579572.0
1358,HP-2024-11357,2474.0,3,2,1.0,Urban,Unfurnished,Independent House,0,1,5.3,551809.0
1359,HP-2018-11358,1165.0,1,1,4.0,Suburban,Unfurnished,Independent House,1,0,16.9,241789.0
1360,HP-2019-11359,2328.0,3,2,1.0,Downtown,Unfurnished,Studio,3,0,13.5,530731.0
1361,HP-2020-11360,2189.0,5,3,5.0,Urban,Unfurnished,Independent House,1,1,26.7,619364.0
1362,HP-2021-11361,2606.0,1,1,9.0,Rural,Furnished,Villa,1,0,7.7,456267.0
1363,HP-2022-11362,2284.0,4,3,44.0,Downtown,Unfurnished,Apartment,1,1,2.4,566491.0
1364,HP-2023-11363,1519.0,3,1,6.0,Urban,Furnished,Studio,0,1,0.5,348311.0
1365,HP-2024-11364,3038.0,5,3,3.0,Rural,Furnished,Studio,1,0,2.0,673853.0
1366,HP-2018-11365,2089.0,2,1,2.0,Suburban,Furnished,Independent House,1,0,9.0,399434.0
1367,HP-2019-11366,2181.0,4,2,2.0,Suburban,Unfurnished,Studio,3,1,20.9,499115.0
1368,HP-2020-11367,1547.0,4,2,3.0,Downtown,Unfurnished,Apartment,1,0,3.1,483501.0
1369,HP-2021-11368,1890.0,4,2,17.0,Suburban,Furnished,Villa,1,1,16.7,535912.0
1370,HP-2022-11369,1581.0,5,3,1.0,Suburban,,Apartment,1,0,4.0,494964.0
1371,HP-2023-11370,2079.0,5,2,60.0,Urban,,Independent House,1,0,2.9,533536.0
1372,HP-2024-11371,3398.0,1,1,9.0,Suburban,SEMI-FURNISHED,Independent House,3,0,5.7,547466.0
1373,HP-2018-11372,,3,2,9.0,Suburban,SEMI-FURNISHED,Independent House,1,1,,395503.0
1374,HP-2019-11373,1071.0,3,2,5.0,Suburban,#Semi-Furnished,Independent House,1,1,19.6,353976.0
1375,HP-2020-11374,3230.0,3,1,14.0,Suburban,#Semi-Furnished,Apartment,1,0,5.1,558991.0
1376,HP-2021-11375,2053.0,3,3,8.0,Suburban,unfurnished,Studio,2,1,2.6,518480.0
1377,HP-2022-11376,1732.0,3,1,5.0,Suburban,Semi-Furnished,Apartment,1,0,14.8,403938.0
1378,HP-2023-11377,2928.0,3,3,4.0,Suburban,Unfurnished,Independent House,1,1,45.0,586232.0
1379,HP-2024-11378,1776.0,6,5,31.0,Urban,Furnished,Studio,0,1,,589374.0
1380,HP-2018-11379,3478.0,2,1,4.0,Urban,Furnished,Studio,3,1,2.3,655982.0
1381,HP-2019-11380,2675.0,5,3,7.0,Suburban,Furnished,Villa,2,0,2.2,715376.0
1382,HP-2020-11381,1858.0,3,2,5.0,Urban,Furnished,Independent House,0,0,0.5,484698.0
1383,HP-2021-11382,3710.0,4,1,,Urban,Unfurnished,Independent House,2,1,0.6,786415.0
1384,HP-2022-11383,1776.0,5,2,2.0,Urban,Semi-Furnished,Apartment,1,0,19.7,531909.0
1385,HP-2023-11384,2719.0,3,2,57.23988009321063,Urban,Semi-Furnished,Apartment,1,0,0.8,465600.5741191615
1386,HP-2024-11385,2410.0,3,3,14.0,Suburban,Semi-Furnished,Independent House,0,1,5.3,564341.0
1387,HP-2018-11386,3111.0,3,2,6.0,Suburban,Semi-Furnished,Villa,2,1,9.6,705478.0
1388,HP-2019-11387,3293.0,3,2,18.0,Urban,Furnished,Independent House,1,0,15.2,635539.0
1389,HP-2020-11388,5210.097809874367,5,3,15.0,Urban,Semi-Furnished,Villa,2,0,1.5,1466544.208037694
1390,HP-2021-11389,1673.0,5,4,3.0,Urban,Semi-Furnished,Independent House,0,0,4.6,582552.0
1391,HP-2022-11390,2522.0,2,2,10.0,Suburban,Unfurnished,Apartment,2,1,2.3,491207.0
1392,HP-2023-11391,1726.0,2,1,16.0,Downtown,Semi-Furnished,Studio,0,1,2.4,361574.0
1393,HP-2024-11392,3609.0,3,1,12.0,Urban,Unfurnished,Studio,1,1,2.9,682973.0
1394,HP-2018-11393,2296.0,2,1,11.0,Suburban,Semi_Furnished,Apartment,1,1,7.1,414074.0
1395,HP-2019-11394,1944.0,4,3,16.0,Urban,Furnished,Villa,1,1,0.5,605585.0
1396,HP-2020-11395,2329.0,2,1,1.0,Urban,Semi-Furnished,Independent House,1,0,4.2,448388.0
1397,HP-2021-11396,1257.0,3,2,16.0,Suburban,Unfurnished,Apartment,1,0,1.7,308751.0
1398,HP-2022-11397,1520.0,1,1,4.0,Suburban,#Semi-Furnished,Apartment,3,1,27.3,277886.0
1399,HP-2023-11398,3040.0,3,1,10.0,Urban,Furnished,Apartment,1,0,7.0,569918.0
1400,HP-2024-11399,1740.0,4,2,3.0,Urban,Furnished,Villa,1,1,16.2,544666.0
1401,HP-2018-11400,1467.0,3,2,22.0,Urban,#Furnished,Apartment,1,1,1.7,388539.0
1402,HP-2019-11401,2576.0,6,3,8.0,Downtown,Semi-Furnished,Apartment,1,0,13.3,704569.0
1403,HP-2020-11402,3030.0,5,2,12.0,Urban,Unfurnished,Apartment,0,0,4.3,666931.0
1404,HP-2021-11403,2703.0,3,1,19.0,Urban,Semi-Furnished,Apartment,2,0,1.6,509461.0
1405,HP-2022-11404,2897.0,1,1,27.0,Downtown,Unfurnished,Independent House,1,1,11.5,465366.0
1406,HP-2023-11405,1670.0,5,3,16.0,Urban,Semi-Furnished,Independent House,2,1,11.5,543103.0
1407,HP-2024-11406,1205.0,5,3,2.0,Urban,semi-furnished,Apartment,1,0,215.99460508204209,476919.0
1408,HP-2018-11407,3251.0,5,2,23.0,Urban,Furnished,Villa,3,1,12.1,753522.0
1409,HP-2019-11408,1974.0,2,1,12.0,Urban,Unfurnished,Apartment,1,1,1.3,393520.0
1410,HP-2020-11409,2024.0,6,3,11.0,Urban,Furnished,Independent House,0,0,3.1,664949.0
1411,HP-2021-11410,3130.0,3,1,31.0,Rural, Furnished,Apartment,1,0,4.8,497927.0
1412,HP-2022-11411,2589.0,4,3,3.0,Rural,Furnished,Villa,3,0,1.1,683975.0
1413,HP-2023-11412,2519.0,5,5,,Suburban, Furnished,Apartment,2,0,12.4,688925.0
1414,HP-2024-11413,3716.0,2,2,9.0,Suburban,Semi-Furnished,Independent House,0,0,6.0,675477.0
1415,HP-2018-11414,1750.0,5,5,17.0,Suburban,#Semi-Furnished,Apartment,1,0,23.1,566196.0
1416,HP-2019-11415,2849.0,3,2,,Suburban,Semi-Furnished,Apartment,3,1,7.1,587897.0
1417,HP-2020-11416,2240.0,6,3,12.0,Downtown,Semi-Furnished,Villa,0,0,5.9,714323.0
1418,HP-2021-11417,2388.0,3,2,7.0,Suburban,Semi-Furnished,Independent House,1,0,0.6,547071.0
1419,HP-2022-11418,3270.0,6,5,11.0,Urban,Furnished,Apartment,2,0,1.3,861382.0
1420,HP-2023-11419,2555.0,2,2,21.0,Urban,Un-furnished,Apartment,2,1,15.2,427118.0
1421,HP-2024-11420,2577.0,4,2,2.0,Rural,Semi Furnished,Independent House,2,1,37.4,572685.0
1422,HP-2018-11421,2951.0,3,2,14.0,Urban,Furnished,Apartment,3,1,,614356.0
1423,HP-2019-11422,1945.0,3,1,,Rural,Unfurnished,Apartment,0,1,13.3,352252.0
1424,HP-2020-11423,1613.0,2,2,7.0,Downtown,furnished,Apartment,1,0,7.9,381911.0
1425,HP-2021-11424,1469.0,4,3,5.0,Suburban,Unfurnished,Villa,2,0,25.6,499946.0
1426,HP-2022-11425,824.0,2,1,0.0,Urban,SEMI-FURNISHED,Apartment,2,1,2.2,305850.0
1427,HP-2023-11426,3639.0,3,1,19.0,Urban,Furnished ,Studio,2,0,6.3,622961.0
1428,HP-2024-11427,1428.0,3,2,5.0,Suburban,Unfurnished,Studio,3,1,4.2,395783.0
1429,HP-2018-11428,2045.0,6,4,,Downtown,Semi-Furnished,Studio,1,0,6.2,643286.0
1430,HP-2019-11429,2006.0,1,1,5.0,Downtown,Unfurnished,Studio,0,1,2.5,351206.0
1431,HP-2020-11430,2415.0,2,1,8.0,Suburban,Furnished,Studio,1,0,5.5,421905.0
1432,HP-2021-11431,2771.0,2,1,15.0,Suburban,Semi-Furnished,Studio,2,0,7.8,458092.0
1433,HP-2022-11432,2802.0,3,2,18.0,Downtown,Unfurnished,Apartment,1,0,0.7,548661.0
1434,HP-2023-11433,1792.0,2,2,6.0,Rural,Semi_Furnished,Apartment,2,1,10.9,406539.0
1435,HP-2024-11434,2083.0,3,1,13.0,Rural,Furnished,Apartment,1,0,9.8,379078.0
1436,HP-2018-11435,2398.0,5,2,15.0,Suburban,Semi-Furnished,Independent House,0,0,17.0,587890.0
1437,HP-2019-11436,2026.0,4,2,4.0,Urban,semi-furnished,Independent House,1,0,4.4,596423.0
1438,HP-2020-11437,3325.0,4,3,1.0,Urban,Semi-Furnished,Studio,2,0,0.5,707469.0
1439,HP-2021-11438,2544.0,2,1,27.0,Suburban,UNFURNISHED,Studio,1,0,5.0,392636.0
1440,HP-2022-11439,2714.0,4,2,14.0,Downtown,Unfurnished,Apartment,2,0,1.2,609482.0
1441,HP-2023-11440,2664.0,2,1,13.0,Suburban,Furnished,Independent House,1,1,8.3,495605.0
1442,HP-2024-11441,3021.0,4,2,1.0,Suburban,,Independent House,1,1,0.5,709132.0
1443,HP-2018-11442,2327.0,3,2,20.0,Downtown,Unfurnished,Independent House,0,0,3.7,524678.0
1444,HP-2019-11443,1292.0,3,2,10.0,Urban,Semi Furnished,Independent House,2,0,0.7,405032.0
1445,HP-2020-11444,2480.0,3,2,23.0,Rural,Furnished,Studio,1,0,0.5,468414.0
1446,HP-2021-11445,1744.0,5,3,44.0,Urban,Furnished,Studio,3,0,25.9,436472.0
1447,HP-2022-11446,1830.0,2,2,38.0,Urban,Furnished,Apartment,1,1,44.4,327036.0
1448,HP-2023-11447,2610.0,3,1,23.0,Downtown,Unfurnished,Apartment,1,0,6.5,489952.0
1449,HP-2024-11448,3067.0,2,1,0.0,Rural,Semi-Furnished,Villa,1,1,2.2,581446.0
1450,HP-2018-11449,2215.0,4,2,26.0,Downtown,Semi-Furnished,Independent House,0,0,19.4,514718.0
1451,HP-2019-11450,2416.0,5,3,1.0,Downtown,Furnished,Independent House,1,0,20.5,657111.0
1452,HP-2020-11451,3392.0,3,1,23.0,Rural,FURNISHED,Studio,1,1,15.4,496947.0
1453,HP-2021-11452,2369.0,3,2,4.0,Suburban,#Semi-Furnished,Apartment,2,0,6.3,500951.0
1454,HP-2022-11453,4021.0,5,4,11.0,Downtown,Unfurnished,Independent House,1,0,0.6,927493.0
1455,HP-2023-11454,2596.0,3,1,0.0,Urban,#Semi-Furnished,Studio,1,0,0.7,522488.0
1456,HP-2024-11455,967.0,3,1,18.0,Urban,,Independent House,0,0,18.2,265892.0
1457,HP-2018-11456,2727.0,4,2,1.0,Suburban,Unfurnished,Independent House,1,0,16.7,618421.0
1458,HP-2019-11457,2467.0,4,2,6.0,Downtown,Unfurnished,Apartment,1,1,4.6,615837.0
1459,HP-2020-11458,3103.0,2,2,20.0,Suburban,Semi-Furnished,Apartment,3,1,3.2,565994.0
1460,HP-2021-11459,2671.0,5,2,14.0,Suburban,Semi-Furnished,Apartment,2,1,8.3,632200.0
1461,HP-2022-11460,2103.0,3,2,0.0,Rural,Furnished,Independent House,2,0,13.2,448588.0
1462,HP-2023-11461,1343.0,2,2,6.0,Suburban,Semi-Furnished,Independent House,1,1,10.5,361187.0
1463,HP-2024-11462,2054.0,4,3,1.0,Rural,Semi-Furnished,Studio,0,1,7.6,505899.0
1464,HP-2018-11463,1605.0,3,2,13.0,Rural,Unfurnished,Apartment,1,0,2.1,381177.0
1465,HP-2019-11464,1794.0,2,1,42.0,Suburban,Semi-Furnished,Apartment,1,0,2.4,312435.0
1466,HP-2020-11465,2612.0,4,2,13.0,Urban,Semi-Furnished,Apartment,1,1,10.3,582226.0
1467,HP-2021-11466,3369.0,5,3,3.0,Urban,Semi-Furnished,Villa,1,1,13.0,828661.0
1468,HP-2022-11467,2476.0,5,3,5.0,Suburban,FURNISHED,Studio,2,0,1.0,624330.0
1469,HP-2023-11468,1363.0,6,5,45.0,Downtown,Unfurnished,Studio,3,0,1.7,556052.0
1470,HP-2024-11469,2511.0,5,3,3.0,Suburban,Unfurnished,Villa,1,1,9.1,717624.0
1471,HP-2018-11470,3038.0,1,2,10.0,Downtown,Semi-Furnished,Apartment,2,0,3.9,549953.0
1472,HP-2019-11471,1773.0,3,2,6.0,Downtown,Furnished,Apartment,2,0,6.6,461580.0
1473,HP-2020-11472,2106.0,4,2,18.0,Urban,Unfurnished,Studio,1,1,7.6,503526.0
1474,HP-2021-11473,2210.0,3,1,24.0,Downtown,Semi-Furnished,Independent House,3,0,12.0,486362.0
1475,HP-2022-11474,1651.0,4,2,5.0,Urban,Unfurnished,Apartment,1,1,13.1,447732.0
1476,HP-2023-11475,2654.0,4,4,13.0,Urban,Furnished,Independent House,2,1,2.6,680468.0
1477,HP-2024-11476,2115.0,3,1,10.0,Urban,Furnished,Apartment,1,0,6.2,400340.0
1478,HP-2018-11477,2494.0,5,4,4.0,Urban,Semi-Furnished,Independent House,1,0,1.1,746959.0
1479,HP-2019-11478,1579.0,3,1,4.0,Downtown,Semi-Furnished,Studio,1,0,14.8,398885.0
1480,HP-2020-11479,1894.0,3,1,9.0,Suburban,Furnished,Apartment,2,0,14.9,417235.0
1481,HP-2021-11480,2706.0,6,3,2.0,Suburban,#Furnished,Independent House,0,1,2.8,742765.0
1482,HP-2022-11481,1939.0,3,2,20.0,Downtown,Semi-Furnished,Apartment,0,0,1.4,467390.0
1483,HP-2023-11482,3409.0,2,2,1.0,Downtown,Unfurnished,Studio,1,1,0.6,652990.0
1484,HP-2024-11483,1920.0,3,2,1.0,Suburban,furnished,Apartment,0,1,6.8,428505.0
1485,HP-2018-11484,2357.0,4,2,5.0,Downtown,Semi-Furnished,Independent House,2,0,0.8,605538.0
1486,HP-2019-11485,2853.0,4,2,2.0,Suburban,Semi-Furnished,Apartment,2,1,9.1,639775.0
1487,HP-2020-11486,1207.0,4,2,8.0,Downtown,Unfurnished,Studio,2,1,9.1,413516.0
1488,HP-2021-11487,967.0,4,2,6.0,Downtown,Furnished,Apartment,2,1,7.6,403340.0
1489,HP-2022-11488,1132.0,3,1,15.0,Urban,Furnished,Apartment,3,0,16.7,326955.0
1490,HP-2023-11489,3084.0,5,4,37.0,Suburban,Semi-Furnished,Apartment,2,1,3.8,692990.0
1491,HP-2024-11490,1814.0,5,2,17.0,Downtown,Furnished,Villa,3,0,,636149.0
1492,HP-2018-11491,3991.0,2,2,2.0,Downtown,Semi-Furnished,Apartment,1,1,0.5,759477.0
1493,HP-2019-11492,1805.0,2,1,33.0,Urban,Semi-Furnished,Apartment,1,0,1.0,319508.0
1494,HP-2020-11493,2329.0,6,3,,Urban,Unfurnished,Villa,3,0,4.3,767593.0
1495,HP-2021-11494,3279.0,5,3,8.0,Suburban,Semi-Furnished,Villa,2,0,7.2,798748.0
1496,HP-2022-11495,3604.0,5,4,7.0,Urban,Furnished,Independent House,2,0,,856985.0
1497,HP-2023-11496,3643.0,5,4,4.0,Urban,Semi-Furnished,Apartment,0,0,6.7,858965.0
1498,HP-2024-11497,3046.0,3,2,27.0,Urban,Unfurnished,Independent House,2,0,2.9,612798.0
1499,HP-2018-11498,2917.0,4,3,5.0,Urban,Un-furnished,Independent House,2,1,17.5,688359.0
1500,HP-2019-11499,2615.0,3,1,10.0,Suburban,unfurnished,Independent House,1,0,6.1,528741.0
1501,HP-2020-11500,2745.0,2,1,3.0,Downtown,Unfurnished,Apartment,0,0,7.1,536254.0
1502,HP-2021-11501,1814.0,4,2,19.0,Urban,furnished,Studio,1,1,23.3,440692.0
1503,HP-2022-11502,1627.0,3,3,18.0,Suburban,Furnished,Apartment,3,0,11.6,426442.0
1504,HP-2023-11503,2198.0,4,2,4.0,Suburban,Semi-Furnished,Apartment,2,1,4.6,540005.0
1505,HP-2024-11504,2081.0,3,2,14.0,Downtown,Unfurnished,Apartment,3,0,5.2,505986.0
1506,HP-2018-11505,1883.0,3,2,15.0,Suburban,Furnished,Studio,1,0,8.4,378630.0
1507,HP-2019-11506,2687.0,2,1,10.0,Urban,Furnished,Villa,3,0,1.8,540371.0
1508,HP-2020-11507,2869.0,3,1,11.0,Rural,Un-furnished,Villa,1,1,0.7,577378.0
1509,HP-2021-11508,2262.0,2,2,10.0,Downtown,Unfurnished,Apartment,1,1,3.0,492378.0
1510,HP-2022-11509,3234.0,2,1,,Suburban,Furnished,Independent House,1,1,12.1,604754.0
1511,HP-2023-11510,1401.0,6,4,13.0,Urban,Furnished,Apartment,3,0,2.4,582921.0
1512,HP-2024-11511,2064.0,2,1,8.0,Urban,Unfurnished,Studio,1,1,1.1,411824.0
1513,HP-2018-11512,1698.0,3,2,7.0,Urban,semi-furnished,Independent House,1,1,2.0,466415.0
1514,HP-2019-11513,893.0,4,2,24.0,Urban,Unfurnished,Independent House,0,0,9.1,362297.0
1515,HP-2020-11514,2142.0,4,2,0.0,Urban,Semi-Furnished,Apartment,1,1,7.6,573202.0
1516,HP-2021-11515,2115.0,2,1,3.0,Urban,Unfurnished,Independent House,2,1,9.3,461107.0
1517,HP-2022-11516,3259.0,4,3,2.0,Urban,Semi-Furnished,Villa,1,0,3.1,780603.0
1518,HP-2023-11517,2642.0,4,2,0.0,Downtown,Unfurnished,Independent House,2,0,18.5,639256.0
1519,HP-2024-11518,1483.0,2,1,4.0,Downtown,Semi-Furnished,Independent House,3,1,4.8,421826.0
1520,HP-2018-11519,3498.0,3,1,54.0,Urban,Semi-Furnished,Independent House,1,0,5.8,522894.0
1521,HP-2019-11520,3055.0,5,3,4.0,Rural,Semi-Furnished,Villa,2,1,23.8,726263.0
1522,HP-2020-11521,2607.0,5,4,13.0,Downtown,Semi-Furnished,Studio,1,0,31.0,668920.0
1523,HP-2021-11522,2041.0,4,3,2.0,Urban,Semi-Furnished,Apartment,3,0,8.7,537453.0
1524,HP-2022-11523,1528.0,2,1,11.0,Urban,Semi-Furnished,Apartment,0,0,23.2,290159.0
1525,HP-2023-11524,1939.0,3,3,50.0,Urban,Furnished,Independent House,2,1,6.2,489751.0
1526,HP-2024-11525,2962.0,3,1,4.0,Downtown,Unfurnished,Apartment,2,0,2.9,609800.0
1527,HP-2018-11526,3519.0,2,2,23.0,Urban,Furnished,Apartment,1,0,3.0,637478.0
1528,HP-2019-11527,3280.0,3,1,60.0,Urban,Unfurnished,Apartment,1,0,6.5,504907.0
1529,HP-2020-11528,1858.0,4,2,11.0,Suburban,Semi-Furnished,Independent House,1,1,7.4,506591.0
1530,HP-2021-11529,1416.0,3,1,4.0,Downtown,Semi-Furnished,Apartment,0,1,4.6,390923.0
1531,HP-2022-11530,2299.0,4,2,13.0,Urban,Semi-Furnished,Independent House,1,1,17.2,553343.0
1532,HP-2023-11531,962.0,5,3,22.0,Suburban,Unfurnished,Studio,3,1,4.5,410573.0
1533,HP-2024-11532,2426.0,3,2,2.0,Urban,Furnished,Villa,1,0,2.6,569751.0
1534,HP-2018-11533,2097.0,5,2,64.45454060663471,Suburban,Un-furnished,Villa,1,0,0.5,574471.4146117108
1535,HP-2019-11534,1874.0,2,1,5.0,Suburban,Furnished,Apartment,0,0,28.2,346532.0
1536,HP-2020-11535,1084.0,5,2,4.0,Suburban,Unfurnished,Apartment,0,1,13.9,397321.0
1537,HP-2021-11536,2560.0,2,1,24.0,Suburban,Unfurnished,Apartment,1,1,7.6,417789.0
1538,HP-2022-11537,1827.0,2,1,7.0,Urban,Unfurnished,Studio,3,1,14.2,379160.0
1539,HP-2023-11538,1381.0,4,2,5.0,Urban,Unfurnished,Independent House,2,1,13.3,481440.0
1540,HP-2024-11539,500.0,3,2,11.0,Urban,Semi-Furnished,Apartment,1,1,21.5,244959.0
1541,HP-2018-11540,2181.0,5,4,3.0,Urban,Furnished,Independent House,1,0,3.9,676810.0
1542,HP-2019-11541,3441.0,3,1,3.0,Urban,Furnished,Apartment,1,0,6.5,637364.0
1543,HP-2020-11542,3363.0,3,2,9.0,Urban,Furnished,Independent House,2,1,0.8,707070.0
1544,HP-2021-11543,1880.0,3,2,6.0,Suburban,furnished,Apartment,2,1,112.66957535298488,468714.0
1545,HP-2022-11544,1778.0,3,1,4.0,Urban,semi-furnished,Apartment,2,0,33.7,397111.0
1546,HP-2023-11545,2528.0,3,2,1.0,Rural,unfurnished,Apartment,0,1,12.5,488255.0
1547,HP-2024-11546,1501.0,4,2,9.0,Rural,Furnished,Apartment,3,0,4.8,401448.0
1548,HP-2018-11547,2411.0,4,3,20.0,Urban,Furnished,Villa,0,0,5.5,644091.0
1549,HP-2019-11548,2736.0,5,3,80.00504089205351,Suburban,Semi-Furnished,Independent House,1,1,4.6,656159.1227211043
1550,HP-2020-11549,3059.0,6,3,3.0,Rural,Unfurnished,Apartment,3,1,2.8,766122.0
1551,HP-2021-11550,2130.0,3,1,11.0,Suburban,FURNISHED,Independent House,1,0,6.0,462583.0
1552,HP-2022-11551,2057.0,4,2,23.0,Downtown,Semi-Furnished,Apartment,0,0,0.5,504235.0
1553,HP-2023-11552,,3,3,6.0,Downtown,Semi-Furnished,Independent House,1,1,38.5,475234.0
1554,HP-2024-11553,1621.0,4,2,32.0,Rural,#Furnished,Apartment,1,0,4.4,352331.0
1555,HP-2018-11554,2041.0,3,1,28.0,Urban,SEMI-FURNISHED,Apartment,0,0,21.0,387621.0
1556,HP-2019-11555,2457.0,6,3,3.0,Urban,Semi-Furnished,Apartment,1,0,10.3,717815.0
1557,HP-2020-11556,2840.0,4,2,4.0,Urban,Unfurnished,Independent House,1,0,2.7,657634.0
1558,HP-2021-11557,1638.0,6,3,2.0,Suburban,Unfurnished,Studio,2,1,2.0,569105.0
1559,HP-2022-11558,3245.0,5,2,3.0,Suburban,Unfurnished,Apartment,0,0,,651530.0
1560,HP-2023-11559,2010.0,5,3,29.0,Urban,Semi_Furnished,Apartment,2,0,11.8,554425.0
1561,HP-2024-11560,2185.0,4,2,32.0,Urban,Furnished,Apartment,1,1,2.3,525100.0
1562,HP-2018-11561,1677.0,3,1,1.0,Downtown,Furnished,Apartment,1,1,0.6,451258.0
1563,HP-2019-11562,503.0,3,2,11.0,Urban,Semi_Furnished,Apartment,1,0,9.5,226386.0
1564,HP-2020-11563,2819.0,3,2,10.0,Suburban,Unfurnished,Apartment,2,0,2.9,591223.0
1565,HP-2021-11564,2716.0,1,1,6.0,Downtown,Semi-Furnished,Studio,2,0,2.0,470479.0
1566,HP-2022-11565,2003.0,3,2,12.0,Suburban,Unfurnished,Apartment,0,0,10.6,424008.0
1567,HP-2023-11566,2247.0,3,1,35.0,Urban,FURNISHED,Villa,2,0,9.1,470374.0
1568,HP-2024-11567,2561.0,3,2,2.0,Rural,Furnished,Apartment,2,0,5.3,512519.0
1569,HP-2018-11568,1106.0,6,4,2.0,Urban,Unfurnished,Apartment,0,1,22.9,555098.0
1570,HP-2019-11569,1830.0,5,3,0.0,Downtown,Unfurnished,Villa,2,1,9.1,636152.0
1571,HP-2020-11570,2756.0,2,1,5.0,Downtown,Semi-Furnished,Villa,1,1,17.9,586417.0
1572,HP-2021-11571,1322.0,3,3,5.0,Suburban,Furnished,Apartment,0,1,1.7,411380.0
1573,HP-2022-11572,2405.0,3,3,7.0,Suburban,Furnished,Apartment,1,1,2.8,555329.0
1574,HP-2023-11573,1250.0,3,2,8.0,Suburban,Furnished,Apartment,3,0,0.9,348360.0
1575,HP-2024-11574,2527.0,4,3,17.0,Downtown,Semi-Furnished,Apartment,1,0,2.9,581627.0
1576,HP-2018-11575,2175.0,3,1,6.0,Urban,Furnished,Studio,3,1,28.5,488699.0
1577,HP-2019-11576,1069.0,4,2,5.0,Suburban,Semi-Furnished,Independent House,2,1,26.3,409693.0
1578,HP-2020-11577,3015.0,5,3,21.0,Urban,,Studio,0,0,11.4,689737.0
1579,HP-2021-11578,1686.0,4,2,23.0,Rural,Semi Furnished,Apartment,0,0,5.9,410730.0
1580,HP-2022-11579,1633.0,2,1,3.0,Rural,Semi-Furnished,Independent House,2,1,12.1,365023.0
1581,HP-2023-11580,2340.0,4,1,,Downtown,Semi-Furnished,Apartment,1,0,6.5,546524.0
1582,HP-2024-11581,3004.0,3,2,21.0,Suburban,Semi-Furnished,Villa,0,0,0.5,629716.0
1583,HP-2018-11582,1489.0,3,2,1.0,Urban,Semi-Furnished,Apartment,2,0,5.6,439200.0
1584,HP-2019-11583,2243.0,2,2,5.0,Suburban,Semi-Furnished,Independent House,2,0,7.3,486588.0
1585,HP-2020-11584,2500.0,3,1,48.737652378696325,Downtown,Furnished,Apartment,2,0,2.5,514241.1593542641
1586,HP-2021-11585,2685.0,3,1,2.0,Suburban,Semi-Furnished,Independent House,1,0,1.8,568356.0
1587,HP-2022-11586,2324.0,3,1,2.0,Suburban,#Furnished,Independent House,1,1,2.6,521114.0
1588,HP-2023-11587,1943.0,4,2,7.0,Downtown,Furnished,Villa,3,0,7.8,583102.0
1589,HP-2024-11588,1621.0,4,3,17.0,Urban,Unfurnished,Apartment,2,1,1.3,507908.0
1590,HP-2018-11589,2260.0,2,1,22.0,Rural,Unfurnished,Independent House,1,0,10.2,375551.0
1591,HP-2019-11590,1450.0,1,2,46.0,Suburban,Unfurnished,Apartment,2,0,20.604415468886607,224893.0
1592,HP-2020-11591,500.0,5,3,1.0,Urban,Unfurnished,Apartment,1,1,3.5,421206.0
1593,HP-2021-11592,2506.0,1,1,59.432891082648595,Downtown,Unfurnished,Independent House,1,1,13.2,449982.2659650003
1594,HP-2022-11593,2833.0,5,2,17.0,Rural,Unfurnished,Studio,1,1,5.6,623330.0
1595,HP-2023-11594,546.0,4,3,9.0,Suburban,Unfurnished,Studio,0,0,3.8,291472.0
1596,HP-2024-11595,1493.0,3,1,5.0,Suburban,#Semi-Furnished,Apartment,2,0,16.8,313664.0
1597,HP-2018-11596,2633.0,2,2,3.0,Downtown,Semi-Furnished,Studio,1,1,3.7,553141.0
1598,HP-2019-11597,3640.0,1,1,4.0,Rural,Semi-Furnished,Studio,1,0,15.7,504725.0
1599,HP-2020-11598,2215.0,2,2,7.0,Rural,Furnished,Apartment,2,1,5.6,441021.0
1600,HP-2021-11599,1690.0,2,1,2.0,Urban,Semi Furnished,Independent House,2,0,1.9,387199.0
1601,HP-2022-11600,2072.0,4,2,40.0,Suburban,semi-furnished,Studio,0,1,7.6,391615.0
1602,HP-2023-11601,3162.0,2,2,1.0,Downtown,Unfurnished,Independent House,2,1,2.7,646091.0
1603,HP-2024-11602,1748.0,3,2,51.0,Suburban,Unfurnished,Apartment,2,0,1.3,358530.0
1604,HP-2018-11603,1641.0,4,2,,Suburban,Unfurnished,Independent House,2,0,0.7,455479.0
1605,HP-2019-11604,1862.0,3,1,7.0,Suburban,Semi-Furnished,Apartment,2,1,2.2,418494.0
1606,HP-2020-11605,1533.0,1,1,16.0,Suburban,Unfurnished,Apartment,1,1,10.7,235272.0
1607,HP-2021-11606,2286.0,1,1,13.0,Urban,Un-furnished,Villa,1,0,14.6,460243.0
1608,HP-2022-11607,3337.0,1,1,3.0,Urban,Furnished,Apartment,2,0,15.8,528123.0
1609,HP-2023-11608,2426.0,4,3,5.0,Suburban,semi-furnished,Villa,2,0,2.5,694285.0
1610,HP-2024-11609,2023.0,3,2,9.0,Suburban,Semi-Furnished,Apartment,1,0,8.7,451562.0
1611,HP-2018-11610,1996.0,4,2,12.0,Rural,Furnished,Independent House,0,0,2.1,515909.0
1612,HP-2019-11611,1106.0,3,1,9.0,Urban,Semi-Furnished,Independent House,2,1,7.8,351640.0
1613,HP-2020-11612,2818.0,3,1,8.0,Urban,Semi-Furnished,Villa,1,0,17.5,559931.0
1614,HP-2021-11613,2146.0,3,3,7.0,Rural,Furnished,Studio,1,1,0.5,477573.0
1615,HP-2022-11614,2074.0,4,3,8.0,Suburban,Unfurnished,Villa,1,1,33.7,589970.0
1616,HP-2023-11615,4435.0,3,2,7.0,Urban,Semi-Furnished,Independent House,1,0,14.0,816385.0
1617,HP-2024-11616,2409.0,2,1,9.0,Rural,furnished,Apartment,1,0,,407721.0
1618,HP-2018-11617,1674.0,3,2,26.0,Downtown,#Unfurnished,Independent House,1,1,9.4,491612.0
1619,HP-2019-11618,1902.0,3,3,12.0,Suburban,Semi-Furnished,Apartment,0,0,11.8,452093.0
1620,HP-2020-11619,3004.0,3,2,15.0,Rural,Semi-Furnished,Apartment,3,0,41.8,524319.0
1621,HP-2021-11620,2279.0,4,3,11.0,Urban,Unfurnished,Apartment,3,1,11.8,589646.0
1622,HP-2022-11621,1193.0,3,2,12.0,Suburban,Furnished,Apartment,3,0,3.5,337844.0
1623,HP-2023-11622,2843.0,4,4,10.0,Downtown,Semi-Furnished,Apartment,2,0,7.6,707027.0
1624,HP-2024-11623,1732.0,3,2,0.0,Suburban,Un-furnished,Apartment,2,0,3.3,455658.0
1625,HP-2018-11624,,4,3,60.0,Rural,Semi-Furnished,Apartment,1,1,28.1,625502.0
1626,HP-2019-11625,2956.0,4,2,0.0,Urban,Furnished,Apartment,0,0,18.4,619377.0
1627,HP-2020-11626,1887.0,3,2,6.0,Urban,Unfurnished,Apartment,0,0,6.7,442529.0
1628,HP-2021-11627,3097.0,4,2,1.0,Suburban,Unfurnished,Independent House,1,0,12.2,656281.0
1629,HP-2022-11628,2247.0,5,3,1.0,Downtown,Unfurnished,Apartment,1,1,19.2,664460.0
1630,HP-2023-11629,2797.0,3,3,19.0,Urban,Unfurnished,Apartment,3,1,2.2,591208.0
1631,HP-2024-11630,2539.0,3,1,7.0,Urban,Semi-Furnished,Apartment,1,0,6.9,489264.0
1632,HP-2018-11631,1608.0,4,3,19.0,Rural,Semi-Furnished,Apartment,1,1,5.3,372231.0
1633,HP-2019-11632,1750.0,4,3,4.0,Rural,semi-furnished,Studio,2,0,11.8,438454.0
1634,HP-2020-11633,2921.0,2,2,4.0,Urban,Unfurnished,Apartment,1,0,3.8,539471.0
1635,HP-2021-11634,1966.0,5,3,3.0,Suburban,Unfurnished,Independent House,3,1,9.9,615076.0
1636,HP-2022-11635,1917.0,1,2,11.0,Suburban,Unfurnished,Apartment,1,0,16.956961864878807,324412.0
1637,HP-2023-11636,1531.0,4,2,20.0,Rural,Furnished,Apartment,1,1,0.9,386883.0
1638,HP-2024-11637,2497.0,4,3,7.0,Suburban,Semi-Furnished,Apartment,3,1,0.9,644908.0
1639,HP-2018-11638,3644.0,6,4,6.0,Downtown,Unfurnished,Apartment,2,0,1.0,888981.0
1640,HP-2019-11639,1453.0,2,2,44.0,Rural,,Apartment,1,1,0.5,237673.0
1641,HP-2020-11640,2217.0,4,1,1.0,Suburban,Semi-Furnished,Villa,1,0,6.1,538149.0
1642,HP-2021-11641,3189.0,3,1,8.0,Urban,Unfurnished,Villa,2,0,8.9,632628.0
1643,HP-2022-11642,2144.0,3,3,6.0,Suburban,Unfurnished,Apartment,1,1,1.1,518664.0
1644,HP-2023-11643,2517.0,2,1,1.0,Rural,Semi-Furnished,Apartment,2,1,7.6,462043.0
1645,HP-2024-11644,1456.0,3,1,4.0,Suburban,Furnished,Apartment,3,0,7.3,341146.0
1646,HP-2018-11645,2500.0,3,2,0.0,Rural,Semi-Furnished,Apartment,1,1,1.3,532235.0
1647,HP-2019-11646,2069.0,2,1,25.0,Rural,Unfurnished,Villa,2,1,4.1,442475.0
1648,HP-2020-11647,2890.0,4,3,11.0,Suburban,Semi-Furnished,Studio,2,0,11.3,632018.0
1649,HP-2021-11648,3031.0,4,2,20.0,Suburban,Semi-Furnished,Apartment,1,1,0.5,631006.0
1650,HP-2022-11649,4013.0,4,2,9.0,Downtown, Unfurnished,Villa,3,0,1.3,872659.0
1651,HP-2023-11650,2606.0,5,3,11.0,Urban,#Semi-Furnished,Independent House,2,0,43.8,650856.0
1652,HP-2024-11651,2428.0,3,2,14.0,Suburban,Semi-Furnished,Independent House,1,1,10.6,557440.0
1653,HP-2018-11652,2336.0,6,4,29.0,Urban,SEMI-FURNISHED,Apartment,2,0,5.0,675706.0
1654,HP-2019-11653,1953.0,5,3,1.0,Downtown,Semi-Furnished,Apartment,1,1,7.9,604501.0
1655,HP-2020-11654,2437.0,3,1,5.0,Rural,Furnished,Independent House,0,0,15.0,469596.0
1656,HP-2021-11655,1993.0,2,1,15.0,Urban,Furnished,Independent House,2,0,14.8,393607.0
1657,HP-2022-11656,2318.0,3,3,38.0,Downtown,#Unfurnished,Studio,1,1,3.1,497650.0
1658,HP-2023-11657,3122.0,3,2,47.0,Suburban,Furnished ,Independent House,2,0,5.4,582278.0
1659,HP-2024-11658,1495.0,4,2,12.0,Downtown,Furnished,Apartment,1,0,8.1,447287.0
1660,HP-2018-11659,2998.0,4,3,3.0,Downtown,Semi-Furnished,Studio,1,1,0.6,681497.0
1661,HP-2019-11660,3122.0,4,2,2.0,Urban,Semi-Furnished,Apartment,2,1,23.3,688022.0
1662,HP-2020-11661,2117.0,3,2,35.0,Urban,Semi-Furnished,Apartment,3,0,4.5,470138.0
1663,HP-2021-11662,715.0,2,1,,Urban,Semi-Furnished,Independent House,2,0,3.7,249884.0
1664,HP-2022-11663,1775.0,5,3,3.0,Rural,Furnished,Apartment,2,0,19.0,546889.0
1665,HP-2023-11664,3108.0,3,2,33.0,Suburban,Furnished,Studio,1,1,1.0,562065.0
1666,HP-2024-11665,2184.0,6,3,1.0,Rural,Furnished,Apartment,2,0,0.5,625736.0
1667,HP-2018-11666,1500.0,2,1,16.0,Suburban,Unfurnished,Apartment,1,0,9.2,311860.0
1668,HP-2019-11667,1847.0,6,4,12.0,Suburban,Semi-Furnished,Apartment,1,1,3.9,603826.0
1669,HP-2020-11668,2788.0,2,1,1.0,Downtown,Semi-Furnished,Independent House,0,0,11.6,532529.0
1670,HP-2021-11669,2583.0,2,1,5.0,Downtown,#Semi-Furnished,Apartment,2,0,0.6,483541.0
1671,HP-2022-11670,2033.0,1,1,2.0,Urban,Semi Furnished,Apartment,0,0,3.9,338601.0
1672,HP-2023-11671,1943.0,4,2,11.0,Urban,semi-furnished,Independent House,0,1,2.1,548220.0
1673,HP-2024-11672,1926.0,5,2,8.0,Urban,UNFURNISHED,Apartment,1,0,10.8,532996.0
1674,HP-2018-11673,1554.0,3,2,0.0,Downtown,Furnished,Apartment,1,0,2.1,423131.0
1675,HP-2019-11674,3331.0,5,3,45.0,Downtown,Semi-Furnished,Independent House,2,1,4.9,749007.0
1676,HP-2020-11675,1974.0,4,3,5.0,Urban,Unfurnished,Apartment,1,1,13.7,535327.0
1677,HP-2021-11676,3052.0,4,2,4.0,Urban,Furnished,Studio,1,0,19.8,621255.0
1678,HP-2022-11677,3265.0,5,4,3.0,Suburban,Semi-Furnished,Apartment,1,0,10.3,804696.0
1679,HP-2023-11678,2899.0,3,2,2.0,Suburban,Semi-Furnished,Apartment,1,0,4.5,578923.0
1680,HP-2024-11679,1898.0,3,2,60.0,Suburban,Semi-Furnished,Apartment,0,0,6.8,335515.0
1681,HP-2018-11680,2483.0,5,3,4.0,Rural,Furnished,Apartment,1,0,9.4,638871.0
1682,HP-2019-11681,2183.0,5,3,6.0,Downtown,Furnished,Villa,1,0,16.6,667279.0
1683,HP-2020-11682,1567.0,6,4,25.0,Urban,Furnished,Independent House,1,1,17.6,624862.0
1684,HP-2021-11683,2427.0,5,3,12.0,Urban,Un-furnished,Apartment,2,0,21.4,614009.0
1685,HP-2022-11684,1375.0,2,2,6.0,Urban,Unfurnished,Apartment,3,0,13.3,346496.0
1686,HP-2023-11685,3031.0,5,4,27.0,Urban,Furnished,Apartment,0,0,1.3,701325.0
1687,HP-2024-11686,1875.0,3,2,17.0,Downtown,Furnished,Independent House,0,1,11.0,481324.0
1688,HP-2018-11687,2341.0,6,4,3.0,Suburban,Semi-Furnished,Villa,2,0,13.5,747631.0
1689,HP-2019-11688,2398.0,3,2,12.0,Suburban,Semi-Furnished,Apartment,1,1,16.8,502469.0
1690,HP-2020-11689,2019.0,3,2,31.0,Suburban,Semi-Furnished,Apartment,1,0,20.7,386403.0
1691,HP-2021-11690,2611.0,3,1,8.0,Urban,Unfurnished,Villa,1,1,5.7,587708.0
1692,HP-2022-11691,1868.0,3,3,16.0,Urban,Unfurnished,Villa,3,0,8.5,508380.0
1693,HP-2023-11692,2810.0,2,2,43.0,Downtown,Furnished,Apartment,2,0,0.5,510533.0
1694,HP-2024-11693,1258.0,5,3,14.0,Rural,Furnished,Apartment,0,1,6.8,463596.0
1695,HP-2018-11694,2288.0,4,2,1.0,Urban,Unfurnished,Studio,0,0,5.1,532038.0
1696,HP-2019-11695,3557.0,2,2,3.0,Suburban,Semi-Furnished,Villa,1,0,26.2,670891.0
1697,HP-2020-11696,1500.0,4,3,11.0,Suburban,Unfurnished,Apartment,1,0,18.6,423386.0
1698,HP-2021-11697,1726.0,4,2,4.0,Downtown,Semi-Furnished,Apartment,1,0,12.8,517976.0
1699,HP-2022-11698,,3,1,38.0,Downtown,Semi-Furnished,Studio,2,1,0.5,481374.0
1700,HP-2023-11699,6921.3856968061755,3,2,6.0,Rural,Semi-Furnished,Independent House,1,0,,1047538.0069713054
1701,HP-2024-11700,2445.0,5,3,7.0,Urban,Furnished,Villa,1,0,9.5,717577.0
1702,HP-2018-11701,2542.0,4,3,15.0,Suburban,Furnished,Apartment,1,0,0.5,595929.0
1703,HP-2019-11702,2644.0,3,2,9.0,Downtown,unfurnished,Villa,0,0,2.2,654229.0
1704,HP-2020-11703,2977.0,4,2,6.0,Downtown,Furnished,Independent House,3,0,17.5,721410.0
1705,HP-2021-11704,2487.0,2,2,1.0,Urban,Furnished,Apartment,0,0,1.1,517673.0
1706,HP-2022-11705,2031.0,3,2,11.0,Suburban,Semi-Furnished,Apartment,1,0,0.5,458312.0
1707,HP-2023-11706,2671.0,2,1,24.0,Urban,Semi-Furnished,Apartment,0,1,7.0,466564.0
1708,HP-2024-11707,3530.0,2,1,14.0,Rural,Furnished,Villa,1,0,23.4,567224.0
1709,HP-2018-11708,2107.0,4,1,6.0,Downtown,Semi-Furnished,Villa,3,1,14.4,589164.0
1710,HP-2019-11709,1518.0,5,3,2.0,Urban,Semi-Furnished,Independent House,0,1,29.4,596996.0
1711,HP-2020-11710,2975.0,3,2,20.0,Suburban,Unfurnished,Independent House,1,0,11.2,545572.0
1712,HP-2021-11711,2116.0,2,1,,Suburban,Unfurnished,Independent House,0,0,4.6,369324.0
1713,HP-2022-11712,679.0,4,3,6.0,Urban,Unfurnished,Apartment,2,0,23.4,360700.0
1714,HP-2023-11713,2793.0,5,3,,Rural,Unfurnished,Apartment,2,0,4.4,657690.0
1715,HP-2024-11714,1825.0,4,3,6.0,Urban,Unfurnished,Apartment,2,1,,546965.0
1716,HP-2018-11715,2137.0,5,3,8.0,Suburban,Unfurnished,Apartment,1,1,4.8,617952.0
1717,HP-2019-11716,2432.0,3,3,22.0,Suburban,Furnished,Studio,3,0,13.5,498683.0
1718,HP-2020-11717,2333.0,4,2,1.0,Downtown,Semi-Furnished,Apartment,1,0,20.0,582427.0
1719,HP-2021-11718,2697.0,2,1,9.0,Urban,Semi Furnished,Independent House,1,1,3.5,531842.0
1720,HP-2022-11719,1895.0,3,2,,Suburban,Unfurnished,Studio,2,0,5.0,425201.0
1721,HP-2023-11720,2559.0,3,3,5.0,Urban,Semi_Furnished,Apartment,1,1,18.3,569387.0
1722,HP-2024-11721,2018.0,3,2,12.0,Downtown,furnished,Independent House,1,0,0.5,536291.0
1723,HP-2018-11722,2717.0,5,4,0.0,Urban,Unfurnished,Apartment,1,0,12.3,724389.0
1724,HP-2019-11723,2631.0,5,4,11.0,Downtown,Unfurnished,Apartment,0,1,4.8,733842.0
1725,HP-2020-11724,1545.0,2,2,4.0,Suburban,Unfurnished,Independent House,1,0,3.8,406816.0
1726,HP-2021-11725,2960.0,2,1,13.0,Urban,Unfurnished,Apartment,2,1,4.7,519850.0
1727,HP-2022-11726,1825.0,3,1,2.0,Urban,Semi-Furnished,Apartment,0,0,4.3,407905.0
1728,HP-2023-11727,2766.0,3,2,16.0,Urban,Furnished,Apartment,2,1,11.3,560476.0
1729,HP-2024-11728,2457.0,4,3,12.0,Rural,furnished,Villa,2,1,21.0,642470.0
1730,HP-2018-11729,3487.0,5,4,43.0,Suburban, Unfurnished,Apartment,1,0,5.4,726686.0
1731,HP-2019-11730,2044.0,6,4,29.0,Rural,furnished,Apartment,1,0,14.3,581949.0
1732,HP-2020-11731,1955.0,4,2,4.0,Urban,,Apartment,2,1,10.5,506515.0
1733,HP-2021-11732,2186.0,5,3,0.0,Urban,Semi-Furnished,Independent House,2,1,,688133.0
1734,HP-2022-11733,1988.0,3,2,13.0,Rural,Unfurnished,Villa,0,1,7.1,499079.0
1735,HP-2023-11734,2760.0,2,1,11.0,Downtown,Semi-Furnished,Apartment,1,1,8.8,525178.0
1736,HP-2024-11735,1069.0,3,1,0.0,Downtown,Semi-Furnished,Studio,2,0,0.5,340451.0
1737,HP-2018-11736,1462.0,3,2,2.0,Rural,Furnished,Independent House,1,1,4.0,434638.0
1738,HP-2019-11737,1453.0,4,3,11.0,Rural, Furnished,Independent House,2,0,39.3,432838.0
1739,HP-2020-11738,2865.0,2,1,29.0,Urban,Unfurnished,Apartment,1,0,8.1,487513.0
1740,HP-2021-11739,3397.0,3,1,28.0,Urban,Furnished,Apartment,2,0,3.3,600108.0
1741,HP-2022-11740,,3,3,2.0,Urban,,Studio,1,1,2.3,498120.0
1742,HP-2023-11741,2082.0,6,4,6.0,Downtown,Semi-Furnished,Studio,2,0,1.9,676746.0
1743,HP-2024-11742,2249.0,3,2,1.0,Suburban,Unfurnished,Independent House,3,1,4.1,559729.0
1744,HP-2018-11743,3013.0,4,2,8.0,Suburban,Furnished,Independent House,1,1,1.7,656221.0
1745,HP-2019-11744,1551.0,4,3,17.0,Rural,Semi Furnished,Apartment,2,1,1.2,474382.0
1746,HP-2020-11745,2367.0,3,2,19.0,Downtown,Semi-Furnished,Studio,1,0,3.6,457701.0
1747,HP-2021-11746,2883.0,4,1,8.0,Urban,Furnished,Villa,1,0,7.5,661108.0
1748,HP-2022-11747,2551.0,5,4,1.0,Suburban,Unfurnished,Apartment,3,0,1.3,711086.0
1749,HP-2023-11748,,3,2,6.0,Urban,Semi-Furnished,Villa,0,1,0.5,546265.0
1750,HP-2024-11749,2901.0,5,3,32.0,Suburban,Furnished,Apartment,1,0,0.5,642943.0
1751,HP-2018-11750,500.0,2,1,3.0,Urban,Semi-Furnished,Apartment,1,1,2.5,213520.0
1752,HP-2019-11751,2675.0,2,1,5.0,Urban,Furnished,Villa,1,0,1.7,571736.0
1753,HP-2020-11752,1742.0,5,3,16.0,Downtown,Unfurnished,Independent House,2,1,6.2,589005.0
1754,HP-2021-11753,919.0,5,3,16.0,Rural,Semi-Furnished,Independent House,1,0,4.9,434645.0
1755,HP-2022-11754,2558.0,6,3,29.0,Rural,Furnished,Independent House,0,1,,678520.0
1756,HP-2023-11755,3162.0,4,3,6.0,Urban,#Furnished,Apartment,1,0,14.3,677323.0
1757,HP-2024-11756,2104.0,5,2,9.0,Downtown,Unfurnished,Apartment,1,0,5.6,602639.0
1758,HP-2018-11757,2867.0,5,3,8.0,Downtown,,Independent House,1,1,0.8,754111.0
1759,HP-2019-11758,3329.0,5,2,32.0,Downtown,Furnished,Apartment,2,0,2.8,731636.0
1760,HP-2020-11759,3120.0,3,2,18.0,Downtown,Furnished,Independent House,1,1,29.0,681978.0
1761,HP-2021-11760,3348.0,3,2,21.0,Rural,Unfurnished,Independent House,1,0,30.2,605004.0
1762,HP-2022-11761,2719.0,5,3,2.0,Urban,Semi-Furnished,Studio,2,0,2.4,685729.0
1763,HP-2023-11762,2253.0,3,2,19.0,Downtown,Furnished,Apartment,0,0,1.5,483824.0
1764,HP-2024-11763,1079.0,3,1,7.0,Downtown,Furnished,Apartment,1,1,26.60779715498818,382147.0
1765,HP-2018-11764,2028.0,3,3,0.0,Urban,Semi-Furnished,Studio,2,1,5.3,532858.0
1766,HP-2019-11765,1610.0,3,3,1.0,Suburban,Unfurnished,Apartment,1,0,4.2,433432.0
1767,HP-2020-11766,3720.0,3,2,14.0,Urban,Semi-Furnished,Villa,1,0,6.0,762984.0
1768,HP-2021-11767,,1,1,6.0,Rural,Furnished,Apartment,1,1,2.1,346298.0
1769,HP-2022-11768,2286.0,5,4,24.0,Rural,semi-furnished,Studio,1,1,1.0,596263.0
1770,HP-2023-11769,,3,1,16.0,Suburban,Semi-Furnished,Independent House,1,1,6.8,512873.0
1771,HP-2024-11770,2231.0,4,2,0.0,Suburban,Semi-Furnished,Studio,3,1,21.6,512695.0
1772,HP-2018-11771,3387.0,2,1,14.0,Urban,Semi-Furnished,Apartment,1,0,1.2,547071.0
1773,HP-2019-11772,1764.0,1,1,3.0,Downtown,Unfurnished,Independent House,2,1,9.8,388235.0
1774,HP-2020-11773,2336.0,2,1,7.0,Urban,Semi-Furnished,Independent House,2,1,4.6,498177.0
1775,HP-2021-11774,1680.0,4,2,12.0,Suburban,Semi-Furnished,Villa,2,0,2.8,504914.0
1776,HP-2022-11775,1276.0,2,1,25.0,Rural,Semi-Furnished,Apartment,1,1,15.3,221867.0
1777,HP-2023-11776,1772.0,5,3,7.0,Suburban,Semi-Furnished,Apartment,1,1,4.9,533230.0
1778,HP-2024-11777,2174.0,2,1,20.0,Suburban,Semi-Furnished,Apartment,1,1,7.0,410117.0
1779,HP-2018-11778,1899.0,2,1,18.0,Urban,Semi-Furnished,Apartment,2,0,4.7,365035.0
1780,HP-2019-11779,1715.0,2,1,6.0,Urban,Unfurnished,Independent House,0,0,0.7,347282.0
1781,HP-2020-11780,1216.0,1,1,8.0,Downtown,Furnished,Apartment,2,0,7.2,272061.0
1782,HP-2021-11781,2142.0,4,2,14.0,Urban,Semi-Furnished,Villa,1,0,4.3,566913.0
1783,HP-2022-11782,1147.0,5,3,0.0,Urban,Semi-Furnished,Independent House,2,1,0.7,544160.0
1784,HP-2023-11783,2732.0,4,3,27.0,Suburban,Semi-Furnished,Apartment,0,0,7.2,561870.0
1785,HP-2024-11784,2258.0,2,2,18.0,Suburban,Semi-Furnished,Apartment,2,1,0.5,470854.0
1786,HP-2018-11785,1180.0,3,3,3.0,Suburban,Unfurnished,Apartment,0,0,1.9,373529.0
1787,HP-2019-11786,1984.0,3,1,48.0,Suburban,SEMI-FURNISHED,Independent House,2,0,,368753.0
1788,HP-2020-11787,3944.5269450874766,6,3,2.0,Suburban,Unfurnished,Independent House,1,0,0.5,1354116.7526993626
1789,HP-2021-11788,2423.0,2,2,29.0,Urban,Furnished,Independent House,2,0,8.3,482846.0
1790,HP-2022-11789,3138.0,4,2,5.0,Urban,furnished,Studio,2,0,23.9,637539.0
1791,HP-2023-11790,887.0,3,1,17.0,Downtown,Furnished,Apartment,1,1,,302325.0
1792,HP-2024-11791,2281.0,3,2,7.0,Suburban,Semi-Furnished,Villa,1,1,4.3,561489.0
1793,HP-2018-11792,2088.0,3,2,16.0,Suburban,Furnished,Villa,1,0,6.9,497876.0
1794,HP-2019-11793,2670.0,2,1,2.0,Suburban,Furnished,Apartment,1,0,4.8,486475.0
1795,HP-2020-11794,2349.0,4,3,4.0,Urban,Semi-Furnished,Studio,2,1,7.7,568042.0
1796,HP-2021-11795,1674.0,2,1,1.0,Urban,semi-furnished,Studio,0,1,4.1,341999.0
1797,HP-2022-11796,1977.0,4,3,24.0,Suburban,Semi-Furnished,Apartment,1,0,1.3,489120.0
1798,HP-2023-11797,1643.0,2,1,4.0,Suburban,Semi-Furnished,Apartment,2,0,0.7,370864.0
1799,HP-2024-11798,2953.0,6,3,14.0,Suburban,Unfurnished,Villa,1,0,10.9,794036.0
1800,HP-2018-11799,2215.0,2,1,21.0,Urban,Unfurnished,Independent House,3,0,2.2,450229.0
1801,HP-2019-11800,3531.0,5,2,28.0,Urban,Furnished,Villa,1,0,15.0,744231.0
1802,HP-2020-11801,2158.0,4,3,1.0,Suburban,UNFURNISHED,Apartment,1,0,10.9,549960.0
1803,HP-2021-11802,1704.0,6,4,27.0,Suburban,Semi-Furnished,Apartment,0,1,,609304.0
1804,HP-2022-11803,1140.0,3,1,3.0,Rural,Furnished ,Apartment,1,0,1.8,294503.0
1805,HP-2023-11804,938.0,4,2,16.0,Urban,,Independent House,1,1,2.8,402935.0
1806,HP-2024-11805,,3,3,,Rural,Un-furnished,Studio,1,0,7.2,309905.0
1807,HP-2018-11806,2387.0,2,2,0.0,Rural,Semi-Furnished,Independent House,0,1,13.3,466044.0
1808,HP-2019-11807,2556.0,3,3,3.0,Suburban,Semi-Furnished,Independent House,1,1,0.5,594868.0
1809,HP-2020-11808,1093.0,2,1,8.0,Downtown,Semi-Furnished,Apartment,1,1,2.3,295040.0
1810,HP-2021-11809,2827.0,6,4,7.0,Rural,Unfurnished,Apartment,0,1,3.8,731121.0
1811,HP-2022-11810,1862.0,2,1,30.0,Urban,Unfurnished,Villa,2,1,1.6,426580.0
1812,HP-2023-11811,2303.0,4,2,5.0,Urban,Unfurnished,Independent House,3,0,6.3,598779.0
1813,HP-2024-11812,,4,2,33.0,Urban,Furnished,Studio,3,0,5.2,638823.0
1814,HP-2018-11813,2828.0,3,1,7.0,Suburban,Semi-Furnished,Apartment,2,1,3.0,588227.0
1815,HP-2019-11814,2012.0,4,3,40.0,Urban,Semi-Furnished,Apartment,2,1,5.8,551047.0
1816,HP-2020-11815,1576.0,2,1,16.0,Rural,,Studio,1,0,3.5,268619.0
1817,HP-2021-11816,694.0,3,3,21.0,Suburban,Semi-Furnished,Apartment,1,1,3.4,318977.0
1818,HP-2022-11817,1697.0,3,2,1.0,Rural,furnished,Apartment,1,0,2.5,416424.0
1819,HP-2023-11818,2052.0,5,3,11.0,Urban,Unfurnished,Independent House,2,0,6.2,637765.0
1820,HP-2024-11819,1509.0,4,3,2.0,Downtown,Semi-Furnished,Independent House,2,1,4.7,577090.0
1821,HP-2018-11820,2108.0,6,3,4.0,Suburban,#Semi-Furnished,Independent House,1,0,,649802.0
1822,HP-2019-11821,2254.0,1,2,12.0,Suburban,Semi-Furnished,Apartment,1,0,0.5,428634.0
1823,HP-2020-11822,2043.0,3,2,16.0,Rural,Semi-Furnished,Studio,2,0,1.3,439180.0
1824,HP-2021-11823,1745.0,2,1,0.0,Suburban,Semi-Furnished,Villa,1,1,0.5,450798.0
1825,HP-2022-11824,2318.0,1,1,9.0,Urban,Unfurnished,Apartment,1,1,4.5,415432.0
1826,HP-2023-11825,2509.0,2,1,10.0,Rural,Unfurnished,Apartment,1,0,2.0,427541.0
1827,HP-2024-11826,1437.0,4,3,1.0,Suburban,Semi-Furnished,Studio,3,0,4.4,460744.0
1828,HP-2018-11827,3188.0,2,1,,Urban,Semi-Furnished,Apartment,1,0,3.2,560338.0
1829,HP-2019-11828,2131.0,3,1,15.0,Suburban,Unfurnished,Independent House,1,1,6.2,468018.0
1830,HP-2020-11829,2213.0,5,2,1.0,Suburban,Furnished,Apartment,1,1,10.3,588424.0
1831,HP-2021-11830,2696.0,4,2,17.0,Suburban,Unfurnished,Apartment,1,0,5.2,563625.0
1832,HP-2022-11831,2363.0,3,3,10.0,Suburban,Unfurnished,Apartment,1,1,0.5,539337.0
1833,HP-2023-11832,2867.0,3,1,21.0,Downtown,,Independent House,1,1,0.5,624943.0
1834,HP-2024-11833,2401.0,3,2,3.0,Urban,Furnished,Apartment,1,0,1.9,531812.0
1835,HP-2018-11834,1771.0,2,2,21.0,Urban,Furnished,Studio,0,0,,336346.0
1836,HP-2019-11835,2453.0,4,2,1.0,Downtown,furnished,Apartment,1,0,0.5,606875.0
1837,HP-2020-11836,1399.0,3,1,6.0,Downtown,Furnished,Villa,1,0,3.2,419701.0
1838,HP-2021-11837,2276.0,5,3,3.0,Urban,Unfurnished,Apartment,2,0,17.4,641016.0
1839,HP-2022-11838,2177.0,4,3,25.0,Urban,Unfurnished,Villa,0,0,0.8,588773.0
1840,HP-2023-11839,2054.0,4,4,15.0,Rural,Furnished,Studio,0,0,23.7,481059.0
1841,HP-2024-11840,2110.0,3,2,0.0,Rural,semi-furnished,Apartment,2,0,15.5,450875.0
1842,HP-2018-11841,883.0,2,2,0.0,Downtown,Furnished,Independent House,0,1,14.3,313769.0
1843,HP-2019-11842,1816.0,4,2,4.0,Urban,Furnished,Apartment,0,1,15.9,521693.0
1844,HP-2020-11843,2265.0,3,3,2.0,Suburban,Furnished,Villa,1,1,0.7,609065.0
1845,HP-2021-11844,2312.0,2,1,12.0,Urban,Semi-Furnished,Villa,2,1,1.3,544656.0
1846,HP-2022-11845,1481.0,2,2,13.0,Downtown,Furnished,Apartment,2,1,1.2,389799.0
1847,HP-2023-11846,3086.0,2,1,34.0,Downtown,Semi-Furnished,Apartment,1,0,0.9,518784.0
1848,HP-2024-11847,1594.0,4,2,36.0,Suburban,,Apartment,2,0,3.2,411184.0
1849,HP-2018-11848,2879.0,2,2,13.0,Urban,Furnished,Apartment,1,0,14.2,530323.0
1850,HP-2019-11849,2499.0,3,2,0.0,Downtown,Semi-Furnished,Apartment,3,0,2.3,576088.0
1851,HP-2020-11850,1748.0,3,3,5.0,Downtown,Unfurnished,Apartment,0,1,2.2,468794.0
1852,HP-2021-11851,3443.0,4,3,9.0,Suburban,Furnished,Apartment,2,0,9.0,754326.0
1853,HP-2022-11852,1364.0,5,2,8.0,Downtown,Unfurnished,Studio,1,1,0.8,473452.0
1854,HP-2023-11853,2843.0,5,3,11.0,Urban,Semi-Furnished,Apartment,1,0,3.6,733620.0
1855,HP-2024-11854,2900.0,3,2,39.0,Downtown,Semi-Furnished,Apartment,1,0,2.8,538817.0
1856,HP-2018-11855,1731.0,1,1,26.0,Suburban,Furnished,Apartment,2,1,15.0,304945.0
1857,HP-2019-11856,3175.0,3,1,1.0,Urban,Semi-Furnished,Studio,2,0,5.8,597660.0
1858,HP-2020-11857,2025.0,4,3,4.0,Downtown,Unfurnished,Villa,1,0,8.3,639333.0
1859,HP-2021-11858,2402.0,3,1,21.0,Suburban, Furnished,Apartment,2,0,1.1,446558.0
1860,HP-2022-11859,2382.0,4,2,21.0,Suburban,Semi Furnished,Villa,2,0,21.2,563859.0
1861,HP-2023-11860,2106.0,2,1,4.0,Urban,Semi-Furnished,Villa,2,1,3.1,491124.0
1862,HP-2024-11861,2768.0,4,2,16.0,Urban,Semi-Furnished,Studio,1,1,9.8,587166.0
1863,HP-2018-11862,2755.0,2,2,13.0,Rural,Furnished,Studio,1,0,24.7,436995.0
1864,HP-2019-11863,976.0,4,2,8.0,Suburban,Semi-Furnished,Apartment,1,1,5.7,363029.0
1865,HP-2020-11864,3113.0,3,2,3.0,Urban,Furnished,Independent House,1,1,5.7,647481.0
1866,HP-2021-11865,1036.0,4,3,26.0,Rural,Semi-Furnished,Villa,2,0,1.0,404074.0
1867,HP-2022-11866,2923.0,1,1,14.0,Urban,Semi-Furnished,Studio,2,0,4.0,455797.0
1868,HP-2023-11867,2989.0,3,1,2.0,Suburban,Semi_Furnished,Apartment,2,1,15.3,555567.0
1869,HP-2024-11868,1436.0,4,3,15.0,Urban,Semi-Furnished,Apartment,1,1,,450817.0
1870,HP-2018-11869,1912.0,2,2,16.0,Rural,Unfurnished,Independent House,2,0,20.0,388298.0
1871,HP-2019-11870,1426.0,4,2,,Suburban, Unfurnished,Apartment,1,0,8.8,339384.0
1872,HP-2020-11871,2050.0,4,3,3.0,Downtown,#Furnished,Independent House,3,0,4.4,620025.0
1873,HP-2021-11872,1984.0,4,3,54.0,Suburban,Semi Furnished,Apartment,1,0,6.3,436469.0
1874,HP-2022-11873,2746.0,3,1,2.0,Urban,Semi-Furnished,Studio,2,0,1.3,541342.0
1875,HP-2023-11874,,3,1,11.0,Suburban,,Villa,2,1,2.0,646750.0
1876,HP-2024-11875,3177.0,4,3,13.0,Suburban,Unfurnished,Villa,3,1,2.7,735178.0
1877,HP-2018-11876,1806.0,3,2,7.0,Rural,Unfurnished,Apartment,1,1,3.9,418318.0
1878,HP-2019-11877,2054.0,4,2,8.0,Downtown,Semi-Furnished,Studio,1,0,19.8,511550.0
1879,HP-2020-11878,1022.0,3,1,27.0,Rural,Furnished,Apartment,1,0,3.7,244455.0
1880,HP-2021-11879,1636.0,2,1,12.0,Urban,Furnished,Apartment,1,0,5.9,320696.0
1881,HP-2022-11880,2875.0,2,1,,Urban,Semi-Furnished,Studio,2,0,1.4,502576.0
1882,HP-2023-11881,3331.0,1,1,2.0,Suburban,Furnished,Independent House,3,0,10.7,572268.0
1883,HP-2024-11882,1336.0,3,1,0.0,Suburban,Furnished,Apartment,0,0,6.6,316167.0
1884,HP-2018-11883,1785.0,4,3,2.0,Downtown,Unfurnished,Studio,1,0,4.6,486026.0
1885,HP-2019-11884,2182.0,4,3,38.0,Downtown,Unfurnished,Studio,2,1,23.5,546043.0
1886,HP-2020-11885,2396.0,2,1,17.0,Rural,Furnished,Studio,0,1,17.7,371626.0
1887,HP-2021-11886,1633.0,6,4,41.0,Urban,#Unfurnished,Apartment,1,0,8.6,535519.0
1888,HP-2022-11887,2497.0,3,1,0.0,Downtown,Unfurnished,Apartment,2,1,20.4,531402.0
1889,HP-2023-11888,1868.0,5,3,14.0,Suburban,SEMI-FURNISHED,Apartment,3,1,6.7,567252.0
1890,HP-2024-11889,2190.0,4,2,1.0,Suburban,Semi-Furnished,Independent House,1,0,14.0,567038.0
1891,HP-2018-11890,2582.0,4,2,18.0,Suburban,Unfurnished,Studio,0,0,4.2,492304.0
1892,HP-2019-11891,2204.0,2,2,6.0,Rural, Furnished,Studio,0,1,0.7,400873.0
1893,HP-2020-11892,1895.0,2,1,1.0,Suburban,Unfurnished,Studio,1,0,41.1,349331.0
1894,HP-2021-11893,2123.0,1,1,10.0,Urban,furnished,Apartment,0,1,1.4,385573.0
1895,HP-2022-11894,2138.0,4,2,4.0,Suburban,semi-furnished,Villa,0,0,2.3,581978.0
1896,HP-2023-11895,1941.0,3,2,13.0,Rural,Semi-Furnished,Studio,2,0,1.4,411009.0
1897,HP-2024-11896,2019.0,4,1,13.0,Downtown,Semi-Furnished,Apartment,2,0,3.3,502689.0
1898,HP-2018-11897,3319.0,3,1,15.0,Urban,Unfurnished,Apartment,2,1,2.7,607613.0
1899,HP-2019-11898,2593.0,4,3,59.0,Downtown,Furnished,Villa,0,1,7.4,598182.0
1900,HP-2020-11899,1993.0,2,1,6.0,Urban,Semi-Furnished,Apartment,1,0,45.0,371300.0
1901,HP-2021-11900,6411.547014166999,2,1,8.0,Urban,Unfurnished,Studio,2,0,0.5,983831.5968602896
1902,HP-2022-11901,1966.0,3,3,20.0,Suburban,Unfurnished,Apartment,2,0,12.1,459799.0
1903,HP-2023-11902,3021.0,3,2,,Suburban,unfurnished,Independent House,2,1,1.1,635471.0
1904,HP-2024-11903,2459.0,3,1,0.0,Urban,Semi-Furnished,Studio,3,1,0.5,560674.0
1905,HP-2018-11904,2125.0,4,2,22.0,Downtown,Unfurnished,Studio,2,0,8.1,499472.0
1906,HP-2019-11905,2513.0,2,1,1.0,Downtown,Semi Furnished,Villa,1,1,16.5,575072.0
1907,HP-2020-11906,1100.0,3,3,2.0,Suburban,Semi-Furnished,Villa,1,1,1.6,463691.0
1908,HP-2021-11907,1411.0,5,3,,Urban,Furnished,Studio,1,0,3.3,495550.0
1909,HP-2022-11908,1364.0,2,2,1.0,Urban,Furnished,Studio,2,0,,320778.0
1910,HP-2023-11909,2300.0,5,4,,Urban,Furnished,Independent House,1,0,19.0,681947.0
1911,HP-2024-11910,3413.0,6,3,1.0,Urban,Semi-Furnished,Villa,2,1,2.5,919826.0
1912,HP-2018-11911,3762.0,2,1,7.0,Rural,Semi-Furnished,Independent House,0,0,4.7,586183.0
1913,HP-2019-11912,2647.0,3,2,3.0,Suburban,furnished,Independent House,2,1,18.0,596553.0
1914,HP-2020-11913,2551.0,3,1,2.0,Urban,Furnished,Studio,0,1,6.4,524442.0
1915,HP-2021-11914,939.0,4,2,13.0,Urban,Semi-Furnished,Villa,1,1,21.6,420958.0
1916,HP-2022-11915,1820.0,4,3,3.0,Rural,Unfurnished,Studio,2,0,20.9,478837.0
1917,HP-2023-11916,1649.0,4,2,0.0,Suburban,Semi_Furnished,Apartment,0,1,5.0,467395.0
1918,HP-2024-11917,1765.0,4,2,7.0,Suburban,Semi-Furnished,Independent House,1,0,7.0,498835.0
1919,HP-2018-11918,2082.0,2,1,4.0,Suburban,furnished,Apartment,1,1,2.1,435454.0
1920,HP-2019-11919,1870.0,5,3,5.0,Urban,,Independent House,2,0,37.3,549558.0
1921,HP-2020-11920,814.0,4,2,7.0,Rural,Semi-Furnished,Independent House,2,1,2.6,360106.0
1922,HP-2021-11921,2724.0,4,1,13.0,Urban,FURNISHED,Villa,3,1,12.2,666252.0
1923,HP-2022-11922,1449.0,5,3,12.0,Downtown,Unfurnished,Apartment,2,1,3.0,571902.0
1924,HP-2023-11923,2367.0,4,3,33.0,Urban,Unfurnished,Apartment,2,0,3.0,525267.0
1925,HP-2024-11924,3652.0,2,1,9.0,Suburban,Unfurnished,Studio,1,0,0.9,597871.0
1926,HP-2018-11925,1556.0,3,1,8.0,Rural,Semi-Furnished,Studio,1,0,6.6,271641.0
1927,HP-2019-11926,500.0,3,1,3.0,Downtown,UNFURNISHED,Apartment,1,0,2.2,279881.0
1928,HP-2020-11927,,2,1,17.0,Urban,Semi-Furnished,Apartment,1,0,1.3,381168.0
1929,HP-2021-11928,2971.0,6,4,2.0,Suburban,Unfurnished,Apartment,2,1,2.1,786544.0
1930,HP-2022-11929,3571.0,2,1,64.49854481186347,Urban,Unfurnished,Villa,1,1,,606217.6350470913
1931,HP-2023-11930,1339.0,4,3,7.0,Rural,Furnished,Independent House,0,0,5.6,429006.0
1932,HP-2024-11931,2548.0,3,1,13.0,Downtown,Furnished,Independent House,1,1,3.9,556655.0
1933,HP-2018-11932,1874.0,1,2,30.0,Suburban,Furnished,Independent House,1,1,0.6,391829.0
1934,HP-2019-11933,,5,3,35.0,Urban,Unfurnished,Independent House,2,1,,614706.0
1935,HP-2020-11934,4051.0,5,2,2.0,Urban,,Apartment,1,1,12.4,859689.0
1936,HP-2021-11935,1148.0,3,2,4.0,Downtown,Semi-Furnished,Villa,2,1,6.8,456123.0
1937,HP-2022-11936,2378.0,2,2,20.0,Suburban,Unfurnished,Villa,0,0,29.4,466825.0
1938,HP-2023-11937,2527.0,2,1,9.0,Urban,Unfurnished,Studio,3,1,0.8,452301.0
1939,HP-2024-11938,2960.0,3,1,,Rural,Unfurnished,Studio,0,0,13.8,482768.0
1940,HP-2018-11939,2269.0,3,2,15.0,Urban,Furnished,Villa,1,1,5.6,550985.0
1941,HP-2019-11940,2416.0,3,1,11.0,Urban,SEMI-FURNISHED,Apartment,2,1,5.9,511766.0
1942,HP-2020-11941,1926.0,6,4,42.0,Urban,unfurnished,Apartment,0,0,5.9,561747.0
1943,HP-2021-11942,2388.0,4,3,11.0,Urban,Semi-Furnished,Villa,0,1,3.1,636786.0
1944,HP-2022-11943,1960.0,5,2,8.0,Suburban,Semi-Furnished,Apartment,0,0,3.1,526744.0
1945,HP-2023-11944,2635.0,4,2,9.0,Suburban,Unfurnished,Apartment,1,0,8.0,566187.0
1946,HP-2024-11945,1941.0,3,2,20.0,Urban,Unfurnished,Apartment,2,0,0.5,434270.0
1947,HP-2018-11946,2464.0,5,2,11.0,Urban,Semi-Furnished,Studio,1,1,7.1,580890.0
1948,HP-2019-11947,2180.0,3,1,12.0,Urban,Semi-Furnished,Apartment,2,0,10.3,438914.0
1949,HP-2020-11948,2988.0,5,2,43.0,Urban,Unfurnished,Apartment,1,1,3.5,644553.0
1950,HP-2021-11949,2164.0,3,2,12.0,Urban,Furnished,Studio,0,1,2.0,475436.0
1951,HP-2022-11950,959.0,2,1,6.0,Urban,Semi-Furnished,Independent House,0,1,1.9,284567.0
1952,HP-2023-11951,3083.0,5,3,14.0,Urban,Unfurnished,Apartment,2,1,0.7,724083.0
1953,HP-2024-11952,1566.0,4,2,13.0,Downtown,Semi-Furnished,Villa,0,0,0.8,495808.0
1954,HP-2018-11953,1742.0,5,4,0.0,Urban,Semi-Furnished,Apartment,3,0,1.5,605031.0
1955,HP-2019-11954,1783.0,5,2,8.0,Downtown,Semi-Furnished,Villa,1,0,0.5,606153.0
1956,HP-2020-11955,3162.0,2,1,16.0,Urban,Semi-Furnished,Independent House,2,0,2.5,551189.0
1957,HP-2021-11956,705.0,3,2,8.0,Downtown,#Semi-Furnished,Apartment,3,0,2.9,373012.0
1958,HP-2022-11957,4396.0,3,2,18.0,Downtown,Unfurnished,Villa,1,0,42.7,814878.0
1959,HP-2023-11958,2939.0,4,2,7.0,Suburban,Semi-Furnished,Independent House,2,1,38.3,635421.0
1960,HP-2024-11959,2356.0,4,3,49.0,Urban,Semi-Furnished,Independent House,1,0,1.7,545081.0
1961,HP-2018-11960,2162.0,3,2,4.0,Urban,Furnished,Studio,1,1,1.9,465105.0
1962,HP-2019-11961,2400.0,3,1,1.0,Downtown,Semi-Furnished,Apartment,1,0,5.4,494758.0
1963,HP-2020-11962,2565.0,4,2,7.0,Suburban,Unfurnished,Apartment,2,1,1.3,614492.0
1964,HP-2021-11963,2652.0,2,3,9.0,Urban,Semi-Furnished,Studio,1,0,5.6,545952.0
1965,HP-2022-11964,2589.0,4,3,5.0,Rural,Unfurnished,Independent House,1,1,4.1,591003.0
1966,HP-2023-11965,2263.0,4,3,3.0,Suburban,furnished,Independent House,3,0,3.1,620467.0
1967,HP-2024-11966,2062.0,5,4,13.0,Downtown,,Apartment,1,0,13.8,648109.0
1968,HP-2018-11967,2094.0,3,2,6.0,Urban,Furnished,Apartment,1,0,14.1,465579.0
1969,HP-2019-11968,2064.0,2,2,12.0,Urban,,Independent House,3,0,35.3,469298.0
1970,HP-2020-11969,2994.0,3,2,18.0,Suburban,Semi-Furnished,Apartment,1,1,2.0,589832.0
1971,HP-2021-11970,2615.0,2,2,17.0,Suburban,Semi-Furnished,Apartment,1,0,17.5,465716.0
1972,HP-2022-11971,500.0,6,3,6.0,Urban,Furnished ,Independent House,2,0,6.2,463216.0
1973,HP-2023-11972,2659.0,1,1,10.0,Suburban,Unfurnished,Apartment,1,1,7.2,427848.0
1974,HP-2024-11973,2336.0,4,2,7.0,Downtown,Unfurnished,Independent House,1,0,18.1,581737.0
1975,HP-2018-11974,2187.0,3,2,25.0,Urban,Semi-Furnished,Villa,1,0,22.9,507036.0
1976,HP-2019-11975,1928.0,3,1,25.0,Downtown,Semi-Furnished,Apartment,2,0,10.4,419830.0
1977,HP-2020-11976,2987.0,2,1,5.0,Suburban,Semi-Furnished,Villa,0,0,3.4,552433.0
1978,HP-2021-11977,2863.0,4,2,1.0,Suburban,Unfurnished,Apartment,1,0,5.4,578483.0
1979,HP-2022-11978,1659.0,4,2,2.0,Urban, Unfurnished,Studio,1,1,7.6,461720.0
1980,HP-2023-11979,2485.0,3,1,5.0,Downtown,Semi-Furnished,Studio,1,0,14.1,474038.0
1981,HP-2024-11980,1520.0,5,3,10.0,Urban,Unfurnished,Villa,2,1,8.6,573684.0
1982,HP-2018-11981,1234.0,3,2,13.0,Downtown,Semi-Furnished,Apartment,1,1,3.6,379360.0
1983,HP-2019-11982,1761.0,3,2,5.0,Suburban,Semi-Furnished,Studio,2,1,4.3,439944.0
1984,HP-2020-11983,2804.0,3,2,13.0,Suburban,Unfurnished,Studio,1,0,0.5,506670.0
1985,HP-2021-11984,2867.0,2,2,33.0,Rural,Furnished,Independent House,1,0,20.6,454797.0
1986,HP-2022-11985,2559.0,5,4,13.0,Urban,Unfurnished,Independent House,1,0,0.7,722362.0
1987,HP-2023-11986,2708.0,3,2,2.0,Suburban,Furnished,Apartment,1,1,6.9,549448.0
1988,HP-2024-11987,2561.0,2,1,10.0,Suburban,Semi-Furnished,Apartment,0,1,16.4,418880.0
1989,HP-2018-11988,1751.0,3,2,9.0,Rural,Furnished,Independent House,2,0,,448029.0
1990,HP-2019-11989,2502.0,4,3,25.0,Downtown,Unfurnished,Independent House,2,1,12.9,636320.0
1991,HP-2020-11990,2760.0,3,3,5.0,Downtown,Furnished,Apartment,1,0,13.0,614276.0
1992,HP-2021-11991,2728.0,4,3,7.0,Urban,Furnished,Apartment,2,1,0.5,657560.0
1993,HP-2022-11992,3032.0,2,1,11.0,Urban,#Furnished,Villa,3,1,4.3,618110.0
1994,HP-2023-11993,2696.0,3,2,9.0,Urban,Semi-Furnished,Apartment,0,1,9.4,568159.0
1995,HP-2024-11994,2446.0,4,3,15.0,Suburban,Semi-Furnished,Independent House,1,1,4.4,609806.0
1996,HP-2018-11995,2949.0,2,1,0.0,Suburban,Furnished,Independent House,2,0,6.3,520733.0
1997,HP-2019-11996,2181.0,5,3,10.0,Urban,Furnished,Independent House,0,0,7.2,625405.0
1998,HP-2020-11997,1583.0,2,1,59.24725065601669,Suburban,Furnished,Apartment,2,0,1.3,313431.83882044477
1999,HP-2021-11998,2086.0,5,4,5.0,Downtown,Semi-Furnished,Independent House,3,1,,725831.0
2000,HP-2022-11999,1679.0,3,2,13.0,Urban,Furnished,Apartment,0,1,0.5,408299.0
2001,HP-2023-12000,1727.0,4,2,2.0,Rural,Semi-Furnished,Villa,2,0,1.3,512081.0
2002,HP-2024-12001,2099.0,2,1,4.0,Urban,Furnished,Apartment,1,0,5.7,382866.0
2003,HP-2018-12002,1645.0,2,1,15.0,Urban,Unfurnished,Apartment,0,0,6.8,335827.0
2004,HP-2019-12003,1984.0,2,1,13.0,Downtown,Semi-Furnished,Apartment,1,0,1.3,424406.0
2005,HP-2020-12004,874.0,2,1,1.0,Suburban,Unfurnished,Villa,0,0,11.3,276866.0
2006,HP-2021-12005,2349.0,3,1,10.0,Rural,Unfurnished,Villa,1,1,3.7,511547.0
2007,HP-2022-12006,2201.0,3,2,2.0,Suburban,Unfurnished,Apartment,0,0,20.3,447686.0
2008,HP-2023-12007,1628.0,4,3,3.0,Rural,Unfurnished,Independent House,2,1,3.9,504891.0
2009,HP-2024-12008,2661.0,4,2,7.0,Urban,Semi-Furnished,Apartment,1,0,1.3,609644.0
2010,HP-2018-12009,,4,3,1.0,Suburban,Furnished,Villa,1,1,11.3,705235.0
2011,HP-2019-12010,1075.0,4,3,60.0,Rural,Furnished,Apartment,1,1,,311273.0
2012,HP-2020-12011,1666.0,3,1,2.0,Suburban,Unfurnished,Villa,1,0,3.9,443196.0
2013,HP-2021-12012,1662.0,3,2,18.0,Urban,,Studio,1,1,3.5,412020.0
2014,HP-2022-12013,1542.0,3,2,21.0,Urban,Unfurnished,Studio,2,0,1.3,365427.0
2015,HP-2023-12014,2781.0,5,3,60.0,Rural,Semi-Furnished,Studio,1,1,3.3,569096.0
2016,HP-2024-12015,2064.0,2,1,7.0,Suburban,Unfurnished,Apartment,2,1,0.5,444028.0
2017,HP-2018-12016,2015.0,1,1,25.0,Suburban,Unfurnished,Apartment,1,1,5.6,286304.0
2018,HP-2019-12017,797.0,4,2,38.0,Downtown,Furnished,Apartment,2,0,18.2,310171.0
2019,HP-2020-12018,2645.0,2,2,2.0,Downtown,Unfurnished,Apartment,1,0,12.7,528150.0
2020,HP-2021-12019,1333.0,5,4,8.0,Suburban,Furnished,Apartment,1,0,0.5,499557.0
2021,HP-2022-12020,2242.0,5,3,1.0,Rural,Unfurnished,Independent House,2,0,17.0,623695.0
2022,HP-2023-12021,,2,1,12.0,Suburban,Unfurnished,Independent House,1,1,4.8,482471.0
2023,HP-2024-12022,3152.0,2,1,10.0,Downtown,#Unfurnished,Studio,2,0,1.7,511698.0
2024,HP-2018-12023,1284.0,3,3,3.0,Urban,Furnished,Independent House,2,0,11.2,407546.0
2025,HP-2019-12024,500.0,4,2,19.0,Urban,Furnished ,Independent House,1,0,3.1,352844.0
2026,HP-2020-12025,2329.0,3,2,0.0,Rural,Unfurnished,Apartment,2,1,2.3,507387.0
2027,HP-2021-12026,3460.0,4,3,20.0,Urban,Unfurnished,Villa,2,1,1.4,794150.0
2028,HP-2022-12027,,4,1,0.0,Urban,Furnished,Studio,1,0,5.3,587708.0
2029,HP-2023-12028,2347.0,3,3,13.0,Downtown,Semi-Furnished,Apartment,0,0,0.8,548788.0
2030,HP-2024-12029,1856.0,1,1,1.0,Suburban,Furnished,Apartment,1,0,12.3,343050.0
2031,HP-2018-12030,2765.0,4,2,3.0,Urban,Semi-Furnished,Apartment,1,0,5.1,623396.0
2032,HP-2019-12031,1519.0,2,1,15.0,Downtown,UNFURNISHED,Villa,1,1,4.7,413709.0
2033,HP-2020-12032,2533.0,5,3,4.0,Suburban,Semi-Furnished,Apartment,2,1,0.5,634780.0
2034,HP-2021-12033,2554.0,3,2,9.0,Rural,Furnished,Villa,2,1,13.6,587948.0
2035,HP-2022-12034,2942.0,4,2,30.0,Suburban,Unfurnished,Villa,2,1,5.4,654773.0
2036,HP-2023-12035,4132.0,5,2,1.0,Suburban,Semi-Furnished,Independent House,2,1,4.6,863276.0
2037,HP-2024-12036,2475.0,5,3,20.0,Suburban,Semi-Furnished,Villa,0,1,11.5,675965.0
2038,HP-2018-12037,1844.0,3,1,1.0,Urban,Furnished,Villa,1,1,0.5,488209.0
2039,HP-2019-12038,2182.0,2,1,2.0,Urban,Furnished,Independent House,2,1,3.7,488824.0
2040,HP-2020-12039,962.0,4,2,2.0,Urban,Furnished,Apartment,1,0,6.9,402154.0
2041,HP-2021-12040,1714.0,3,2,60.0,Rural,Unfurnished,Independent House,2,1,4.9,354186.0
2042,HP-2022-12041,1914.0,2,1,2.0,Rural,Semi-Furnished,Independent House,0,0,1.6,372148.0
2043,HP-2023-12042,1833.0,5,3,27.0,Suburban,Semi-Furnished,Studio,1,1,2.8,493871.0
2044,HP-2024-12043,2307.0,2,1,56.0,Urban,Unfurnished,Independent House,1,0,2.9,382388.0
2045,HP-2018-12044,1624.0,1,1,6.0,Urban,Unfurnished,Independent House,1,0,38.6,294803.0
2046,HP-2019-12045,2985.0,1,1,12.0,Urban,Semi-Furnished,Independent House,1,0,3.2,543167.0
2047,HP-2020-12046,2200.0,4,2,18.0,Rural,Semi-Furnished,Apartment,1,1,1.8,471508.0
2048,HP-2021-12047,2193.0,4,1,6.0,Suburban,Unfurnished,Apartment,0,1,13.8,482534.0
2049,HP-2022-12048,1970.0,3,2,2.0,Downtown,Semi-Furnished,Apartment,0,1,4.4,503446.0
2050,HP-2023-12049,2309.0,3,2,7.0,Suburban,Furnished,Apartment,0,0,4.7,484103.0
2051,HP-2024-12050,2778.0,3,1,18.0,Suburban,Semi-Furnished,Apartment,1,0,6.4,486886.0
2052,HP-2018-12051,1593.0,4,3,77.63524138450212,Suburban,Unfurnished,Independent House,2,0,7.2,451422.8698726078
2053,HP-2019-12052,1739.0,2,2,3.0,Urban,Unfurnished,Studio,1,1,7.1,402283.0
2054,HP-2020-12053,1987.0,5,3,2.0,Suburban,Semi-Furnished,Villa,0,1,0.5,656576.0
2055,HP-2021-12054,,2,1,30.0,Rural,Semi-Furnished,Apartment,2,1,13.7,222187.0
2056,HP-2022-12055,1627.0,6,4,1.0,Suburban,Unfurnished,Apartment,2,1,1.7,619931.0
2057,HP-2023-12056,1867.0,2,1,16.0,Suburban,Furnished,Apartment,0,1,2.8,359178.0
2058,HP-2024-12057,2812.0,4,2,1.0,Suburban,Unfurnished,Apartment,1,0,1.5,590601.0
2059,HP-2018-12058,2384.0,2,2,22.0,Suburban,Semi-Furnished,Apartment,1,0,11.7,435770.0
2060,HP-2019-12059,2336.0,2,1,28.0,Suburban,Furnished,Independent House,0,1,7.0,414163.0
2061,HP-2020-12060,2796.0,5,2,4.0,Urban,Semi-Furnished,Apartment,2,0,11.3,680273.0
2062,HP-2021-12061,2104.0,5,2,1.0,Rural,Furnished,Apartment,3,1,8.5,559373.0
2063,HP-2022-12062,2473.0,3,2,8.0,Urban,Semi-Furnished,Independent House,2,1,0.9,614935.0
2064,HP-2023-12063,2128.0,4,3,4.0,Suburban,FURNISHED,Apartment,3,0,2.9,570219.0
2065,HP-2024-12064,2386.0,3,1,6.0,Urban,Furnished,Independent House,1,0,5.7,524618.0
2066,HP-2018-12065,1792.0,5,3,13.0,Urban,Furnished,Apartment,2,0,2.9,541484.0
2067,HP-2019-12066,500.0,3,3,3.0,Downtown,Semi-Furnished,Apartment,1,1,1.9,352450.0
2068,HP-2020-12067,2106.0,3,3,5.0,Rural,,Apartment,0,0,16.3,452224.0
2069,HP-2021-12068,3196.0,3,2,18.0,Downtown,Furnished,Apartment,2,0,11.0,596454.0
2070,HP-2022-12069,2848.0,3,2,12.0,Urban,SEMI-FURNISHED,Apartment,1,1,3.4,580058.0
2071,HP-2023-12070,2876.0,5,2,5.0,Suburban,Unfurnished,Apartment,1,0,11.6,665371.0
2072,HP-2024-12071,3065.0,2,2,13.0,Urban,Unfurnished,Apartment,2,0,7.9,555786.0
2073,HP-2018-12072,2262.0,2,1,17.0,Suburban,Semi-Furnished,Villa,1,0,0.5,449715.0
2074,HP-2019-12073,2338.0,4,2,11.0,Urban,Semi-Furnished,Apartment,1,0,3.8,540186.0
2075,HP-2020-12074,1768.0,4,2,3.0,Downtown,Semi-Furnished,Apartment,1,1,2.7,562358.0
2076,HP-2021-12075,1979.0,2,2,0.0,Urban,Furnished,Independent House,2,1,2.0,500422.0
2077,HP-2022-12076,2631.0,3,3,19.0,Urban,Unfurnished,Independent House,1,0,2.3,562140.0
2078,HP-2023-12077,3043.0,5,3,21.0,Rural,Un-furnished,Apartment,1,1,22.8,646493.0
2079,HP-2024-12078,2102.0,2,2,14.0,Rural,Furnished,Apartment,0,0,5.3,374075.0
2080,HP-2018-12079,1885.0,4,2,1.0,Urban,Furnished,Independent House,2,1,15.1,534678.0
2081,HP-2019-12080,2200.0,4,2,11.0,Urban,Semi-Furnished,Apartment,2,1,1.9,553648.0
2082,HP-2020-12081,2621.0,3,3,21.0,Downtown,Semi-Furnished,Independent House,1,0,1.5,596250.0
2083,HP-2021-12082,1189.0,5,3,6.0,Suburban,Semi-Furnished,Villa,1,0,17.6,500700.0
2084,HP-2022-12083,593.0,4,3,,Rural,Unfurnished,Villa,1,0,5.5,391503.0
2085,HP-2023-12084,1815.0,3,3,11.0,Suburban,Furnished,Apartment,1,1,18.0,425217.0
2086,HP-2024-12085,1346.0,3,2,21.0,Urban,Unfurnished,Villa,1,0,0.5,381011.0
2087,HP-2018-12086,1844.0,4,3,1.0,Urban,Unfurnished,Studio,1,0,19.9,519381.0
2088,HP-2019-12087,,4,4,11.0,Suburban, Furnished,Apartment,2,0,4.3,584010.0
2089,HP-2020-12088,1883.0,5,3,12.0,Downtown,Furnished,Apartment,2,0,,595570.0
2090,HP-2021-12089,3217.0,3,1,11.0,Downtown,Unfurnished,Villa,0,1,9.2,673614.0
2091,HP-2022-12090,2429.0,3,1,13.0,Rural,Furnished,Villa,1,1,12.8,508443.0
2092,HP-2023-12091,2410.0,2,3,12.0,Urban,furnished,Independent House,1,1,0.5,603537.0
2093,HP-2024-12092,2636.0,1,1,2.0,Downtown,Unfurnished,Studio,1,0,34.9,418143.0
2094,HP-2018-12093,1403.0,1,1,3.0,Downtown,Furnished,Apartment,0,0,9.6,334296.0
2095,HP-2019-12094,2927.0,5,3,12.0,Downtown,Furnished,Independent House,1,0,3.1,782251.0
2096,HP-2020-12095,2147.0,4,3,0.0,Suburban,Furnished ,Apartment,0,1,1.3,573250.0
2097,HP-2021-12096,2669.0,4,2,12.0,Suburban,Unfurnished,Apartment,1,0,4.0,565990.0
2098,HP-2022-12097,1450.0,4,2,13.0,Suburban,Unfurnished,Apartment,2,1,2.0,434588.0
2099,HP-2023-12098,1112.0,5,3,3.0,Suburban,Semi Furnished,Independent House,1,0,5.5,478995.0
2100,HP-2024-12099,2773.0,3,1,11.0,Urban,Semi-Furnished,Independent House,1,1,12.2,574008.0
2101,HP-2018-12100,2463.0,5,3,9.0,Downtown,Furnished,Apartment,1,1,8.6,682378.0
2102,HP-2019-12101,1569.0,3,2,4.0,Downtown,Unfurnished,Independent House,2,1,4.6,466595.0
2103,HP-2020-12102,1591.0,5,3,7.0,Urban,Unfurnished,Independent House,1,0,1.0,609390.0
2104,HP-2021-12103,2988.0,4,2,29.0,Suburban,Furnished,Apartment,1,0,25.2,547502.0
2105,HP-2022-12104,1367.0,3,1,7.0,Suburban,Unfurnished,Apartment,2,1,2.5,311506.0
2106,HP-2023-12105,3350.0,3,1,12.0,Downtown,Unfurnished,Apartment,2,1,2.6,644088.0
2107,HP-2024-12106,1570.0,3,3,0.0,Downtown,Semi-Furnished,Independent House,2,0,8.3,488958.0
2108,HP-2018-12107,2647.0,2,1,1.0,Suburban,Unfurnished,Independent House,1,0,11.8,492728.0
2109,HP-2019-12108,5086.080583318335,4,1,1.0,Downtown,Furnished,Independent House,2,1,33.2,1245639.5750339436
2110,HP-2020-12109,2622.0,3,1,18.0,Urban,Unfurnished,Apartment,2,1,27.8,505455.0
2111,HP-2021-12110,1819.0,2,1,5.0,Urban,Furnished,Studio,2,0,19.6,364935.0
2112,HP-2022-12111,2086.0,5,4,3.0,Urban,Semi-Furnished,Apartment,0,0,4.6,606505.0
2113,HP-2023-12112,2229.0,4,3,17.0,Urban,Unfurnished,Villa,0,1,1.5,615280.0
2114,HP-2024-12113,1498.0,5,2,2.0,Downtown,Semi-Furnished,Apartment,2,1,7.0,547054.0
2115,HP-2018-12114,2719.0,4,4,3.0,Rural,Unfurnished,Independent House,3,0,0.5,675787.0
2116,HP-2019-12115,1841.0,3,2,7.0,Urban,Furnished,Independent House,2,0,1.7,452407.0
2117,HP-2020-12116,2040.0,3,3,5.0,Rural,Semi-Furnished,Villa,2,1,0.5,569899.0
2118,HP-2021-12117,1504.0,4,2,11.0,Suburban,Furnished ,Independent House,1,0,1.6,442105.0
2119,HP-2022-12118,500.0,6,2,5.0,Urban,Furnished ,Apartment,1,0,5.2,388947.0
2120,HP-2023-12119,2066.0,3,1,6.0,Urban,SEMI-FURNISHED,Apartment,2,1,4.0,470341.0
2121,HP-2024-12120,,5,1,24.0,Downtown,Semi-Furnished,Studio,2,0,3.7,742114.0
2122,HP-2018-12121,2749.0,5,4,26.0,Downtown,Semi-Furnished,Apartment,2,0,14.2,714740.0
2123,HP-2019-12122,,4,3,21.0,Urban,Semi-Furnished,Apartment,3,0,9.0,528927.0
2124,HP-2020-12123,2016.0,5,2,24.0,Urban,Semi-Furnished,Apartment,1,1,22.0,561799.0
2125,HP-2021-12124,2216.0,3,2,10.0,Rural,Semi-Furnished,Apartment,0,0,4.7,420395.0
2126,HP-2022-12125,2583.0,6,4,12.0,Urban,Furnished,Apartment,3,0,2.5,733961.0
2127,HP-2023-12126,1373.0,4,3,10.0,Downtown,Semi-Furnished,Villa,1,0,1.0,520957.0
2128,HP-2024-12127,2980.0,1,1,,Urban,Semi_Furnished,Independent House,2,0,8.9,492990.0
2129,HP-2018-12128,2701.0,5,3,10.0,Suburban,Semi-Furnished,Apartment,2,1,14.7,665238.0
2130,HP-2019-12129,2703.0,3,1,1.0,Suburban,Unfurnished,Studio,1,1,1.6,520145.0
2131,HP-2020-12130,2507.0,3,2,20.0,Suburban,Semi-Furnished,Independent House,2,1,16.9,538404.0
2132,HP-2021-12131,2214.0,3,2,17.0,Urban,Unfurnished,Villa,1,0,6.0,558335.0
2133,HP-2022-12132,2671.0,2,1,21.0,Urban,Unfurnished,Independent House,2,0,1.2,498170.0
2134,HP-2023-12133,2614.0,3,3,3.0,Downtown,#Unfurnished,Independent House,0,0,8.2,649030.0
2135,HP-2024-12134,1952.0,5,3,4.0,Urban,Semi-Furnished,Apartment,2,0,5.9,556743.0
2136,HP-2018-12135,1798.0,1,1,4.0,Suburban,Furnished,Villa,2,0,0.5,344772.0
2137,HP-2019-12136,2271.0,3,2,9.0,Downtown,Unfurnished,Studio,1,0,4.1,500627.0
2138,HP-2020-12137,3284.0,1,1,2.0,Downtown,Furnished,Apartment,2,1,12.3,568136.0
2139,HP-2021-12138,1333.0,3,2,6.0,Urban, Furnished,Villa,3,1,6.5,461031.0
2140,HP-2022-12139,1173.0,4,2,2.0,Downtown,Unfurnished,Independent House,2,1,2.7,484278.0
2141,HP-2023-12140,2315.0,4,2,4.0,Suburban,Semi-Furnished,Apartment,3,0,21.1,558116.0
2142,HP-2024-12141,2236.0,5,4,,Urban,Furnished,Studio,1,1,2.2,639766.0
2143,HP-2018-12142,2321.0,4,2,23.0,Suburban,Unfurnished,Apartment,1,0,2.3,500321.0
2144,HP-2019-12143,2371.0,3,1,0.0,Urban,Unfurnished,Apartment,1,0,3.5,499642.0
2145,HP-2020-12144,2044.0,5,4,10.0,Suburban,Semi-Furnished,Studio,3,0,18.0,595180.0
2146,HP-2021-12145,3243.0,4,2,0.0,Downtown,Semi-Furnished,Independent House,0,0,5.7,701328.0
2147,HP-2022-12146,1079.0,4,2,1.0,Rural,Semi-Furnished,Independent House,1,0,9.2,375700.0
2148,HP-2023-12147,1620.0,4,3,15.0,Downtown,Unfurnished,Villa,1,0,29.9,550310.0
2149,HP-2024-12148,2128.0,5,4,16.0,Suburban,Unfurnished,Apartment,1,0,12.2,559726.0
2150,HP-2018-12149,1050.0,4,3,20.0,Rural,Furnished,Apartment,3,1,1.5,372524.0
2151,HP-2019-12150,2077.0,3,1,8.0,Suburban,Semi-Furnished,Studio,1,0,12.4,376609.0
2152,HP-2020-12151,3363.0,4,3,24.0,Suburban,Semi-Furnished,Apartment,3,0,11.0,696611.0
2153,HP-2021-12152,2215.0,1,1,2.0,Rural,Unfurnished,Independent House,1,0,2.1,364933.0
2154,HP-2022-12153,2361.0,3,1,3.0,Urban,Semi_Furnished,Apartment,2,0,3.1,511994.0
2155,HP-2023-12154,1318.0,3,3,2.0,Urban, Furnished,Studio,1,1,9.9,402470.0
2156,HP-2024-12155,1769.0,2,1,19.0,Downtown,Semi-Furnished,Studio,1,0,2.2,374807.0
2157,HP-2018-12156,1937.0,1,1,3.0,Rural,Unfurnished,Apartment,1,0,1.9,319010.0
2158,HP-2019-12157,1978.0,2,1,2.0,Urban,Unfurnished,Independent House,1,1,9.7,458015.0
2159,HP-2020-12158,3097.0,4,2,12.0,Downtown,Furnished,Villa,1,1,17.0,733996.0
2160,HP-2021-12159,2590.0,4,3,1.0,Suburban,Semi-Furnished,Villa,1,0,0.6,666245.0
2161,HP-2022-12160,1422.0,6,4,1.0,Downtown,Furnished,Apartment,1,0,4.7,611604.0
2162,HP-2023-12161,2373.0,3,1,1.0,Urban,Semi-Furnished,Apartment,1,1,7.5,506091.0
2163,HP-2024-12162,2549.0,4,3,0.0,Rural,Furnished,Apartment,2,1,9.0,599957.0
2164,HP-2018-12163,2998.0,5,3,14.0,Rural,Unfurnished,Villa,1,1,44.6,719382.0
2165,HP-2019-12164,3306.0,2,2,10.0,Suburban,Semi-Furnished,Studio,2,1,9.2,615691.0
2166,HP-2020-12165,1489.0,4,2,3.0,Rural,Unfurnished,Independent House,3,1,7.7,474325.0
2167,HP-2021-12166,1632.0,4,2,3.0,Rural,Unfurnished,Apartment,1,0,36.6,416719.0
2168,HP-2022-12167,1320.0,2,1,20.0,Suburban,semi-furnished,Apartment,1,1,0.5,291668.0
2169,HP-2023-12168,2036.0,5,3,8.0,Rural,Semi-Furnished,Studio,1,1,0.6,501759.0
2170,HP-2024-12169,2526.0,4,3,14.0,Rural,Unfurnished,Independent House,1,0,6.6,598088.0
2171,HP-2018-12170,2891.0,1,1,7.0,Urban,Furnished,Villa,2,1,3.6,557937.0
2172,HP-2019-12171,2147.0,2,2,3.0,Urban,Furnished,Independent House,1,1,0.8,476515.0
2173,HP-2020-12172,1976.0,1,1,42.0,Urban,Semi-Furnished,Studio,1,0,2.9,233477.0
2174,HP-2021-12173,2306.0,3,3,10.0,Suburban,FURNISHED,Apartment,1,0,9.0,519369.0
2175,HP-2022-12174,1615.0,3,2,2.0,Urban,Semi-Furnished,Apartment,2,0,17.0,451665.0
2176,HP-2023-12175,3663.0,3,2,6.0,Urban,Furnished,Studio,2,1,0.8,684022.0
2177,HP-2024-12176,1075.0,3,1,5.0,Rural,Furnished,Independent House,3,1,6.2,336200.0
2178,HP-2018-12177,2329.0,5,3,3.0,Downtown,Semi-Furnished,Apartment,3,0,2.8,711400.0
2179,HP-2019-12178,3617.0,3,3,33.0,Rural,Unfurnished,Apartment,1,0,8.8,639018.0
2180,HP-2020-12179,2205.0,1,1,26.0,Rural,Semi-Furnished,Apartment,0,0,6.4,276233.0
2181,HP-2021-12180,2067.0,3,1,3.0,Suburban,Furnished,Studio,1,0,20.9,385666.0
2182,HP-2022-12181,1950.0,3,1,5.0,Downtown,semi-furnished,Apartment,1,0,0.5,494277.0
2183,HP-2023-12182,2074.0,3,2,17.0,Urban,FURNISHED,Studio,1,0,5.1,425495.0
2184,HP-2024-12183,3161.0,3,2,3.0,Suburban,Semi_Furnished,Apartment,0,0,1.7,592402.0
2185,HP-2018-12184,,2,1,11.0,Urban,Unfurnished,Apartment,0,0,6.2,212451.0
2186,HP-2019-12185,3273.0,4,3,14.0,Urban,Furnished,Studio,0,1,15.4,665687.0
2187,HP-2020-12186,1203.0,6,4,13.0,Urban,Furnished,Studio,2,1,19.4,539512.0
2188,HP-2021-12187,2013.0,3,2,15.0,Suburban,Semi-Furnished,Apartment,3,0,4.1,458182.0
2189,HP-2022-12188,1900.0,3,2,15.0,Rural,Semi-Furnished,Apartment,0,0,13.4,385327.0
2190,HP-2023-12189,2612.0,4,1,40.0,Urban, Furnished,Independent House,1,1,2.6,564988.0
2191,HP-2024-12190,1081.0,4,2,5.0,Suburban,Furnished,Apartment,0,1,0.5,363125.0
2192,HP-2018-12191,2524.0,3,3,25.0,Downtown,Semi Furnished,Studio,2,0,15.5,534285.0
2193,HP-2019-12192,3617.0,5,3,0.0,Suburban,Unfurnished,Apartment,3,0,1.0,796866.0
2194,HP-2020-12193,1246.0,3,2,4.0,Rural,Unfurnished,Independent House,1,0,0.5,401886.0
2195,HP-2021-12194,2333.0,3,2,1.0,Urban,Semi-Furnished,Apartment,1,0,3.5,518200.0
2196,HP-2022-12195,1737.0,4,3,13.0,Urban,Unfurnished,Apartment,1,0,3.8,530597.0
2197,HP-2023-12196,2498.0,6,2,1.0,Suburban,Furnished,Independent House,1,0,0.6,676808.0
2198,HP-2024-12197,2213.0,4,2,22.0,Suburban,furnished,Apartment,2,1,13.5,508905.0
2199,HP-2018-12198,1751.0,1,1,12.0,Urban,Furnished,Independent House,1,0,4.2,358836.0
2200,HP-2019-12199,2542.0,3,3,0.0,Urban,Semi_Furnished,Villa,3,1,5.4,654400.0
2201,HP-2020-12200,3463.0,3,2,15.0,Downtown,Unfurnished,Apartment,0,0,2.5,683104.0
2202,HP-2021-12201,2066.0,3,1,24.0,Urban,Furnished,Independent House,2,0,5.7,449720.0
2203,HP-2022-12202,2704.0,4,3,13.0,Suburban,Furnished,Villa,1,1,11.6,680088.0
2204,HP-2023-12203,1295.0,5,3,0.0,Rural,Unfurnished,Apartment,1,1,18.9,480168.0
2205,HP-2024-12204,1530.0,4,2,23.0,Suburban,Semi-Furnished,Studio,2,0,28.2,366751.0
2206,HP-2018-12205,2531.0,6,3,16.0,Suburban,Semi-Furnished,Apartment,3,0,4.5,661604.0
2207,HP-2019-12206,3239.0,3,2,,Suburban,semi-furnished,Apartment,2,0,36.9,592756.0
2208,HP-2020-12207,2449.0,5,4,5.0,Suburban,Furnished,Apartment,2,0,2.8,632647.0
2209,HP-2021-12208,1981.0,4,3,,Downtown,,Studio,2,0,0.5,524088.0
2210,HP-2022-12209,2200.0,3,2,24.0,Downtown,Semi-Furnished,Apartment,1,0,11.7,472748.0
2211,HP-2023-12210,1325.0,4,3,3.0,Suburban,Furnished,Apartment,2,0,6.123156968929286,481262.0
2212,HP-2024-12211,2623.0,2,1,1.0,Downtown,Unfurnished,Villa,2,0,0.5,603047.0
2213,HP-2018-12212,2818.0,4,3,24.0,Urban,Furnished,Studio,1,1,20.6,614230.0
2214,HP-2019-12213,1884.0,3,1,0.0,Urban,Semi-Furnished,Studio,1,0,12.6,376877.0
2215,HP-2020-12214,1871.0,3,2,29.0,Downtown,Semi-Furnished,Independent House,2,0,0.9,476634.0
2216,HP-2021-12215,2386.0,4,2,4.0,Urban,Furnished,Independent House,2,1,12.0,594689.0
2217,HP-2022-12216,1894.0,4,3,9.0,Rural,Furnished,Apartment,1,1,14.9,492400.0
2218,HP-2023-12217,2154.0,2,1,2.0,Suburban,Furnished,Independent House,2,0,18.9,446591.0
2219,HP-2024-12218,3670.0,1,1,28.0,Suburban,Semi-Furnished,Apartment,2,0,6.3,530872.0
2220,HP-2018-12219,2027.0,3,1,17.0,Downtown,Furnished,Villa,1,1,9.7,533277.0
2221,HP-2019-12220,1949.0,3,2,31.0,Downtown,Unfurnished,Apartment,2,1,11.5,427854.0
2222,HP-2020-12221,1747.0,5,3,14.0,Downtown,Furnished,Studio,1,0,9.3,514129.0
2223,HP-2021-12222,2721.0,5,3,2.0,Downtown,Unfurnished,Apartment,0,1,8.3,735776.0
2224,HP-2022-12223,2073.0,3,1,4.0,Suburban,Furnished ,Independent House,1,1,6.3,503012.0
2225,HP-2023-12224,1745.0,4,2,8.0,Rural,Furnished,Independent House,3,0,5.2,483479.0
2226,HP-2024-12225,3125.0,3,2,11.0,Rural,furnished,Apartment,0,0,44.4,526069.0
2227,HP-2018-12226,3194.0,4,2,31.0,Urban,Unfurnished,Apartment,2,1,3.3,665561.0
2228,HP-2019-12227,1780.0,2,1,6.0,Downtown,Furnished,Apartment,1,0,0.7,398548.0
2229,HP-2020-12228,893.0,3,1,15.0,Rural,Semi-Furnished,Studio,2,0,11.6,233564.0
2230,HP-2021-12229,,4,2,39.0,Suburban,Furnished,Studio,2,0,1.9,525093.0
2231,HP-2022-12230,1721.0,1,2,,Suburban,Semi-Furnished,Apartment,2,0,6.1,365328.0
2232,HP-2023-12231,,4,3,24.0,Downtown,Unfurnished,Apartment,2,0,0.8,635376.0
2233,HP-2024-12232,,5,3,7.0,Urban,Semi-Furnished,Independent House,2,1,,454138.0
2234,HP-2018-12233,2825.0,3,3,16.0,Urban,#Semi-Furnished,Independent House,1,1,23.1,603596.0
2235,HP-2019-12234,1352.0,3,1,4.0,Downtown,Semi-Furnished,Apartment,1,0,10.3,359543.0
2236,HP-2020-12235,2712.0,5,3,5.0,Suburban,Unfurnished,Studio,1,0,1.9,670454.0
2237,HP-2021-12236,2210.0,4,2,0.0,Urban,Unfurnished,Studio,2,1,28.4,517201.0
2238,HP-2022-12237,1532.0,3,2,43.0,Suburban,Furnished,Apartment,1,0,2.9,332074.0
2239,HP-2023-12238,1915.0,3,2,20.0,Urban,Furnished,Independent House,1,1,4.6,438825.0
2240,HP-2024-12239,2680.0,4,2,1.0,Rural,Semi Furnished,Apartment,2,1,5.5,611512.0
2241,HP-2018-12240,2274.0,3,2,60.0,Suburban,Semi-Furnished,Independent House,2,1,37.4,398711.0
2242,HP-2019-12241,2609.0,2,1,11.0,Suburban,Furnished,Studio,2,0,0.6,445865.0
2243,HP-2020-12242,3584.0,3,3,23.0,Urban,Semi-Furnished,Independent House,0,0,9.5,699998.0
2244,HP-2021-12243,1105.0,5,2,1.0,Downtown,Semi-Furnished,Independent House,1,0,3.6,507004.0
2245,HP-2022-12244,3332.0,4,2,6.0,Rural,Semi-Furnished,Studio,1,0,0.7,637712.0
2246,HP-2023-12245,2273.0,6,3,13.0,Downtown,Semi-Furnished,Villa,0,1,21.9,754842.0
2247,HP-2024-12246,1571.0,4,3,1.0,Suburban,Unfurnished,Apartment,1,1,7.1,494797.0
2248,HP-2018-12247,1269.0,5,3,8.0,Downtown,Furnished,Apartment,1,1,11.2,554964.0
2249,HP-2019-12248,2068.0,2,1,7.0,Urban,Unfurnished,Villa,0,0,2.2,466739.0
2250,HP-2020-12249,2845.0,4,3,3.0,Urban,Furnished ,Apartment,1,1,11.5,671045.0
2251,HP-2021-12250,2111.0,1,1,4.0,Suburban,Furnished,Apartment,1,0,14.1,360587.0
2252,HP-2022-12251,3258.0,4,3,41.0,Urban,Unfurnished,Studio,0,1,4.5,633231.0
2253,HP-2023-12252,1184.0,3,2,4.0,Urban,Semi-Furnished,Apartment,2,0,6.8,379685.0
2254,HP-2024-12253,2192.0,3,2,3.0,Suburban,Semi-Furnished,Independent House,2,0,28.6,504071.0
2255,HP-2018-12254,,5,3,9.0,Suburban,Semi-Furnished,Apartment,2,1,,491745.0
2256,HP-2019-12255,2455.0,5,3,13.0,Rural,Furnished,Villa,1,1,4.7,708653.0
2257,HP-2020-12256,2821.0,1,1,15.0,Urban,Semi-Furnished,Villa,3,1,8.7,570803.0
2258,HP-2021-12257,1905.0,4,2,17.0,Rural,Semi-Furnished,Studio,3,0,12.3,437867.0
2259,HP-2022-12258,500.0,3,2,0.0,Suburban,Semi-Furnished,Apartment,1,1,0.5,308220.0
2260,HP-2023-12259,2339.0,3,1,6.0,Suburban,Furnished,Apartment,1,1,7.1,497497.0
2261,HP-2024-12260,2506.0,5,3,18.0,Urban,SEMI-FURNISHED,Independent House,0,1,33.4,658990.0
2262,HP-2018-12261,2483.0,3,2,28.0,Suburban,Semi-Furnished,Studio,2,0,23.5,455051.0
2263,HP-2019-12262,3065.0,5,4,11.0,Rural,Unfurnished,Apartment,1,1,14.3,728721.0
2264,HP-2020-12263,1450.0,2,1,1.0,Downtown,Semi_Furnished,Apartment,3,0,0.9,381172.0
2265,HP-2021-12264,2676.0,4,1,6.0,Urban,Semi-Furnished,Apartment,1,0,41.0,520246.0
2266,HP-2022-12265,3035.0,4,2,1.0,Suburban,Unfurnished,Independent House,3,0,7.5,678824.0
2267,HP-2023-12266,955.0,3,2,17.0,Suburban,Semi-Furnished,Independent House,2,1,2.0,329208.0
2268,HP-2024-12267,2424.0,3,2,1.0,Urban,Semi-Furnished,Independent House,3,0,,584596.0
2269,HP-2018-12268,1847.0,5,2,2.0,Rural,Semi-Furnished,Apartment,1,0,15.5,502321.0
2270,HP-2019-12269,2143.0,4,2,6.0,Suburban,Unfurnished,Villa,0,1,1.0,594478.0
2271,HP-2020-12270,2443.0,3,2,7.0,Suburban,Semi-Furnished,Independent House,2,0,,517134.0
2272,HP-2021-12271,1859.0,3,1,6.0,Urban,,Apartment,2,0,20.2,429051.0
2273,HP-2022-12272,1727.0,2,1,7.0,Urban,semi-furnished,Independent House,1,1,0.5,413944.0
2274,HP-2023-12273,2224.0,2,1,15.0,Rural,Semi Furnished,Villa,2,0,18.4,467753.0
2275,HP-2024-12274,1439.0,3,1,6.0,Urban,Semi-Furnished,Apartment,1,0,23.5,360629.0
2276,HP-2018-12275,1440.0,2,1,10.0,Suburban,Semi-Furnished,Studio,0,0,0.5,261990.0
2277,HP-2019-12276,2676.0,5,3,4.0,Downtown,Semi Furnished,Apartment,1,0,2.8,672855.0
2278,HP-2020-12277,1396.0,4,3,5.0,Urban,Semi-Furnished,Studio,3,0,3.7,466077.0
2279,HP-2021-12278,2666.0,5,3,11.0,Suburban,Semi-Furnished,Villa,1,1,3.4,702194.0
2280,HP-2022-12279,2524.0,4,2,8.0,Suburban,Semi-Furnished,Independent House,2,1,11.4,591239.0
2281,HP-2023-12280,992.0,5,4,15.0,Rural,Unfurnished,Apartment,0,0,3.5,409423.0
2282,HP-2024-12281,1726.0,3,2,10.0,Downtown,Unfurnished,Studio,2,0,25.1,404330.0
2283,HP-2018-12282,3036.0,4,1,20.0,Rural,Semi-Furnished,Apartment,3,0,42.4,560732.0
2284,HP-2019-12283,1513.0,6,3,7.0,Downtown,Unfurnished,Villa,1,0,3.0,624978.0
2285,HP-2020-12284,1875.0,4,3,8.0,Urban,Furnished,Studio,1,1,5.7,508576.0
2286,HP-2021-12285,2523.0,1,1,13.0,Urban,,Apartment,2,0,6.5,387990.0
2287,HP-2022-12286,2748.0,4,2,3.0,Downtown,Furnished,Studio,3,1,6.9,610915.0
2288,HP-2023-12287,2024.0,5,4,6.0,Suburban,Unfurnished,Independent House,1,1,3.7,642960.0
2289,HP-2024-12288,1782.0,4,3,12.0,Suburban,Unfurnished,Independent House,1,1,1.5,537445.0
2290,HP-2018-12289,3196.0,4,3,0.0,Rural,Semi-Furnished,Studio,1,0,,636324.0
2291,HP-2019-12290,3417.0,4,3,7.0,Urban,Furnished,Independent House,1,0,0.9,730450.0
2292,HP-2020-12291,2885.0,6,4,11.0,Suburban,Unfurnished,Apartment,1,0,18.5,700916.0
2293,HP-2021-12292,2260.0,2,1,41.0,Downtown,Semi-Furnished,Independent House,3,1,2.6,450278.0
2294,HP-2022-12293,1634.0,4,3,25.0,Downtown,Unfurnished,Independent House,1,0,0.6,530709.0
2295,HP-2023-12294,1619.0,3,2,4.0,Suburban,Furnished,Apartment,1,0,7.8,376541.0
2296,HP-2024-12295,2566.0,4,2,8.0,Suburban,Furnished,Apartment,2,1,0.6,577980.0
2297,HP-2018-12296,2493.0,4,3,1.0,Urban,Unfurnished,Apartment,1,0,0.6,638231.0
2298,HP-2019-12297,3181.0,2,1,3.0,Suburban,Semi-Furnished,Apartment,2,0,7.8,537266.0
2299,HP-2020-12298,2655.0,2,2,18.0,Suburban,Semi_Furnished,Villa,2,0,7.2,536463.0
2300,HP-2021-12299,1148.0,4,3,2.0,Rural,Semi_Furnished,Apartment,1,0,0.5,414035.0
2301,HP-2022-12300,2936.0,2,1,4.0,Urban,Unfurnished,Apartment,1,1,4.9,526093.0
2302,HP-2023-12301,1501.0,3,2,35.0,Downtown,Semi-Furnished,Apartment,1,0,4.6,356991.0
2303,HP-2024-12302,1931.0,5,3,,Downtown,Semi-Furnished,Studio,1,0,6.3,552092.0
2304,HP-2018-12303,2375.0,3,2,18.0,Downtown,Furnished,Apartment,1,1,10.7,499857.0
2305,HP-2019-12304,3597.0,3,2,24.0,Suburban,Semi Furnished,Villa,3,0,2.7,674960.0
2306,HP-2020-12305,4377.0,5,3,17.0,Suburban,Unfurnished,Apartment,1,0,,843903.0
2307,HP-2021-12306,2625.0,2,1,2.0,Downtown,Un-furnished,Apartment,2,0,12.6,516127.0
2308,HP-2022-12307,2072.0,3,2,9.0,Rural,Unfurnished,Apartment,1,1,20.5,458634.0
2309,HP-2023-12308,2574.0,4,3,,Suburban,Semi-Furnished,Apartment,3,1,17.8,608452.0
2310,HP-2024-12309,2821.0,4,3,4.0,Rural,Unfurnished,Apartment,2,0,5.2,639795.0
2311,HP-2018-12310,1976.0,5,3,22.0,Suburban,Semi-Furnished,Independent House,2,0,5.9,596841.0
2312,HP-2019-12311,3457.0,5,2,7.0,Rural,Semi-Furnished,Independent House,1,1,6.0,749090.0
2313,HP-2020-12312,2361.0,4,3,1.0,Urban,Unfurnished,Villa,1,0,16.2,659006.0
2314,HP-2021-12313,2548.0,2,1,4.0,Downtown,Unfurnished,Apartment,1,0,14.7,513408.0
2315,HP-2022-12314,2666.0,1,1,3.0,Downtown,Furnished,Independent House,2,1,3.0,505794.0
2316,HP-2023-12315,2495.0,3,2,,Downtown,Unfurnished,Apartment,2,1,1.4,537941.0
2317,HP-2024-12316,2787.0,2,1,13.0,Downtown,Unfurnished,Villa,0,1,3.8,600299.0
2318,HP-2018-12317,1768.0,4,1,10.0,Urban,Unfurnished,Apartment,3,1,2.7,456486.0
2319,HP-2019-12318,1809.0,4,3,8.0,Suburban,,Independent House,3,1,24.1,542879.0
2320,HP-2020-12319,1430.0,1,1,13.0,Urban,Semi-Furnished,Studio,1,1,2.5,250941.0
2321,HP-2021-12320,2508.0,5,3,17.0,Urban,Unfurnished,Independent House,1,0,1.6,687547.0
2322,HP-2022-12321,2745.0,2,1,10.0,Urban,Semi-Furnished,Apartment,2,0,18.4,457964.0
2323,HP-2023-12322,2520.0,3,2,33.0,Urban,Semi-Furnished,Studio,1,1,0.7,484361.0
2324,HP-2024-12323,3372.0,4,2,45.0,Downtown,Furnished,Apartment,2,0,2.4,629355.0
2325,HP-2018-12324,2196.0,3,1,60.0,Downtown,Unfurnished,Villa,2,1,,440942.0
2326,HP-2019-12325,2668.0,3,2,13.0,Urban,Unfurnished,Apartment,0,1,7.2,512794.0
2327,HP-2020-12326,1436.0,2,1,32.0,Downtown,Unfurnished,Apartment,2,0,3.2,300236.0
2328,HP-2021-12327,1929.0,3,2,6.0,Urban,Furnished,Independent House,1,0,5.5,496726.0
2329,HP-2022-12328,2687.0,4,2,24.0,Urban,,Apartment,3,0,1.8,585820.0
2330,HP-2023-12329,2794.0,5,3,29.0,Downtown,Semi-Furnished,Studio,1,0,6.8,648123.0
2331,HP-2024-12330,1994.0,3,2,28.0,Suburban,Unfurnished,Apartment,1,1,4.2,418221.0
2332,HP-2018-12331,2150.0,3,2,21.0,Suburban,Unfurnished,Apartment,2,0,15.1,459829.0
2333,HP-2019-12332,1137.0,4,3,6.0,Urban,Semi-Furnished,Apartment,0,1,4.3,450240.0
2334,HP-2020-12333,1950.0,5,4,2.0,Suburban,UNFURNISHED,Villa,2,0,4.7,669929.0
2335,HP-2021-12334,2823.0,3,2,5.0,Urban,Furnished,Studio,1,1,7.2,573208.0
2336,HP-2022-12335,2603.0,3,2,17.0,Urban,Semi-Furnished,Independent House,1,0,1.1,551416.0
2337,HP-2023-12336,2550.0,4,3,3.0,Suburban,Furnished,Apartment,2,0,1.4,647858.0
2338,HP-2024-12337,2235.0,4,3,8.0,Downtown,Furnished,Independent House,1,0,12.5,626448.0
2339,HP-2018-12338,2205.0,2,1,10.0,Urban,Unfurnished,Villa,3,0,2.6,489459.0
2340,HP-2019-12339,1738.0,4,3,11.0,Urban,Semi-Furnished,Apartment,0,1,9.2,498753.0
2341,HP-2020-12340,2689.0,2,2,33.0,Urban,Furnished,Apartment,1,1,0.8,478435.0
2342,HP-2021-12341,2495.0,3,2,13.0,Suburban,Semi-Furnished,Independent House,1,0,13.8,519154.0
2343,HP-2022-12342,2544.0,3,2,19.0,Urban,Furnished,Studio,2,0,35.5,480005.0
2344,HP-2023-12343,1832.0,5,3,10.0,Urban,Semi-Furnished,Independent House,1,1,3.7,570110.0
2345,HP-2024-12344,693.0,3,2,22.0,Rural,Furnished,Apartment,0,1,5.6,235966.0
2346,HP-2018-12345,2968.0,3,2,4.0,Urban,FURNISHED,Apartment,3,0,4.7,611050.0
2347,HP-2019-12346,1865.0,2,1,3.0,Suburban,Furnished,Apartment,1,0,18.0,352700.0
2348,HP-2020-12347,1596.0,5,4,,Rural,Semi-Furnished,Studio,1,0,0.5,470373.0
2349,HP-2021-12348,7491.6353075956495,2,2,14.0,Urban,Furnished,Villa,1,0,8.5,1012493.9297684906
2350,HP-2022-12349,1926.0,3,2,13.0,Downtown,Semi-Furnished,Villa,1,0,8.5,529622.0
2351,HP-2023-12350,2942.0,2,2,8.0,Suburban,Semi-Furnished,Independent House,0,0,3.9,548121.0
2352,HP-2024-12351,2632.0,4,3,6.0,Rural,Unfurnished,Independent House,0,0,2.0,631344.0
2353,HP-2018-12352,2678.0,3,2,10.0,Rural,Unfurnished,Apartment,1,0,2.2,528001.0
2354,HP-2019-12353,1244.0,3,1,2.0,Suburban,Unfurnished,Independent House,1,0,12.9,390937.0
2355,HP-2020-12354,3048.0,3,3,7.0,Urban,Semi-Furnished,Villa,1,0,0.5,710821.0
2356,HP-2021-12355,2383.0,5,3,7.0,Suburban,Furnished,Apartment,2,0,6.6,607837.0
2357,HP-2022-12356,1942.0,3,1,9.0,Rural,Semi-Furnished,Apartment,2,0,2.9,394828.0
2358,HP-2023-12357,,4,1,,Urban,#Semi-Furnished,Apartment,0,0,2.5,491018.0
2359,HP-2024-12358,957.0,5,3,38.0,Rural,Semi-Furnished,Apartment,3,0,5.6,371113.0
2360,HP-2018-12359,2486.0,5,2,54.914332488987164,Downtown,Semi-Furnished,Villa,2,1,18.3,682723.2012498946
2361,HP-2019-12360,1479.0,3,1,26.0,Urban,Semi-Furnished,Apartment,3,0,7.7,339711.0
2362,HP-2020-12361,1253.0,6,4,10.0,Downtown,Unfurnished,Independent House,1,1,12.4,601497.0
2363,HP-2021-12362,1134.0,1,1,12.0,Urban,Unfurnished,Villa,2,0,7.3,303543.0
2364,HP-2022-12363,2979.0,3,1,1.0,Suburban,Unfurnished,Villa,1,0,9.6,596155.0
2365,HP-2023-12364,1760.0,5,3,2.0,Suburban,Furnished,Studio,2,1,4.5,530412.0
2366,HP-2024-12365,3274.0,3,1,10.0,Suburban,Unfurnished,Independent House,1,0,20.8,599776.0
2367,HP-2018-12366,1825.0,3,1,6.0,Suburban,Unfurnished,Apartment,1,0,5.6,363162.0
2368,HP-2019-12367,1005.0,3,2,19.0,Suburban,Semi-Furnished,Apartment,1,0,6.4,288001.0
2369,HP-2020-12368,1418.0,4,2,9.0,Downtown,Furnished,Independent House,1,0,6.0,493145.0
2370,HP-2021-12369,3065.0,3,2,26.0,Downtown,Semi-Furnished,Apartment,1,0,3.0,558945.0
2371,HP-2022-12370,2091.0,4,2,43.0,Rural,Semi-Furnished,Studio,0,1,2.1,377845.0
2372,HP-2023-12371,1816.0,5,4,2.0,Downtown,Furnished,Apartment,1,0,0.6,597128.0
2373,HP-2024-12372,2312.0,4,3,6.0,Downtown,Furnished,Studio,3,1,10.1,559509.0
2374,HP-2018-12373,2551.0,2,2,13.0,Suburban,Semi-Furnished,Villa,2,0,2.7,571940.0
2375,HP-2019-12374,2982.0,5,4,,Urban,Semi-Furnished,Studio,1,0,3.9,730119.0
2376,HP-2020-12375,3214.0,3,1,4.0,Urban, Furnished,Studio,1,1,20.2,566372.0
2377,HP-2021-12376,,2,1,20.0,Suburban,Semi-Furnished,Apartment,0,0,6.7,311987.0
2378,HP-2022-12377,1272.0,2,1,47.0,Downtown,Furnished,Villa,1,1,0.8,363662.0
2379,HP-2023-12378,1911.0,3,4,18.0,Downtown,Semi-Furnished,Apartment,1,0,12.9,523210.0
2380,HP-2024-12379,2382.0,2,1,9.0,Rural,Furnished,Studio,1,0,2.4,382989.0
2381,HP-2018-12380,1525.0,2,2,7.0,Suburban,Unfurnished,Villa,2,0,6.4,433841.0
2382,HP-2019-12381,1530.0,3,1,9.0,Suburban,Furnished,Apartment,1,0,5.7,358568.0
2383,HP-2020-12382,2441.0,3,2,7.0,Rural,Semi-Furnished,Studio,0,0,2.2,453714.0
2384,HP-2021-12383,2166.0,4,4,8.0,Suburban,,Apartment,1,0,1.0,567365.0
2385,HP-2022-12384,2223.0,4,2,3.0,Suburban,Semi-Furnished,Apartment,1,0,1.9,519253.0
2386,HP-2023-12385,1669.0,4,2,28.0,Rural,Furnished,Independent House,2,0,0.8,415562.0
2387,HP-2024-12386,2039.0,3,2,17.0,Suburban,Unfurnished,Studio,1,0,2.6,438138.0
2388,HP-2018-12387,1553.0,2,1,14.0,Downtown,Furnished,Studio,1,1,45.0,290866.0
2389,HP-2019-12388,2823.0,6,4,36.0,Rural,Semi Furnished,Independent House,2,0,4.1,738857.0
2390,HP-2020-12389,2925.0,1,1,4.0,Suburban,Semi-Furnished,Apartment,1,1,16.0,448734.0
2391,HP-2021-12390,908.0,5,3,1.0,Urban,Unfurnished,Apartment,0,0,6.4,430698.0
2392,HP-2022-12391,1549.0,2,1,21.0,Downtown,Semi-Furnished,Apartment,1,0,8.8,316507.0
2393,HP-2023-12392,1152.0,5,3,60.0,Downtown,Furnished,Apartment,0,0,1.4,375317.0
2394,HP-2024-12393,1745.0,3,2,10.0,Urban,Semi-Furnished,Independent House,1,1,2.6,463954.0
2395,HP-2018-12394,2142.0,3,1,1.0,Suburban,Unfurnished,Independent House,2,1,5.7,508440.0
2396,HP-2019-12395,1185.0,4,2,18.0,Suburban,Unfurnished,Villa,1,0,17.0,435986.0
2397,HP-2020-12396,1555.0,4,4,1.0,Downtown,Semi-Furnished,Apartment,1,0,0.5,554283.0
2398,HP-2021-12397,1497.0,3,1,9.0,Urban,Semi-Furnished,Apartment,3,0,5.7,358848.0
2399,HP-2022-12398,2345.0,3,2,4.0,Suburban,furnished,Apartment,1,1,0.5,507409.0
2400,HP-2023-12399,2249.0,4,4,30.0,Suburban,Semi-Furnished,Independent House,3,0,4.9,581545.0
2401,HP-2024-12400,1695.0,1,1,7.0,Suburban,Furnished,Independent House,1,1,7.9,366249.0
2402,HP-2018-12401,2324.0,1,1,27.0,Rural,Furnished,Apartment,2,1,10.9,356450.0
2403,HP-2019-12402,1817.0,3,2,4.0,Rural,Semi-Furnished,Apartment,2,1,1.2,460786.0
2404,HP-2020-12403,2010.0,2,1,6.0,Urban,Furnished,Villa,2,0,1.5,453389.0
2405,HP-2021-12404,3371.0,4,2,35.0,Urban,FURNISHED,Independent House,0,1,5.1,649718.0
2406,HP-2022-12405,3138.0,2,1,,Urban,Furnished,Apartment,1,0,45.0,521361.0
2407,HP-2023-12406,,3,2,10.0,Suburban,Unfurnished,Independent House,0,0,3.5,366266.0
2408,HP-2024-12407,2781.0,2,1,6.0,Downtown,Unfurnished,Independent House,3,0,4.5,566929.0
2409,HP-2018-12408,2768.0,3,1,18.0,Suburban,Semi-Furnished,Apartment,1,1,4.5,519814.0
2410,HP-2019-12409,1396.0,2,1,2.0,Urban,Furnished,Apartment,3,0,0.7,335138.0
2411,HP-2020-12410,2773.0,1,1,7.0,Urban,Semi-Furnished,Apartment,1,1,11.9,477254.0
2412,HP-2021-12411,3277.0,2,2,14.0,Urban,Semi-Furnished,Apartment,0,1,2.3,560453.0
2413,HP-2022-12412,1414.0,6,4,,Suburban,Furnished,Apartment,1,1,9.7,577259.0
2414,HP-2023-12413,1558.0,2,1,1.0,Downtown,Unfurnished,Apartment,1,0,5.2,377273.0
2415,HP-2024-12414,2912.0,4,3,15.0,Urban,Semi-Furnished,Apartment,2,1,7.6,695361.0
2416,HP-2018-12415,2390.0,2,1,8.0,Urban,Un-furnished,Studio,1,0,,427277.0
2417,HP-2019-12416,2586.0,2,2,0.0,Downtown,Semi-Furnished,Apartment,3,1,17.7,574884.0
2418,HP-2020-12417,2438.0,3,2,11.0,Rural,Semi-Furnished,Apartment,1,0,2.2,504612.0
2419,HP-2021-12418,2473.0,3,2,30.0,Urban,Semi-Furnished,Apartment,2,1,8.9,547542.0
2420,HP-2022-12419,1271.0,6,3,1.0,Suburban,Furnished,Studio,2,0,12.8,509737.0
2421,HP-2023-12420,2933.0,5,3,,Urban,Unfurnished,Independent House,1,1,6.2,776847.0
2422,HP-2024-12421,3019.0,4,3,16.0,Urban,Semi-Furnished,Independent House,0,0,3.3,694281.0
2423,HP-2018-12422,2039.0,4,2,1.0,Downtown,Semi-Furnished,Villa,1,1,30.5,568206.0
2424,HP-2019-12423,2170.0,3,1,0.0,Suburban,Semi_Furnished,Apartment,0,0,2.6,446277.0
2425,HP-2020-12424,1128.0,3,1,7.0,Suburban,Semi-Furnished,Studio,3,1,23.8,281122.0
2426,HP-2021-12425,2560.0,5,3,19.0,Rural,Unfurnished,Apartment,3,0,1.4,644885.0
2427,HP-2022-12426,2600.0,4,3,2.0,Downtown,Unfurnished,Independent House,2,1,14.382343957191646,703924.0
2428,HP-2023-12427,2156.0,4,2,22.0,Suburban,Unfurnished,Apartment,2,0,1.2,471848.0
2429,HP-2024-12428,2987.0,2,1,13.0,Suburban,Unfurnished,Villa,1,0,0.5,572350.0
2430,HP-2018-12429,1966.0,1,1,5.0,Urban,Semi-Furnished,Apartment,0,1,2.4,382208.0
2431,HP-2019-12430,2595.0,5,3,9.0,Downtown,Semi-Furnished,Independent House,2,1,0.7,725263.0
2432,HP-2020-12431,1486.0,3,2,40.0,Urban,Semi-Furnished,Apartment,1,1,34.3,320263.0
2433,HP-2021-12432,2184.0,3,2,3.0,Urban,Furnished,Independent House,2,1,11.5,547800.0
2434,HP-2022-12433,2078.0,2,3,8.0,Urban,Unfurnished,Apartment,2,0,0.5,443698.0
2435,HP-2023-12434,2358.0,5,3,12.0,Urban,Semi-Furnished,Studio,1,0,2.0,614915.0
2436,HP-2024-12435,1941.0,1,1,2.0,Suburban,Furnished,Apartment,0,0,8.9,353164.0
2437,HP-2018-12436,2108.0,5,3,1.0,Rural,Unfurnished,Independent House,2,0,4.1,598838.0
2438,HP-2019-12437,2778.0,2,1,0.0,Rural,Semi-Furnished,Independent House,1,0,14.3,525445.0
2439,HP-2020-12438,1894.0,5,4,5.0,Downtown,Furnished,Studio,2,1,5.6,644087.0
2440,HP-2021-12439,1075.0,4,2,1.0,Urban,Furnished,Studio,1,0,8.5,373914.0
2441,HP-2022-12440,3425.0,2,2,20.0,Urban,#Unfurnished,Studio,1,0,7.3,575107.0
2442,HP-2023-12441,3167.0,3,2,60.0,Urban,Semi-Furnished,Apartment,1,0,8.1,548178.0
2443,HP-2024-12442,1295.0,3,1,1.0,Urban,Unfurnished,Apartment,2,0,2.1,366213.0
2444,HP-2018-12443,2683.0,2,1,7.0,Suburban,Semi-Furnished,Apartment,1,0,3.7,471926.0
2445,HP-2019-12444,1848.0,5,2,0.0,Rural,Furnished,Independent House,1,0,0.5,532151.0
2446,HP-2020-12445,2384.0,3,2,2.0,Downtown,Semi Furnished,Apartment,1,1,7.1,555772.0
2447,HP-2021-12446,2406.0,3,1,5.0,Downtown,Furnished ,Villa,1,0,4.9,582984.0
2448,HP-2022-12447,2036.0,2,1,6.0,Suburban,Unfurnished,Apartment,1,1,11.4,387374.0
2449,HP-2023-12448,1651.0,3,1,34.0,Suburban,Semi-Furnished,Apartment,1,0,1.8,316748.0
2450,HP-2024-12449,1717.0,5,5,6.0,Rural,Unfurnished,Villa,1,0,4.6,656988.0
2451,HP-2018-12450,1559.0,3,1,8.0,Downtown,Semi-Furnished,Studio,1,0,1.6,386515.0
2452,HP-2019-12451,1618.0,6,4,3.0,Suburban,Furnished,Villa,1,1,,660458.0
2453,HP-2020-12452,2153.0,5,4,0.0,Urban,,Apartment,1,1,15.1,683850.0
2454,HP-2021-12453,1699.0,2,2,28.0,Urban,Semi-Furnished,Studio,1,0,11.6,359075.0
2455,HP-2022-12454,2677.0,2,2,1.0,Downtown,Unfurnished,Independent House,1,0,23.1,574683.0
2456,HP-2023-12455,3241.0,5,3,40.0,Urban,Semi-Furnished,Villa,1,0,28.5,701176.0
2457,HP-2024-12456,1794.0,3,3,2.0,Suburban,Semi-Furnished,Apartment,3,0,11.8,480327.0
2458,HP-2018-12457,2368.0,1,1,11.0,Suburban,Furnished,Independent House,0,1,2.7,423205.0
2459,HP-2019-12458,2550.0,3,2,60.0,Downtown,furnished,Apartment,2,0,2.0,444171.0
2460,HP-2020-12459,,4,3,2.0,Urban,Semi-Furnished,Studio,1,0,4.7,619527.0
2461,HP-2021-12460,2253.0,4,2,7.0,Urban,Semi-Furnished,Independent House,2,1,40.8,565335.0
2462,HP-2022-12461,2720.0,2,1,18.0,Downtown,Semi-Furnished,Villa,3,0,4.3,582536.0
2463,HP-2023-12462,2538.0,2,2,0.0,Suburban,Semi-Furnished,Independent House,1,1,1.8,531820.0
2464,HP-2024-12463,1334.0,5,4,14.0,Urban,Furnished,Apartment,2,1,23.1,530146.0
2465,HP-2018-12464,2808.0,4,2,1.0,Rural,SEMI-FURNISHED,Independent House,1,0,3.9,629304.0
2466,HP-2019-12465,2821.0,4,2,3.0,Downtown,Furnished,Independent House,0,0,9.4,663265.0
2467,HP-2020-12466,1666.0,4,2,2.0,Suburban,Semi-Furnished,Villa,1,0,12.4,518665.0
2468,HP-2021-12467,2227.0,3,2,29.0,Downtown,Furnished,Apartment,1,1,14.8,479522.0
2469,HP-2022-12468,2678.0,4,2,2.0,Urban,Semi-Furnished,Studio,1,1,13.8,570825.0
2470,HP-2023-12469,2053.0,3,2,0.0,Rural,Furnished,Independent House,1,0,14.5,435090.0
2471,HP-2024-12470,2951.0,2,1,11.0,Rural,,Apartment,1,1,8.8,473798.0
2472,HP-2018-12471,3855.0,4,2,5.0,Suburban,Semi-Furnished,Villa,2,1,4.1,833695.0
2473,HP-2019-12472,1650.0,3,3,6.0,Downtown,Semi-Furnished,Studio,1,0,8.8,432081.0
2474,HP-2020-12473,1233.0,6,3,2.0,Downtown,Unfurnished,Independent House,0,0,14.5,585734.0
2475,HP-2021-12474,2413.0,3,1,17.0,Downtown,Furnished,Apartment,1,1,3.5,530981.0
2476,HP-2022-12475,2705.0,5,3,11.0,Suburban,Semi-Furnished,Independent House,1,0,2.8,689839.0
2477,HP-2023-12476,2038.0,5,3,5.0,Suburban,,Apartment,0,1,3.4,578893.0
2478,HP-2024-12477,3217.0,2,2,2.0,Urban,#Semi-Furnished,Independent House,0,1,6.4,645295.0
2479,HP-2018-12478,1263.0,4,3,11.0,Suburban,Semi-Furnished,Independent House,1,0,0.5,474766.0
2480,HP-2019-12479,2685.0,3,2,18.0,Suburban,Semi-Furnished,Apartment,1,1,12.1,522708.0
2481,HP-2020-12480,1776.0,5,3,4.0,Urban,Semi-Furnished,Apartment,2,0,1.2,571127.0
2482,HP-2021-12481,3404.0,3,2,0.0,Downtown,Semi_Furnished,Apartment,1,1,1.1,684887.0
2483,HP-2022-12482,3595.0,4,2,3.0,Suburban,Furnished,Apartment,0,0,1.8,705482.0
2484,HP-2023-12483,1663.0,3,2,14.0,Suburban,Semi-Furnished,Apartment,1,1,6.9,368575.0
2485,HP-2024-12484,1815.0,2,1,54.0,Urban,SEMI-FURNISHED,Villa,3,1,2.7,371054.0
2486,HP-2018-12485,2802.0,2,1,0.0,Suburban,Unfurnished,Independent House,2,0,3.7,515572.0
2487,HP-2019-12486,1929.0,3,2,4.0,Downtown,#Semi-Furnished,Villa,1,0,21.5,525635.0
2488,HP-2020-12487,2168.0,4,2,1.0,Suburban,Unfurnished,Apartment,0,0,15.0,492226.0
2489,HP-2021-12488,2218.0,4,3,5.0,Suburban,Semi-Furnished,Apartment,1,0,15.3,511135.0
2490,HP-2022-12489,856.0,4,2,,Downtown,Semi-Furnished,Apartment,1,0,6.9,367500.0
2491,HP-2023-12490,2190.0,3,2,30.0,Suburban,Furnished,Villa,2,1,16.1,496648.0
2492,HP-2024-12491,1717.0,3,1,1.0,Suburban,Furnished,Independent House,1,1,12.1,448694.0
2493,HP-2018-12492,1855.0,1,1,,Urban,Unfurnished,Independent House,1,0,24.5,312161.0
2494,HP-2019-12493,,4,3,6.0,Suburban,Semi-Furnished,Apartment,0,1,0.5,677925.0
2495,HP-2020-12494,1320.0,6,3,20.0,Downtown,Unfurnished,Apartment,2,0,0.5,522696.0
2496,HP-2021-12495,2769.0,3,2,9.0,Suburban,Unfurnished,Villa,1,1,1.5,643986.0
2497,HP-2022-12496,2005.0,1,1,0.0,Urban,Semi-Furnished,Apartment,2,0,21.2,352556.0
2498,HP-2023-12497,2004.0,2,1,35.0,Urban,Unfurnished,Apartment,1,0,7.4,344762.0
2499,HP-2024-12498,2753.0,4,3,1.0,Urban,Semi Furnished,Apartment,2,0,4.4,629342.0
2500,HP-2018-12499,2438.0,4,3,11.0,Urban,semi-furnished,Independent House,0,1,5.8,594333.0
2501,HP-2019-12500,2599.0,4,2,25.0,Suburban,Furnished,Studio,1,0,14.2,491856.0
2502,HP-2020-12501,2878.0,3,3,1.0,Urban,Unfurnished,Apartment,2,0,21.2,645478.0
2503,HP-2021-12502,1968.0,4,2,10.0,Downtown,Semi-Furnished,Independent House,2,0,10.5,531745.0
2504,HP-2022-12503,1771.0,4,2,21.0,Rural,Semi-Furnished,Independent House,1,0,11.4,430900.0
2505,HP-2023-12504,1440.0,3,1,52.0,Urban,Furnished,Villa,2,0,3.1,350042.0
2506,HP-2024-12505,1622.0,3,2,15.0,Rural,#Unfurnished,Independent House,2,1,5.0,409107.0
2507,HP-2018-12506,4264.0,2,1,4.0,Downtown,Unfurnished,Villa,1,0,17.3,769162.0
2508,HP-2019-12507,3071.0,3,1,14.0,Rural,Semi-Furnished,Independent House,2,0,12.3,542001.0
2509,HP-2020-12508,1254.0,5,2,15.0,Urban,,Apartment,1,0,38.11888652261067,414922.0
2510,HP-2021-12509,1274.0,3,1,14.0,Rural,Semi-Furnished,Independent House,2,0,0.5,382891.0
2511,HP-2022-12510,2537.0,5,3,23.0,Rural,Semi-Furnished,Studio,1,0,0.5,555098.0
2512,HP-2023-12511,2583.0,4,2,1.0,Rural,Unfurnished,Independent House,1,0,1.1,607313.0
2513,HP-2024-12512,2584.0,2,1,1.0,Downtown,Unfurnished,Independent House,2,0,7.0,517860.0
2514,HP-2018-12513,2022.0,4,3,12.0,Urban,Semi-Furnished,Apartment,1,0,6.1,505033.0
2515,HP-2019-12514,2112.0,3,2,37.0,Urban,,Independent House,0,0,22.9,430725.0
2516,HP-2020-12515,2430.0,3,2,8.0,Rural,Semi-Furnished,Independent House,2,0,9.5,494814.0
2517,HP-2021-12516,2260.0,2,1,39.0,Urban,Unfurnished,Villa,2,0,2.8,431003.0
2518,HP-2022-12517,646.0,3,2,33.0,Urban, Unfurnished,Independent House,1,1,1.4,276995.0
2519,HP-2023-12518,2039.0,2,1,28.0,Urban,Furnished,Apartment,1,1,15.2,387523.0
2520,HP-2024-12519,1604.0,2,1,29.0,Suburban,Furnished,Independent House,2,0,4.9,294155.0
2521,HP-2018-12520,2323.0,3,2,27.0,Suburban,Semi-Furnished,Apartment,0,0,8.5,455906.0
2522,HP-2019-12521,4290.0,3,1,21.0,Rural,Furnished,Apartment,1,0,6.7,675002.0
2523,HP-2020-12522,2457.0,5,3,14.0,Rural,Furnished,Villa,0,1,0.9,660276.0
2524,HP-2021-12523,1981.0,3,1,0.0,Suburban,Semi-Furnished,Apartment,1,0,0.5,417433.0
2525,HP-2022-12524,2845.0,4,4,2.0,Suburban,,Independent House,0,0,3.8,699931.0
2526,HP-2023-12525,2538.0,3,1,2.0,Suburban,Semi-Furnished,Studio,2,0,3.6,489155.0
2527,HP-2024-12526,2494.0,4,3,0.0,Urban,Semi-Furnished,Apartment,2,0,9.0,628207.0
2528,HP-2018-12527,2625.0,3,2,1.0,Rural,Unfurnished,Apartment,1,0,8.0,515406.0
2529,HP-2019-12528,3640.0,5,3,30.0,Suburban,Furnished,Villa,1,1,27.8,770570.0
2530,HP-2020-12529,1408.0,3,2,13.0,Suburban,Semi-Furnished,Apartment,0,0,15.6,359412.0
2531,HP-2021-12530,2532.0,5,3,4.0,Urban,Unfurnished,Villa,1,0,5.5,715948.0
2532,HP-2022-12531,1552.0,3,2,19.0,Downtown,FURNISHED,Apartment,1,1,5.5,409578.0
2533,HP-2023-12532,2589.0,2,2,8.0,Suburban,Unfurnished,Studio,2,0,9.0,448041.0
2534,HP-2024-12533,1557.0,4,3,2.0,Urban,Semi_Furnished,Apartment,0,0,3.6179454170853598,503514.0
2535,HP-2018-12534,1908.0,1,1,26.0,Rural,Furnished ,Studio,2,0,45.0,245658.0
2536,HP-2019-12535,,3,2,5.0,Urban,Unfurnished,Studio,2,0,5.9,466136.0
2537,HP-2020-12536,2883.0,2,1,14.0,Suburban,Semi-Furnished,Independent House,1,1,19.3,520784.0
2538,HP-2021-12537,2843.0,4,3,4.0,Downtown,,Villa,1,0,27.4,735833.0
2539,HP-2022-12538,1328.0,6,4,8.0,Downtown,Semi-Furnished,Apartment,2,1,7.0,601427.0
2540,HP-2023-12539,2238.0,3,3,20.0,Downtown,Semi-Furnished,Apartment,2,1,0.9,590544.0
2541,HP-2024-12540,1703.0,4,3,2.0,Rural,FURNISHED,Apartment,3,0,6.8,470598.0
2542,HP-2018-12541,1319.0,3,1,45.0,Urban,Semi-Furnished,Independent House,1,0,,300519.0
2543,HP-2019-12542,2048.0,3,1,1.0,Rural,semi-furnished,Studio,3,0,12.5,391302.0
2544,HP-2020-12543,1984.0,5,4,9.0,Urban,Semi-Furnished,Independent House,0,1,0.5,650415.0
2545,HP-2021-12544,3899.0,5,2,30.0,Urban,Unfurnished,Independent House,1,0,5.0,816526.0
2546,HP-2022-12545,2503.0,4,2,35.0,Urban,Unfurnished,Independent House,1,0,20.5,534649.0
2547,HP-2023-12546,1236.0,3,2,3.0,Rural,Furnished,Studio,1,1,38.0,311669.0
2548,HP-2024-12547,1805.0,3,2,2.0,Suburban,Unfurnished,Villa,2,0,1.7,451173.0
2549,HP-2018-12548,2915.0,2,1,15.0,Urban,Furnished,Studio,1,0,16.4,473888.0
2550,HP-2019-12549,3662.0,3,2,1.0,Urban,Unfurnished,Apartment,2,0,1.3,722062.0
2551,HP-2020-12550,2874.667480389154,3,1,8.0,Urban,Unfurnished,Apartment,1,0,14.7,618731.536267449
2552,HP-2021-12551,884.0,5,3,19.0,Suburban,Semi-Furnished,Studio,3,0,2.6,377187.0
2553,HP-2022-12552,3510.0,5,2,10.0,Urban,Semi-Furnished,Villa,0,1,25.7,767562.0
2554,HP-2023-12553,2473.0,3,2,2.0,Suburban,Unfurnished,Apartment,2,0,9.5,513358.0
2555,HP-2024-12554,,1,1,,Downtown,Unfurnished,Studio,1,0,4.1,274111.0
2556,HP-2018-12555,2574.0,5,2,31.0,Suburban,Furnished,Studio,1,0,2.6,574848.0
2557,HP-2019-12556,500.0,2,1,12.0,Downtown,Semi-Furnished,Apartment,2,1,2.1,241925.0
2558,HP-2020-12557,2202.0,4,2,15.0,Urban,Semi-Furnished,Villa,1,1,9.1,617074.0
2559,HP-2021-12558,2429.0,1,1,5.0,Urban,Unfurnished,Villa,1,0,18.1,452276.0
2560,HP-2022-12559,2847.0,3,2,3.0,Downtown,Furnished,Apartment,2,0,11.3,591779.0
2561,HP-2023-12560,1490.0,6,4,4.0,Downtown,Semi-Furnished,Independent House,1,1,14.4,638887.0
2562,HP-2024-12561,2260.0,2,2,9.0,Suburban,Semi-Furnished,Studio,1,0,,402300.0
2563,HP-2018-12562,1552.0,3,2,4.0,Downtown,Unfurnished,Independent House,1,0,31.0,430762.0
2564,HP-2019-12563,2379.0,3,2,9.0,Suburban,Semi-Furnished,Villa,1,0,11.3,570892.0
2565,HP-2020-12564,1573.0,5,3,15.0,Urban,Unfurnished,Apartment,2,0,1.9,539226.0
2566,HP-2021-12565,,5,2,16.0,Suburban,Furnished,Villa,0,0,12.5,555646.0
2567,HP-2022-12566,1503.0,2,2,2.0,Urban,Furnished,Apartment,1,1,3.1,355125.0
2568,HP-2023-12567,2656.0,2,1,17.0,Suburban,Semi-Furnished,Apartment,2,0,43.8,420571.0
2569,HP-2024-12568,2801.0,4,3,13.0,Urban,Furnished,Independent House,2,0,3.8,666716.0
2570,HP-2018-12569,2036.0,3,1,0.0,Urban,unfurnished,Villa,2,0,2.8,546472.0
2571,HP-2019-12570,2227.0,4,3,1.0,Rural,Unfurnished,Independent House,1,0,2.2,593848.0
2572,HP-2020-12571,1186.0,1,2,12.0,Urban,Semi-Furnished,Studio,1,0,8.6,246399.0
2573,HP-2021-12572,1990.0,2,1,6.0,Urban,unfurnished,Independent House,0,0,0.9,380332.0
2574,HP-2022-12573,2165.0,4,2,2.0,Rural,Semi-Furnished,Apartment,1,0,24.6,483260.0
2575,HP-2023-12574,4035.0,2,2,1.0,Suburban, Unfurnished,Studio,0,0,2.8,644471.0
2576,HP-2024-12575,1422.0,5,3,2.0,Suburban,Furnished,Apartment,2,0,2.8,516036.0
2577,HP-2018-12576,3225.0,2,2,38.0,Downtown, Unfurnished,Villa,2,1,0.5,613842.0
2578,HP-2019-12577,2898.0,2,1,16.0,Suburban,Furnished,Apartment,1,0,2.3,482592.0
2579,HP-2020-12578,2396.0,6,3,9.0,Urban,Semi Furnished,Studio,1,1,4.3,627483.0
2580,HP-2021-12579,3431.0,3,1,34.0,Suburban,SEMI-FURNISHED,Apartment,0,0,3.7,522559.0
2581,HP-2022-12580,2460.0,4,2,12.0,Downtown,Unfurnished,Independent House,2,0,2.6,603023.0
2582,HP-2023-12581,2472.0,2,1,16.0,Rural,Unfurnished,Independent House,2,0,0.5,434279.0
2583,HP-2024-12582,2163.0,4,2,4.0,Urban,Semi-Furnished,Apartment,1,0,2.9,543380.0
2584,HP-2018-12583,3056.0,4,2,11.0,Urban,Unfurnished,Independent House,2,0,12.1,639799.0
2585,HP-2019-12584,2968.0,3,1,2.0,Urban,Unfurnished,Apartment,1,0,4.6,557559.0
2586,HP-2020-12585,1762.0,5,4,6.0,Suburban,Furnished,Villa,1,0,2.7,618747.0
2587,HP-2021-12586,1277.0,4,2,0.0,Urban,Unfurnished,Studio,0,0,2.9,412784.0
2588,HP-2022-12587,2058.0,3,2,3.0,Rural,Semi-Furnished,Villa,1,1,6.5,515839.0
2589,HP-2023-12588,1640.0,3,2,1.0,Rural,Unfurnished,Apartment,0,0,2.9,371377.0
2590,HP-2024-12589,2156.0,4,3,6.0,Downtown,FURNISHED,Apartment,0,0,8.0,551861.0
2591,HP-2018-12590,3066.0,2,1,22.0,Rural,Furnished,Apartment,0,1,36.4,437270.0
2592,HP-2019-12591,1880.0,3,2,6.0,Urban,Unfurnished,Independent House,1,0,0.5,456478.0
2593,HP-2020-12592,2170.0,3,2,21.0,Downtown,Furnished,Independent House,2,1,1.5,568216.0
2594,HP-2021-12593,2241.0,3,2,,Downtown,Semi-Furnished,Villa,1,1,1.6,584412.0
2595,HP-2022-12594,2794.0,4,2,9.0,Urban,Semi-Furnished,Independent House,2,0,,629346.0
2596,HP-2023-12595,627.0,3,1,3.0,Urban,Semi-Furnished,Studio,1,0,0.5,227680.0
2597,HP-2024-12596,1775.0,5,3,31.0,Suburban,Semi-Furnished,Independent House,1,1,5.2,515538.0
2598,HP-2018-12597,2348.0,3,1,1.0,Downtown,Semi-Furnished,Independent House,1,0,21.2,532041.0
2599,HP-2019-12598,7718.730373449255,3,1,67.09879056299131,Rural,Semi-Furnished,Apartment,1,0,0.5,1138515.3769573807
2600,HP-2020-12599,1856.0,4,2,12.0,Suburban,Furnished,Apartment,0,0,,453236.0
2601,HP-2021-12600,886.0,3,2,7.0,Downtown,Unfurnished,Independent House,1,0,11.4,375645.0
2602,HP-2022-12601,2634.0,3,3,3.0,Urban,Unfurnished,Independent House,2,1,1.3,633303.0
2603,HP-2023-12602,1755.0,2,1,66.84044054042366,Downtown,,Apartment,2,0,0.6,328036.6579731266
2604,HP-2024-12603,1367.0,3,2,25.0,Suburban,Unfurnished,Apartment,2,0,8.0,354589.0
2605,HP-2018-12604,1763.0,3,2,22.0,Urban,Furnished,Apartment,0,0,0.5,383765.0
2606,HP-2019-12605,2071.0,6,4,34.0,Rural,Semi-Furnished,Apartment,1,0,12.9,569422.0
2607,HP-2020-12606,1777.0,3,2,4.0,Suburban,Semi-Furnished,Independent House,1,0,0.6,461344.0
2608,HP-2021-12607,656.0,5,2,6.0,Downtown,Semi-Furnished,Apartment,2,1,5.9,408296.0
2609,HP-2022-12608,,4,1,0.0,Suburban,Furnished,Apartment,3,1,10.8,583349.0
2610,HP-2023-12609,3092.0,3,2,34.0,Rural,Unfurnished,Independent House,2,0,2.2,554727.0
2611,HP-2024-12610,2656.0,3,1,5.0,Urban,Unfurnished,Independent House,0,0,0.9,554596.0
2612,HP-2018-12611,1404.0,5,2,6.0,Suburban,Unfurnished,Independent House,1,0,,477256.0
2613,HP-2019-12612,2059.0,5,2,29.0,Urban,Furnished,Independent House,0,0,15.4,538799.0
2614,HP-2020-12613,2195.0,2,1,9.0,Urban,Unfurnished,Independent House,0,0,9.8,426736.0
2615,HP-2021-12614,2619.0,3,3,10.0,Urban,Semi-Furnished,Villa,0,1,1.8,631959.0
2616,HP-2022-12615,2668.0,3,2,2.0,Suburban,Unfurnished,Independent House,1,0,10.1,557092.0
2617,HP-2023-12616,1686.0,1,1,8.0,Downtown,Unfurnished,Independent House,1,1,9.9,372047.0
2618,HP-2024-12617,2257.0,4,2,30.0,Suburban,Semi-Furnished,Studio,1,0,45.0,447195.0
2619,HP-2018-12618,2520.0,5,2,10.0,Suburban,,Apartment,1,1,4.0,613193.0
2620,HP-2019-12619,3219.0,3,2,4.0,Rural,Semi-Furnished,Villa,2,0,16.0,635504.0
2621,HP-2020-12620,2693.0,4,2,0.0,Downtown,Semi-Furnished,Independent House,0,1,4.7,687537.0
2622,HP-2021-12621,2752.0,4,2,5.0,Urban,Unfurnished,Villa,1,1,,656446.0
2623,HP-2022-12622,2259.0,3,2,10.0,Urban,,Apartment,2,1,0.8,552071.0
2624,HP-2023-12623,3187.0,2,2,1.0,Urban,Semi_Furnished,Apartment,1,1,1.5,604265.0
2625,HP-2024-12624,2487.0,4,2,11.0,Urban,Furnished,Apartment,1,1,15.2,554018.0
2626,HP-2018-12625,1597.0,5,3,9.0,Urban,Semi-Furnished,Studio,2,0,13.7,516138.0
2627,HP-2019-12626,,4,2,65.60188891071158,Downtown,Semi-Furnished,Villa,1,0,2.9,691384.2486562463
2628,HP-2020-12627,2689.0,1,1,0.0,Urban,Furnished,Apartment,1,0,7.3,457971.0
2629,HP-2021-12628,1890.0,2,1,18.0,Suburban, Unfurnished,Villa,1,0,3.9,403446.0
2630,HP-2022-12629,1864.0,2,2,9.0,Suburban,UNFURNISHED,Apartment,1,1,0.5,379845.0
2631,HP-2023-12630,2408.0,4,3,6.0,Suburban,Semi-Furnished,Apartment,1,0,,580529.0
2632,HP-2024-12631,2524.0,4,2,40.0,Rural,Unfurnished,Independent House,1,0,0.5,524695.0
2633,HP-2018-12632,2338.0,2,1,2.0,Rural,,Independent House,1,0,7.2,439885.0
2634,HP-2019-12633,2418.0,5,3,9.0,Suburban,,Villa,3,0,2.6,716405.0
2635,HP-2020-12634,3390.0,3,2,5.0,Suburban,Semi-Furnished,Independent House,1,0,1.2,672234.0
2636,HP-2021-12635,2950.0,4,1,9.0,Downtown,Unfurnished,Studio,2,0,22.7,583516.0
2637,HP-2022-12636,2333.0,6,4,10.0,Downtown,Semi-Furnished,Studio,1,0,1.0,701175.0
2638,HP-2023-12637,2859.0,2,2,1.0,Suburban,Semi-Furnished,Apartment,1,0,9.0,516906.0
2639,HP-2024-12638,1477.0,5,2,13.0,Downtown,Furnished,Villa,1,0,18.0,545899.0
2640,HP-2018-12639,,2,1,,Suburban,Furnished,Studio,2,1,1.4,440874.0
2641,HP-2019-12640,3467.0,3,3,18.0,Rural,Unfurnished,Studio,2,1,1.9,617302.0
2642,HP-2020-12641,2047.0,5,3,1.0,Urban,Furnished,Apartment,0,0,6.8,603097.0
2643,HP-2021-12642,1607.0,5,3,4.0,Suburban,Semi-Furnished,Studio,0,0,5.7,530782.0
2644,HP-2022-12643,1744.0,3,2,13.0,Suburban,Unfurnished,Apartment,3,0,5.9,429838.0
2645,HP-2023-12644,1437.0,4,2,2.0,Downtown,Unfurnished,Independent House,2,1,6.5,478819.0
2646,HP-2024-12645,1651.0,4,3,14.0,Urban,Furnished,Apartment,1,0,24.0,457148.0
2647,HP-2018-12646,1941.0,5,3,1.0,Suburban,Unfurnished,Studio,1,1,0.5,544051.0
2648,HP-2019-12647,1216.0,2,1,5.0,Downtown,Unfurnished,Apartment,2,1,11.4,325568.0
2649,HP-2020-12648,2211.0,4,2,23.0,Suburban,Semi Furnished,Independent House,0,1,2.1,541487.0
2650,HP-2021-12649,2832.0,3,1,18.0,Suburban,Semi-Furnished,Independent House,2,1,3.7,546501.0
2651,HP-2022-12650,1565.0,3,2,12.0,Suburban, Unfurnished,Apartment,1,1,0.7,436145.0
2652,HP-2023-12651,3263.0,3,2,25.0,Downtown,Furnished,Independent House,2,1,4.7,619107.0
2653,HP-2024-12652,2558.0,3,3,15.0,Suburban,Unfurnished,Independent House,0,1,13.0,564374.0
2654,HP-2018-12653,2921.0,5,3,9.0,Rural,Furnished,Independent House,1,0,0.8,703637.0
2655,HP-2019-12654,1740.0,3,2,47.0,Downtown,Semi-Furnished,Apartment,1,1,2.6,375310.0
2656,HP-2020-12655,2798.0,6,4,14.0,Urban,Furnished,Apartment,2,1,3.7,751629.0
2657,HP-2021-12656,1436.0,2,1,11.0,Suburban,Unfurnished,Apartment,2,0,0.9,319683.0
2658,HP-2022-12657,2823.0,4,1,6.0,Urban,Furnished,Studio,2,0,11.5,601551.0
2659,HP-2023-12658,2320.0,4,2,28.0,Suburban,Semi-Furnished,Apartment,2,1,12.4,547869.0
2660,HP-2024-12659,2587.0,4,3,4.0,Suburban,Furnished,Apartment,1,0,14.5,589821.0
2661,HP-2018-12660,1377.0,4,2,0.0,Rural,Unfurnished,Apartment,0,1,7.0,434034.0
2662,HP-2019-12661,1573.0,3,1,3.0,Urban,Furnished,Villa,2,0,5.7,451722.0
2663,HP-2020-12662,2618.0,5,3,1.0,Suburban,Unfurnished,Apartment,2,1,2.4,697881.0
2664,HP-2021-12663,1536.0,5,3,5.0,Urban,Un-furnished,Apartment,0,0,8.5,510238.0
2665,HP-2022-12664,2524.0,2,2,21.0,Rural,Furnished,Apartment,1,0,4.7,411666.0
2666,HP-2023-12665,1243.0,5,4,13.0,Suburban,Semi-Furnished,Villa,0,1,28.3,562553.0
2667,HP-2024-12666,2794.0,3,2,2.0,Downtown,Semi-Furnished,Studio,0,0,27.6,583305.0
2668,HP-2018-12667,1337.0,3,2,19.0,Suburban,Semi-Furnished,Apartment,2,1,18.8,344116.0
2669,HP-2019-12668,2587.0,5,2,8.0,Urban,Unfurnished,Villa,2,0,3.6,710529.0
2670,HP-2020-12669,2638.0,3,2,9.0,Rural,Furnished,Apartment,2,1,3.7,531800.0
2671,HP-2021-12670,1712.0,4,3,5.0,Suburban,Unfurnished,Apartment,2,0,15.3,527046.0
2672,HP-2022-12671,2607.0,3,2,24.0,Suburban,Unfurnished,Apartment,0,0,10.4,457478.0
2673,HP-2023-12672,2382.0,1,1,5.0,Suburban,Furnished,Studio,0,1,9.7,365721.0
2674,HP-2024-12673,1823.0,3,2,1.0,Rural,SEMI-FURNISHED,Villa,2,0,2.6,462799.0
2675,HP-2018-12674,1494.0,2,3,4.0,Urban,Unfurnished,Apartment,1,1,14.3,373590.0
2676,HP-2019-12675,826.0,4,2,15.0,Suburban,Semi-Furnished,Apartment,1,1,6.9,335084.0
2677,HP-2020-12676,2445.0,3,2,13.0,Downtown,Semi-Furnished,Independent House,2,0,4.7,563112.0
2678,HP-2021-12677,1105.0,3,2,2.0,Urban,Semi-Furnished,Apartment,2,0,16.0,338446.0
2679,HP-2022-12678,2267.0,2,2,1.0,Suburban,Semi_Furnished,Apartment,2,0,4.0,476379.0
2680,HP-2023-12679,2016.0,3,2,13.0,Suburban,Furnished,Villa,2,0,8.5,528407.0
2681,HP-2024-12680,2675.0,4,3,14.0,Urban,#Semi-Furnished,Apartment,1,0,5.0,624282.0
2682,HP-2018-12681,1989.0,2,2,5.0,Suburban,Unfurnished,Villa,1,0,7.2,433308.0
2683,HP-2019-12682,1969.0,4,2,22.0,Downtown,Furnished,Apartment,2,1,0.5,530031.0
2684,HP-2020-12683,2712.0,5,3,46.0,Suburban,semi-furnished,Apartment,2,0,4.9,601285.0
2685,HP-2021-12684,2435.0,4,3,3.0,Urban,Semi_Furnished,Studio,1,0,6.5,567140.0
2686,HP-2022-12685,2421.0,4,3,10.0,Urban,Semi-Furnished,Studio,1,0,5.4,575095.0
2687,HP-2023-12686,2528.0,2,1,0.0,Rural,Semi-Furnished,Independent House,2,0,15.0,458015.0
2688,HP-2024-12687,1125.0,3,3,15.0,Urban,Furnished,Independent House,1,1,3.0,401784.0
2689,HP-2018-12688,2730.0,5,3,6.0,Urban,Semi-Furnished,Independent House,2,0,17.2,684331.0
2690,HP-2019-12689,2629.0,4,2,3.0,Rural,Semi-Furnished,Apartment,0,1,4.1,584698.0
2691,HP-2020-12690,1488.0,4,3,17.0,Rural,Semi-Furnished,Villa,1,1,9.5,514572.0
2692,HP-2021-12691,2029.0,4,2,20.0,Downtown,Furnished,Villa,2,0,0.7,577596.0
2693,HP-2022-12692,2172.0,3,2,,Urban,Furnished,Villa,0,1,1.8,586665.0
2694,HP-2023-12693,2106.0,1,1,1.0,Urban,Semi-Furnished,Independent House,1,1,11.5,441107.0
2695,HP-2024-12694,2434.0,4,2,5.0,Urban,Furnished,Villa,2,1,0.5,657334.0
2696,HP-2018-12695,3202.0,4,2,12.0,Suburban,Semi-Furnished,Apartment,2,0,27.7,624337.0
2697,HP-2019-12696,2957.0,3,2,19.0,Suburban,Unfurnished,Apartment,1,0,1.7,563133.0
2698,HP-2020-12697,1281.0,5,3,9.0,Urban,Furnished ,Independent House,1,0,18.5,487600.0
2699,HP-2021-12698,2635.0,3,2,10.0,Urban,#Semi-Furnished,Apartment,1,0,5.8,552174.0
2700,HP-2022-12699,3130.0,3,2,19.0,Rural,SEMI-FURNISHED,Independent House,1,0,6.7,587390.0
2701,HP-2023-12700,2471.0,5,4,9.0,Downtown,Furnished,Villa,1,1,0.7,746879.0
2702,HP-2024-12701,2964.0,4,3,11.0,Suburban,Semi-Furnished,Apartment,1,0,3.6,618970.0
2703,HP-2018-12702,3609.0,3,3,9.0,Urban,Semi-Furnished,Apartment,1,0,1.4,688975.0
2704,HP-2019-12703,2917.0,2,1,25.0,Rural,Semi-Furnished,Studio,1,0,6.0,432038.0
2705,HP-2020-12704,2375.0,2,1,3.0,Suburban,Furnished,Apartment,0,0,6.4,415518.0
2706,HP-2021-12705,6970.027817784803,4,4,4.0,Suburban,Furnished,Studio,0,0,9.9,1502789.4479549124
2707,HP-2022-12706,2301.0,3,2,,Rural,Furnished,Apartment,3,1,16.8,524004.0
2708,HP-2023-12707,2217.0,5,4,21.0,Urban,Unfurnished,Villa,3,1,5.1,715791.0
2709,HP-2024-12708,1954.0,5,3,6.0,Suburban,Furnished,Studio,1,0,2.1,531765.0
2710,HP-2018-12709,3294.0,4,3,5.0,Downtown,Semi-Furnished,Studio,2,0,3.2,703572.0
2711,HP-2019-12710,1627.0,3,2,48.0,Urban,Semi-Furnished,Studio,2,1,15.0,343102.0
2712,HP-2020-12711,3273.0,4,2,31.0,Suburban,Semi-Furnished,Studio,0,0,1.3,571041.0
2713,HP-2021-12712,2550.0,3,2,,Rural,,Independent House,1,0,7.9,487545.0
2714,HP-2022-12713,1220.0,2,1,2.0,Urban,Unfurnished,Independent House,1,0,0.5,337974.0
2715,HP-2023-12714,2457.0,1,1,27.0,Suburban,Unfurnished,Independent House,1,0,2.3,391065.0
2716,HP-2024-12715,730.0,3,1,5.0,Downtown,FURNISHED,Studio,1,1,7.2,268231.0
2717,HP-2018-12716,2638.0,5,3,0.0,Suburban,Furnished ,Villa,3,1,4.9,762679.0
2718,HP-2019-12717,2820.0,2,1,6.0,Suburban,Unfurnished,Villa,2,0,5.4,571252.0
2719,HP-2020-12718,1785.0,2,1,9.0,Urban, Unfurnished,Independent House,2,0,8.6,392657.0
2720,HP-2021-12719,2286.0,6,4,1.0,Urban,Semi-Furnished,Independent House,2,0,2.1,761198.0
2721,HP-2022-12720,3568.0,1,1,9.0,Rural,Unfurnished,Studio,2,0,2.6,498013.0
2722,HP-2023-12721,1846.0,4,2,21.0,Downtown,Semi-Furnished,Apartment,1,1,9.2,492779.0
2723,HP-2024-12722,1459.0,3,2,6.0,Urban,#Semi-Furnished,Apartment,1,0,6.2,433839.0
2724,HP-2018-12723,3237.0,1,1,5.0,Suburban,Unfurnished,Studio,1,0,0.5,474673.0
2725,HP-2019-12724,3574.0,5,2,5.0,Suburban,Semi-Furnished,Independent House,2,0,8.9,785324.0
2726,HP-2020-12725,2203.0,2,1,31.0,Urban,Unfurnished,Independent House,1,0,7.7,395656.0
2727,HP-2021-12726,2908.0,3,1,1.0,Downtown,Semi-Furnished,Studio,2,0,0.7,579658.0
2728,HP-2022-12727,3139.0,3,2,7.0,Urban,Unfurnished,Villa,3,0,11.0,697100.0
2729,HP-2023-12728,1680.0,2,2,4.0,Rural,Semi-Furnished,Apartment,1,1,5.9,350675.0
2730,HP-2024-12729,1860.0,1,1,,Urban,Unfurnished,Apartment,1,0,1.8,285887.0
2731,HP-2018-12730,3062.0,2,1,1.0,Rural,Semi-Furnished,Villa,2,1,6.6,597538.0
2732,HP-2019-12731,3380.0,2,2,6.0,Suburban,Semi-Furnished,Villa,0,1,7.2,656029.0
2733,HP-2020-12732,2594.0,4,3,6.0,Downtown,Unfurnished,Apartment,0,1,20.2,653345.0
2734,HP-2021-12733,1584.0,3,3,26.0,Downtown,Furnished,Villa,2,0,10.8,497259.0
2735,HP-2022-12734,3591.0,3,2,3.0,Urban,Unfurnished,Independent House,2,1,2.9,768303.0
2736,HP-2023-12735,1828.0,3,1,12.0,Suburban,Semi-Furnished,Independent House,1,1,1.0,446683.0
2737,HP-2024-12736,5820.73824371804,5,3,2.0,Suburban,Semi-Furnished,Studio,2,0,15.3,1314524.8493872383
2738,HP-2018-12737,2440.0,5,3,37.0,Suburban,Semi-Furnished,Independent House,1,1,15.0,634511.0
2739,HP-2019-12738,3288.0,4,2,11.0,Suburban,Semi-Furnished,Apartment,2,0,1.5,650734.0
2740,HP-2020-12739,2798.0,5,4,12.0,Urban,Unfurnished,Apartment,2,1,0.5,762337.0
2741,HP-2021-12740,2490.0,3,2,7.0,Urban,Unfurnished,Apartment,1,0,10.0,542025.0
2742,HP-2022-12741,2524.0,3,1,5.0,Suburban,Unfurnished,Studio,1,1,10.3,494516.0
2743,HP-2023-12742,2230.0,4,2,3.0,Urban,#Semi-Furnished,Apartment,3,0,1.6,585390.0
2744,HP-2024-12743,2591.0,4,1,11.0,Rural,Semi-Furnished,Apartment,1,0,8.8,501545.0
2745,HP-2018-12744,500.0,3,2,,Suburban,Unfurnished,Villa,1,0,,267972.0
2746,HP-2019-12745,1992.0,3,2,5.0,Suburban,Unfurnished,Apartment,1,0,2.4,446230.0
2747,HP-2020-12746,2369.0,6,4,26.0,Urban,Unfurnished,Villa,0,1,3.1,779957.0
2748,HP-2021-12747,1394.0,5,2,2.0,Suburban,Unfurnished,Apartment,2,0,5.9,456759.0
2749,HP-2022-12748,2470.0,3,2,33.0,Urban,Unfurnished,Apartment,0,0,13.1,441898.0
2750,HP-2023-12749,2057.0,4,3,5.0,Downtown,Unfurnished,Studio,2,1,5.5,558744.0
2751,HP-2024-12750,3429.0,3,1,6.0,Urban,Unfurnished,Apartment,1,0,2.8,622460.0
2752,HP-2018-12751,3301.0,2,1,7.0,Downtown,Unfurnished,Villa,2,0,17.2,636938.0
2753,HP-2019-12752,1874.0,3,2,15.0,Suburban,Semi-Furnished,Villa,1,0,0.5,498193.0
2754,HP-2020-12753,2094.0,3,3,15.0,Downtown,Unfurnished,Apartment,1,1,12.8,524258.0
2755,HP-2021-12754,2148.0,1,2,8.0,Urban,Unfurnished,Apartment,3,1,12.3,414864.0
2756,HP-2022-12755,1884.0,4,3,9.0,Urban,Furnished ,Villa,0,1,2.3,599343.0
2757,HP-2023-12756,2337.0,3,1,0.0,Urban,Furnished,Independent House,1,1,1.8,559157.0
2758,HP-2024-12757,1669.0,4,3,4.0,Suburban,Furnished,Apartment,3,0,16.6,494558.0
2759,HP-2018-12758,1409.0,2,1,5.0,Urban,Furnished,Villa,2,1,6.5,415956.0
2760,HP-2019-12759,2636.0,2,1,10.0,Urban, Unfurnished,Studio,2,0,0.5,462731.0
2761,HP-2020-12760,2641.0,5,2,10.0,Urban,Furnished,Apartment,0,0,17.7,603723.0
2762,HP-2021-12761,1637.0,4,2,15.0,Downtown,Unfurnished,Apartment,0,0,3.4,472320.0
2763,HP-2022-12762,2827.0,6,3,15.0,Suburban,Unfurnished,Apartment,0,0,3.4,697565.0
2764,HP-2023-12763,1758.0,6,4,3.0,Rural,Unfurnished,Independent House,3,1,8.2,672840.0
2765,HP-2024-12764,2377.0,3,1,18.0,Suburban,semi-furnished,Studio,3,0,8.7,466540.0
2766,HP-2018-12765,2774.0,3,2,0.0,Urban,Semi-Furnished,Studio,1,1,3.5,573430.0
2767,HP-2019-12766,2176.0,5,2,15.0,Downtown,Semi-Furnished,Apartment,1,0,1.2,593444.0
2768,HP-2020-12767,2518.0,6,4,1.0,Suburban,Furnished,Studio,0,0,6.4,707004.0
2769,HP-2021-12768,1838.0,4,3,16.0,Suburban,Furnished,Villa,1,0,7.9,550415.0
2770,HP-2022-12769,2062.0,4,2,9.0,Rural,Furnished,Villa,1,0,15.7,536912.0
2771,HP-2023-12770,2056.0,4,3,7.0,Suburban,Semi-Furnished,Independent House,2,1,5.3,585491.0
2772,HP-2024-12771,1677.0,3,1,14.0,Suburban,,Villa,2,1,8.3,446938.0
2773,HP-2018-12772,2076.0,4,2,0.0,Downtown,Semi-Furnished,Studio,2,0,0.5,551824.0
2774,HP-2019-12773,1116.0,5,3,3.0,Downtown,Unfurnished,Villa,2,0,18.0,539540.0
2775,HP-2020-12774,1856.0,4,1,11.0,Suburban,Semi-Furnished,Apartment,2,0,3.2,412029.0
2776,HP-2021-12775,2001.0,1,1,23.0,Urban,Semi-Furnished,Villa,2,0,8.0,384951.0
2777,HP-2022-12776,2021.0,3,2,6.0,Rural,Unfurnished,Villa,1,1,19.8,494065.0
2778,HP-2023-12777,2031.0,2,1,4.0,Suburban,Furnished,Apartment,1,0,13.3,406022.0
2779,HP-2024-12778,2157.0,2,2,9.0,Urban,Unfurnished,Apartment,1,0,,443251.0
2780,HP-2018-12779,2536.0,5,2,12.0,Rural,Furnished,Villa,2,1,9.7,664466.0
2781,HP-2019-12780,2812.0,1,1,7.0,Rural,Semi-Furnished,Apartment,3,0,20.3,415282.0
2782,HP-2020-12781,1745.0,2,1,25.0,Urban,SEMI-FURNISHED,Apartment,1,1,13.4,323064.0
2783,HP-2021-12782,1358.0,3,3,9.0,Urban,Furnished,Apartment,3,1,7.5,424566.0
2784,HP-2022-12783,,4,2,0.0,Downtown,Furnished,Apartment,0,0,8.6,437806.0
2785,HP-2023-12784,1859.0,3,2,3.0,Urban,Unfurnished,Studio,2,1,1.3,474176.0
2786,HP-2024-12785,1954.0,2,1,7.0,Urban,Semi-Furnished,Villa,2,1,5.1,474349.0
2787,HP-2018-12786,1661.0,2,2,14.0,Rural,Semi-Furnished,Apartment,2,0,2.9,368711.0
2788,HP-2019-12787,3753.9193054583748,2,1,3.0,Suburban,Unfurnished,Apartment,3,0,4.5,603622.7289860087
2789,HP-2020-12788,1881.0,3,3,45.0,Downtown,Unfurnished,Apartment,1,0,,435072.0
2790,HP-2021-12789,2327.0,3,2,5.0,Downtown,Furnished ,Apartment,1,1,1.3,514675.0
2791,HP-2022-12790,2617.0,5,3,9.0,Downtown,Unfurnished,Apartment,1,0,0.5,716910.0
2792,HP-2023-12791,,3,1,0.0,Rural,Unfurnished,Studio,1,0,,368405.0
2793,HP-2024-12792,1911.0,2,1,26.0,Suburban,,Studio,3,0,3.1,289331.0
2794,HP-2018-12793,1551.0,4,1,19.0,Downtown,Semi-Furnished,Studio,0,0,4.4,392534.0
2795,HP-2019-12794,2178.0,3,2,3.0,Downtown, Unfurnished,Villa,2,0,21.4,554884.0
2796,HP-2020-12795,1606.0,4,3,32.0,Rural,Semi-Furnished,Villa,2,0,9.8,457121.0
2797,HP-2021-12796,2601.0,3,1,5.0,Downtown,Unfurnished,Independent House,0,0,3.2,564047.0
2798,HP-2022-12797,950.0,4,2,14.0,Rural,Furnished,Studio,0,1,1.6,303285.0
2799,HP-2023-12798,1948.0,4,3,,Urban,Unfurnished,Villa,1,1,7.7,598990.0
2800,HP-2024-12799,2411.0,5,2,16.0,Urban,Semi-Furnished,Independent House,1,0,8.6,611812.0
2801,HP-2018-12800,2329.0,3,1,30.0,Urban,Semi-Furnished,Villa,1,1,5.3,517198.0
2802,HP-2019-12801,4085.0,3,1,24.0,Urban,Unfurnished,Apartment,1,0,1.9,687339.0
2803,HP-2020-12802,2445.0,3,1,60.0,Urban, Unfurnished,Studio,0,1,0.5,391933.0
2804,HP-2021-12803,1497.0,5,3,2.0,Urban,Furnished,Apartment,2,0,2.5,539618.0
2805,HP-2022-12804,2133.0,5,3,4.0,Rural,Unfurnished,Independent House,2,0,4.9,610229.0
2806,HP-2023-12805,957.0,2,1,12.0,Urban,Furnished,Apartment,2,0,12.4,275533.0
2807,HP-2024-12806,2144.0,2,2,16.0,Suburban,Furnished,Studio,1,0,15.4,395250.0
2808,HP-2018-12807,1617.0,3,1,9.0,Downtown,Furnished,Studio,3,1,4.3,399705.0
2809,HP-2019-12808,2841.0,2,2,1.0,Urban,Unfurnished,Apartment,2,0,12.7,525093.0
2810,HP-2020-12809,,3,3,22.0,Urban,Unfurnished,Studio,3,0,40.1,396968.0
2811,HP-2021-12810,2118.0,2,1,39.0,Urban,,Apartment,1,1,10.1,367751.0
2812,HP-2022-12811,,4,3,6.0,Urban,Semi-Furnished,Apartment,2,1,,508111.0
2813,HP-2023-12812,3417.0,5,3,3.0,Rural,#Furnished,Apartment,2,0,19.2,721780.0
2814,HP-2024-12813,1975.0,6,4,0.0,Rural,Unfurnished,Apartment,1,0,3.3,607606.0
2815,HP-2018-12814,3483.0,3,1,3.0,Rural,Semi-Furnished,Independent House,0,1,0.5,656708.0
2816,HP-2019-12815,2770.0,4,1,,Rural,Furnished,Villa,2,0,34.7,581601.0
2817,HP-2020-12816,2537.0,5,3,29.0,Urban,Unfurnished,Apartment,0,1,5.4,634566.0
2818,HP-2021-12817,2458.0,2,1,1.0,Downtown,Semi-Furnished,Apartment,1,1,12.3,482124.0
2819,HP-2022-12818,2476.0,4,2,10.0,Downtown,Unfurnished,Apartment,1,0,13.4,545162.0
2820,HP-2023-12819,851.0,3,2,14.0,Rural,Semi-Furnished,Apartment,2,1,4.1,277713.0
2821,HP-2024-12820,2005.0,2,2,4.0,Urban,Semi-Furnished,Apartment,3,0,6.2,420619.0
2822,HP-2018-12821,2792.0,3,2,10.0,Suburban,Semi-Furnished,Apartment,1,1,6.2,535940.0
2823,HP-2019-12822,2166.0,2,1,15.0,Urban,,Independent House,2,0,2.0,460245.0
2824,HP-2020-12823,1216.0,4,2,22.0,Urban,Semi-Furnished,Studio,1,1,1.0,373136.0
2825,HP-2021-12824,2163.0,3,1,7.0,Downtown,Unfurnished,Apartment,2,1,6.3,502128.0
2826,HP-2022-12825,3393.0,3,1,17.0,Urban,Unfurnished,Studio,1,0,1.0,600447.0
2827,HP-2023-12826,3073.0,2,1,4.0,Suburban,Unfurnished,Independent House,2,1,3.4,555878.0
2828,HP-2024-12827,2157.0,5,3,3.0,Suburban,semi-furnished,Independent House,1,0,1.6,636626.0
2829,HP-2018-12828,2866.0,3,1,2.0,Urban,Unfurnished,Villa,1,1,9.8,600014.0
2830,HP-2019-12829,1943.0,4,3,5.0,Urban,Semi-Furnished,Apartment,1,1,16.4,545375.0
2831,HP-2020-12830,1007.0,3,1,0.0,Rural,Semi-Furnished,Studio,2,1,6.9,302917.0
2832,HP-2021-12831,1553.0,3,1,4.0,Downtown,Furnished,Apartment,3,1,4.2,412402.0
2833,HP-2022-12832,3294.0,2,2,13.0,Downtown,,Independent House,1,0,45.0,610234.0
2834,HP-2023-12833,2008.0,4,2,13.0,Rural,Semi_Furnished,Apartment,1,0,0.5,471237.0
2835,HP-2024-12834,2030.0,2,1,1.0,Urban,Semi-Furnished,Apartment,2,1,2.9,423312.0
2836,HP-2018-12835,1990.0,2,1,4.0,Urban,Furnished,Apartment,2,1,2.6,399551.0
2837,HP-2019-12836,3533.0,4,2,65.63506757811632,Urban,Furnished,Studio,1,0,3.5,629795.8725076022
2838,HP-2020-12837,3338.0,2,2,5.0,Suburban,Furnished,Apartment,0,0,2.1,587939.0
2839,HP-2021-12838,3753.0,3,2,6.0,Suburban,Semi-Furnished,Independent House,1,0,2.5,705126.0
2840,HP-2022-12839,2089.0,3,2,15.0,Urban,Furnished,Studio,1,1,2.4,442752.0
2841,HP-2023-12840,2407.0,3,1,0.0,Urban,Unfurnished,Independent House,1,1,5.6,557594.0
2842,HP-2024-12841,1138.0,4,3,4.0,Downtown,Unfurnished,Apartment,1,0,4.0,475462.0
2843,HP-2018-12842,3234.0,4,3,,Suburban,Unfurnished,Studio,0,0,8.2,678606.0
2844,HP-2019-12843,1383.0,4,3,2.0,Rural,#Semi-Furnished,Villa,2,1,5.8,544573.0
2845,HP-2020-12844,2352.0,4,3,38.0,Urban,Semi-Furnished,Studio,3,1,1.6,532192.0
2846,HP-2021-12845,1432.0,3,1,6.0,Suburban,Unfurnished,Apartment,3,0,13.3,327916.0
2847,HP-2022-12846,1788.0,3,2,9.0,Downtown,Semi-Furnished,Independent House,2,1,5.1,515041.0
2848,HP-2023-12847,1614.0,3,2,16.0,Rural,Furnished ,Apartment,2,0,1.3,368597.0
2849,HP-2024-12848,1774.0,3,1,1.0,Urban,Semi-Furnished,Studio,1,1,1.5,431248.0
2850,HP-2018-12849,1823.0,6,3,3.0,Urban,Semi-Furnished,Studio,2,1,12.8,585404.0
2851,HP-2019-12850,1816.0,4,3,21.0,Urban,Semi-Furnished,Apartment,0,1,9.7,476201.0
2852,HP-2020-12851,2783.0,2,2,24.0,Downtown,Furnished,Apartment,2,1,5.7,538685.0
2853,HP-2021-12852,1427.0,1,1,6.0,Suburban,Unfurnished,Apartment,3,0,2.9,281250.0
2854,HP-2022-12853,2354.0,1,1,6.0,Suburban,Unfurnished,Independent House,2,1,4.9,445957.0
2855,HP-2023-12854,3053.0,2,1,17.0,Urban,Furnished,Apartment,1,1,8.1,521229.0
2856,HP-2024-12855,1841.0,2,2,4.0,Suburban,Semi-Furnished,Independent House,2,0,16.9,384411.0
2857,HP-2018-12856,1697.0,3,1,1.0,Urban,Unfurnished,Apartment,3,0,6.5,482093.0
2858,HP-2019-12857,2039.0,5,3,4.0,Rural,Furnished,Studio,1,0,2.6,540133.0
2859,HP-2020-12858,3026.0,4,3,6.0,Downtown,Furnished,Independent House,2,1,0.5,804124.0
2860,HP-2021-12859,2336.0,2,1,1.0,Suburban,Semi Furnished,Independent House,1,1,1.5,475263.0
2861,HP-2022-12860,1828.0,3,2,8.0,Suburban,unfurnished,Apartment,2,0,8.4,410729.0
2862,HP-2023-12861,2539.0,3,1,16.0,Urban,Unfurnished,Apartment,0,0,1.4,477298.0
2863,HP-2024-12862,1428.0,4,3,9.0,Suburban, Furnished,Independent House,1,0,5.3,494479.0
2864,HP-2018-12863,2677.0,5,3,1.0,Urban,Semi-Furnished,Villa,2,0,9.6,755717.0
2865,HP-2019-12864,2486.0,5,2,7.0,Downtown,Semi-Furnished,Studio,1,0,2.9,620507.0
2866,HP-2020-12865,1985.0,3,1,15.0,Suburban,Semi-Furnished,Apartment,1,1,8.8,411026.0
2867,HP-2021-12866,1613.0,4,2,1.0,Urban,Semi-Furnished,Villa,1,1,7.0,543918.0
2868,HP-2022-12867,1579.0,2,2,1.0,Suburban,Semi-Furnished,Apartment,2,0,4.6,368649.0
2869,HP-2023-12868,2574.0,3,1,6.0,Urban,Furnished,Villa,1,0,18.2,579983.0
2870,HP-2024-12869,3060.0,2,2,3.0,Urban,Furnished,Apartment,2,0,,589427.0
2871,HP-2018-12870,1754.0,3,2,33.0,Rural,Furnished,Apartment,2,0,3.6,344417.0
2872,HP-2019-12871,2521.0,4,3,10.0,Suburban,Unfurnished,Independent House,1,1,13.0,596437.0
2873,HP-2020-12872,739.0,3,2,4.0,Suburban,,Studio,2,0,10.7,251170.0
2874,HP-2021-12873,1791.0,2,1,15.0,Suburban,Furnished,Apartment,0,0,12.5,312167.0
2875,HP-2022-12874,2178.0,1,1,6.0,Suburban,#Unfurnished,Apartment,1,1,,373941.0
2876,HP-2023-12875,1563.0,1,1,2.0,Suburban,Furnished,Studio,1,0,3.8,265182.0
2877,HP-2024-12876,1544.0,1,1,3.0,Urban,Furnished,Independent House,1,0,3.4,340603.0
2878,HP-2018-12877,1733.0,2,2,12.0,Suburban,semi-furnished,Villa,1,0,8.5,419778.0
2879,HP-2019-12878,2405.0,2,1,1.0,Downtown,,Apartment,1,0,1.1,507583.0
2880,HP-2020-12879,2069.0,2,1,4.0,Rural,Semi-Furnished,Studio,2,0,13.7,360598.0
2881,HP-2021-12880,633.0,6,3,3.0,Urban,Semi-Furnished,Apartment,1,1,3.7,469883.0
2882,HP-2022-12881,716.0,3,3,3.0,Urban,Furnished,Studio,3,1,8.0,319286.0
2883,HP-2023-12882,1775.0,2,1,14.0,Rural,Unfurnished,Apartment,0,1,5.5,327905.0
2884,HP-2024-12883,2520.0,3,2,21.0,Suburban,,Studio,0,1,5.9,486475.0
2885,HP-2018-12884,500.0,5,3,15.0,Rural,Semi-Furnished,Independent House,1,1,10.7,364524.0
2886,HP-2019-12885,1850.0,4,2,12.0,Suburban,Unfurnished,Independent House,0,0,7.9,460978.0
2887,HP-2020-12886,1832.0,3,2,30.0,Suburban,Unfurnished,Apartment,2,1,2.3,430795.0
2888,HP-2021-12887,3172.0,3,2,1.0,Urban,semi-furnished,Independent House,1,0,0.6,645586.0
2889,HP-2022-12888,1930.0,4,3,,Urban,Unfurnished,Independent House,1,0,14.7,564050.0
2890,HP-2023-12889,2468.0,4,2,6.0,Suburban,Unfurnished,Villa,1,1,17.3,618009.0
2891,HP-2024-12890,2299.0,4,3,6.0,Urban,Semi_Furnished,Villa,1,1,1.4,666848.0
2892,HP-2018-12891,709.0,5,3,6.0,Suburban,Semi-Furnished,Apartment,1,0,3.0,383368.0
2893,HP-2019-12892,2738.0,5,3,3.0,Downtown,Semi-Furnished,Apartment,0,0,2.7,696940.0
2894,HP-2020-12893,2351.0,4,2,,Urban,SEMI-FURNISHED,Studio,0,0,22.2,501636.0
2895,HP-2021-12894,2556.0,3,2,9.0,Urban,Semi-Furnished,Studio,1,1,1.8,533794.0
2896,HP-2022-12895,4948.0,4,3,32.0,Rural,Semi-Furnished,Apartment,1,1,1.5,870363.0
2897,HP-2023-12896,741.0,4,2,6.0,Urban,Unfurnished,Independent House,2,1,1.6,418207.0
2898,HP-2024-12897,3407.0,1,1,1.0,Suburban,Furnished,Apartment,1,1,10.5,563567.0
2899,HP-2018-12898,1999.0,6,3,15.0,Downtown,Unfurnished,Studio,0,0,17.5,585376.0
2900,HP-2019-12899,2401.0,2,1,4.0,Urban,Furnished,Apartment,1,0,4.0,445268.0
2901,HP-2020-12900,2168.0,3,1,3.0,Downtown,Furnished ,Studio,1,1,,504267.0
2902,HP-2021-12901,1903.0,5,3,5.0,Suburban,Unfurnished,Independent House,0,0,7.0,586442.0
2903,HP-2022-12902,1801.0,2,1,15.0,Urban,#Furnished,Apartment,0,0,,368688.0
2904,HP-2023-12903,2431.0,3,3,20.0,Rural,Unfurnished,Studio,1,1,0.5,529725.0
2905,HP-2024-12904,1138.0,2,1,11.0,Suburban,Unfurnished,Independent House,1,1,17.4,274295.0
2906,HP-2018-12905,2725.0,3,3,5.0,Suburban,Furnished,Independent House,2,0,16.4,621057.0
2907,HP-2019-12906,1909.0,2,1,4.0,Suburban,Furnished,Apartment,2,1,29.8,358364.0
2908,HP-2020-12907,1409.0,3,2,2.0,Urban,Furnished,Apartment,1,0,5.1,426122.0
2909,HP-2021-12908,1885.0,3,3,32.0,Urban, Unfurnished,Studio,0,0,2.8,390550.0
2910,HP-2022-12909,3080.0,6,4,12.0,Urban,Unfurnished,Independent House,2,0,11.7,835788.0
2911,HP-2023-12910,1825.0,6,3,0.0,Urban,Semi-Furnished,Apartment,2,1,1.6,629845.0
2912,HP-2024-12911,2451.0,2,1,13.0,Urban,Furnished,Apartment,3,0,2.2,468230.0
2913,HP-2018-12912,1688.0,4,2,7.0,Urban,Furnished,Independent House,0,1,2.4,529506.0
2914,HP-2019-12913,2731.0,2,1,43.0,Urban,Furnished,Apartment,1,0,24.2,393258.0
2915,HP-2020-12914,2680.0,1,1,21.0,Urban,Unfurnished,Apartment,2,0,10.5,389720.0
2916,HP-2021-12915,3494.0,2,2,2.0,Downtown,Furnished,Apartment,2,0,1.1,653968.0
2917,HP-2022-12916,2077.0,6,5,15.0,Urban, Furnished,Independent House,0,0,0.8,702317.0
2918,HP-2023-12917,2668.0,5,3,8.0,Suburban,Unfurnished,Apartment,2,0,14.8,626000.0
2919,HP-2024-12918,2269.0,2,1,2.0,Suburban,Semi-Furnished,Apartment,1,0,13.0,375499.0
2920,HP-2018-12919,3107.0,2,2,14.0,Downtown,Semi-Furnished,Apartment,0,1,8.9,600600.0
2921,HP-2019-12920,1697.0,2,2,10.0,Suburban,Semi-Furnished,Villa,1,1,1.7,466929.0
2922,HP-2020-12921,,3,3,0.0,Rural,Unfurnished,Villa,1,0,5.2,618346.0
2923,HP-2021-12922,2064.0,3,2,12.0,Suburban,Semi-Furnished,Villa,2,0,7.4,508793.0
2924,HP-2022-12923,2155.0,2,1,12.0,Urban,Semi-Furnished,Independent House,2,0,21.5,440740.0
2925,HP-2023-12924,2264.0,4,2,2.0,Suburban,Furnished,Villa,2,0,1.5,620193.0
2926,HP-2024-12925,2377.0,3,2,5.0,Downtown,Unfurnished,Independent House,1,1,5.8,614814.0
2927,HP-2018-12926,2119.0,5,2,11.0,Suburban, Furnished,Independent House,0,0,1.4,577599.0
2928,HP-2019-12927,2350.0,4,3,2.0,Suburban,Semi-Furnished,Apartment,1,1,4.7,574214.0
2929,HP-2020-12928,3305.0,3,2,23.0,Downtown,Semi-Furnished,Apartment,1,1,1.8,658869.0
2930,HP-2021-12929,2890.0,4,3,0.0,Urban,Semi Furnished,Apartment,2,0,14.5,655089.0
2931,HP-2022-12930,2808.0,4,2,1.0,Rural,Semi-Furnished,Independent House,1,1,2.4,634899.0
2932,HP-2023-12931,1881.0,3,3,1.0,Suburban,Semi-Furnished,Studio,1,0,4.3,476886.0
2933,HP-2024-12932,1578.0,3,2,9.0,Suburban,Unfurnished,Apartment,1,0,4.2,374863.0
2934,HP-2018-12933,2869.0,5,3,,Rural,Semi-Furnished,Independent House,1,1,16.1,684562.0
2935,HP-2019-12934,2813.0,2,1,6.0,Downtown,SEMI-FURNISHED,Independent House,2,1,11.3,544656.0
2936,HP-2020-12935,3231.0,1,1,4.0,Suburban,Semi-Furnished,Independent House,1,0,0.5,514584.0
2937,HP-2021-12936,1777.0,3,2,,Rural,Semi-Furnished,Apartment,2,1,0.6,395626.0
2938,HP-2022-12937,2039.0,4,2,1.0,Suburban,Unfurnished,Apartment,2,1,6.4,557854.0
2939,HP-2023-12938,1052.0,4,3,4.0,Suburban,Semi-Furnished,Apartment,0,1,4.5,413111.0
2940,HP-2024-12939,1925.0,5,4,0.0,Rural,Semi-Furnished,Studio,1,0,2.6,611503.0
2941,HP-2018-12940,2898.0,3,1,0.0,Urban,Unfurnished,Apartment,2,1,12.6,596588.0
2942,HP-2019-12941,1873.0,2,1,5.0,Suburban,#Semi-Furnished,Independent House,0,1,1.1,420177.0
2943,HP-2020-12942,2648.0,4,2,3.0,Urban,Semi-Furnished,Studio,2,0,29.2,545869.0
2944,HP-2021-12943,2067.0,4,3,4.0,Downtown,Semi-Furnished,Independent House,1,0,0.5,605297.0
2945,HP-2022-12944,2427.0,2,2,21.0,Urban,SEMI-FURNISHED,Independent House,1,0,1.0,467236.0
2946,HP-2023-12945,1397.0,2,1,2.0,Downtown,Unfurnished,Apartment,3,0,3.0,354733.0
2947,HP-2024-12946,2260.0,1,1,18.0,Urban,Furnished,Independent House,1,0,5.7,385044.0
2948,HP-2018-12947,500.0,4,2,13.0,Urban,Unfurnished,Independent House,1,1,1.9,349136.0
2949,HP-2019-12948,2069.0,5,2,5.0,Rural,Unfurnished,Villa,0,1,10.7,604200.0
2950,HP-2020-12949,1059.0,4,2,9.0,Urban,semi-furnished,Independent House,0,0,3.5,400605.0
2951,HP-2021-12950,3044.0,6,4,7.0,Urban,Furnished,Independent House,1,1,0.5,855854.0
2952,HP-2022-12951,2744.0,2,1,2.0,Urban,Semi-Furnished,Studio,1,1,16.8,455614.0
2953,HP-2023-12952,2527.0,5,2,29.0,Downtown,Unfurnished,Villa,1,0,23.0,650679.0
2954,HP-2024-12953,3265.0,4,4,10.0,Downtown,Furnished,Independent House,3,0,7.7,786677.0
2955,HP-2018-12954,1536.0,3,2,25.0,Rural,Semi-Furnished,Independent House,1,0,13.1,365453.0
2956,HP-2019-12955,3423.0,6,4,21.0,Urban,Furnished,Villa,1,0,1.0,894823.0
2957,HP-2020-12956,2853.0,3,1,,Suburban,Unfurnished,Villa,1,0,2.5,574893.0
2958,HP-2021-12957,2034.0,5,3,3.0,Downtown,,Apartment,1,0,3.1,641674.0
2959,HP-2022-12958,2995.0,5,3,2.0,Suburban,Semi-Furnished,Independent House,1,1,25.9,725954.0
2960,HP-2023-12959,1426.0,4,1,21.0,Downtown,Semi-Furnished,Apartment,1,0,5.7,428965.0
2961,HP-2024-12960,1623.0,3,1,24.0,Downtown,Semi-Furnished,Apartment,3,0,0.5,395618.0
2962,HP-2018-12961,1774.0,2,2,9.0,Urban,Semi-Furnished,Studio,1,1,3.8,410776.0
2963,HP-2019-12962,1830.0,3,3,1.0,Urban,Semi-Furnished,Apartment,1,1,0.5,506726.0
2964,HP-2020-12963,1460.0,3,2,2.0,Downtown,Unfurnished,Apartment,2,1,2.2,455030.0
2965,HP-2021-12964,3056.0,4,3,20.0,Suburban,,Apartment,0,0,4.9,630962.0
2966,HP-2022-12965,2019.0,4,2,32.0,Suburban,Semi-Furnished,Apartment,2,1,3.1,469129.0
2967,HP-2023-12966,2447.0,5,3,3.0,Suburban,Furnished,Apartment,1,0,0.5,629628.0
2968,HP-2024-12967,1801.0,1,1,0.0,Suburban,Semi-Furnished,Apartment,2,1,1.0,350290.0
2969,HP-2018-12968,926.0,4,3,5.0,Suburban,Semi-Furnished,Villa,2,0,6.4,463490.0
2970,HP-2019-12969,2389.0,5,4,0.0,Urban,,Studio,2,0,9.5,665224.0
2971,HP-2020-12970,861.0,4,2,21.0,Suburban,Semi-Furnished,Apartment,1,1,,342785.0
2972,HP-2021-12971,2152.0,2,1,8.0,Urban,Unfurnished,Villa,2,0,10.5,445584.0
2973,HP-2022-12972,1242.0,2,1,12.0,Downtown,Furnished,Apartment,1,0,1.4,323872.0
2974,HP-2023-12973,3591.0,1,1,6.0,Downtown,Unfurnished,Apartment,2,0,1.0,576764.0
2975,HP-2024-12974,2838.0,4,3,5.0,Suburban,Semi-Furnished,Studio,0,0,14.6,569146.0
2976,HP-2018-12975,2274.0,4,3,3.0,Suburban,Semi-Furnished,Apartment,0,0,3.3,592505.0
2977,HP-2019-12976,3085.0,6,4,18.0,Urban,Furnished,Apartment,0,1,4.5,809984.0
2978,HP-2020-12977,1608.0,3,3,14.0,Urban,Unfurnished,Apartment,1,0,23.6,417411.0
2979,HP-2021-12978,2580.0,3,2,5.0,Urban,Semi-Furnished,Studio,0,0,4.4,536693.0
2980,HP-2022-12979,2340.0,4,2,5.0,Urban,Unfurnished,Apartment,2,1,0.5,576788.0
2981,HP-2023-12980,2385.0,5,3,0.0,Downtown,Semi-Furnished,Apartment,1,1,22.2,655621.0
2982,HP-2024-12981,3091.0,5,4,,Rural,Semi-Furnished,Independent House,2,1,0.5,777882.0
2983,HP-2018-12982,2713.0,4,2,12.0,Urban,Unfurnished,Apartment,0,0,8.7,568745.0
2984,HP-2019-12983,2402.0,3,2,9.0,Urban,Unfurnished,Apartment,1,0,3.1,511607.0
2985,HP-2020-12984,1042.0,4,3,7.0,Rural,Un-furnished,Apartment,1,0,5.1,367419.0
2986,HP-2021-12985,1528.0,5,3,21.0,Downtown,Unfurnished,Independent House,1,1,6.3,507897.0
2987,HP-2022-12986,2114.0,3,2,8.0,Suburban,Semi-Furnished,Independent House,0,0,4.2,481338.0
2988,HP-2023-12987,2265.0,2,1,6.0,Rural,Semi-Furnished,Villa,3,1,11.9,460494.0
2989,HP-2024-12988,1409.0,2,1,2.0,Suburban,Semi-Furnished,Apartment,1,1,21.4,312661.0
2990,HP-2018-12989,3888.0,1,1,21.0,Downtown,Unfurnished,Independent House,2,0,0.7,627693.0
2991,HP-2019-12990,3261.0,4,2,10.0,Downtown,Unfurnished,Independent House,1,0,12.9,720747.0
2992,HP-2020-12991,2621.0,2,2,1.0,Urban,Semi-Furnished,Apartment,2,0,1.1,527175.0
2993,HP-2021-12992,2250.0,2,1,13.0,Suburban,FURNISHED,Independent House,1,0,0.7,407674.0
2994,HP-2022-12993,2051.0,3,1,7.0,Urban,Unfurnished,Villa,3,1,25.0,490740.0
2995,HP-2023-12994,1534.0,3,1,20.0,Suburban,Semi-Furnished,Studio,1,0,5.4,290222.0
2996,HP-2024-12995,2254.0,3,2,30.0,Urban,Un-furnished,Independent House,0,0,1.3,467301.0
2997,HP-2018-12996,2380.0,4,3,11.0,Suburban,Unfurnished,Studio,1,0,6.8,530831.0
2998,HP-2019-12997,1331.0,2,2,16.0,Suburban,Furnished,Villa,1,0,,382618.0
2999,HP-2020-12998,2434.0,2,2,1.0,Urban,Semi-Furnished,Studio,0,0,5.0,466473.0
3000,HP-2021-12999,2091.0,3,1,10.0,Urban,Unfurnished,Villa,1,0,7.8,464311.0
3001,HP-2022-13000,865.0,3,2,17.0,Downtown,Furnished,Apartment,2,0,16.3,302420.0
3002,HP-2023-13001,1598.0,3,3,8.0,Suburban,Unfurnished,Apartment,0,1,0.5,437230.0
3003,HP-2024-13002,1910.0,2,2,11.0,Downtown,Semi-Furnished,Villa,1,1,1.9,484713.0
3004,HP-2018-13003,3521.0,5,2,28.0,Downtown,FURNISHED,Independent House,1,1,0.8,780068.0
3005,HP-2019-13004,,4,2,3.0,Urban,Semi-Furnished,Apartment,2,1,0.8,603478.0
3006,HP-2020-13005,1265.0,2,1,1.0,Suburban,Furnished,Independent House,0,0,23.3,293265.0
3007,HP-2021-13006,2540.0,2,1,14.0,Downtown,Furnished,Studio,1,1,22.0,438958.0
3008,HP-2022-13007,1117.0,6,2,21.0,Suburban,UNFURNISHED,Apartment,0,0,11.1,423439.0
3009,HP-2023-13008,2958.0,4,2,23.0,Rural,Un-furnished,Independent House,1,0,8.2,621694.0
3010,HP-2024-13009,1870.0,3,1,12.0,Suburban,Furnished,Independent House,1,0,15.1,427983.0
3011,HP-2018-13010,2134.0,4,2,21.0,Suburban,Furnished,Apartment,3,0,0.5,483708.0
3012,HP-2019-13011,,4,2,14.0,Downtown,Furnished,Apartment,0,1,1.0,717742.0
3013,HP-2020-13012,1299.0,4,2,1.0,Urban,Unfurnished,Studio,1,0,3.1,430534.0
3014,HP-2021-13013,1222.0,3,2,17.0,Suburban,Semi-Furnished,Studio,2,0,14.3,297044.0
3015,HP-2022-13014,1791.0,3,1,2.0,Urban,Furnished,Studio,1,0,5.1,380046.0
3016,HP-2023-13015,2927.0,1,1,,Urban,Semi-Furnished,Apartment,2,1,5.6,506199.0
3017,HP-2024-13016,1136.0,5,2,6.0,Urban,Unfurnished,Apartment,3,0,2.1,470669.0
3018,HP-2018-13017,500.0,4,3,5.0,Suburban,Unfurnished,Studio,3,0,8.4,356249.0
3019,HP-2019-13018,1884.0,2,1,5.0,Downtown,Semi-Furnished,Studio,1,1,17.5,393322.0
3020,HP-2020-13019,2586.0,5,3,2.0,Urban,Unfurnished,Villa,1,0,3.2,716753.0
3021,HP-2021-13020,3040.0,5,4,4.0,Downtown,Unfurnished,Apartment,3,1,7.7,793938.0
3022,HP-2022-13021,1876.0,6,3,0.0,Urban,Furnished,Independent House,0,1,3.2,670279.0
3023,HP-2023-13022,1912.0,5,3,8.0,Urban,Unfurnished,Villa,1,0,12.6,597692.0
3024,HP-2024-13023,3008.0,6,4,18.0,Rural,Unfurnished,Independent House,1,1,5.2,803864.0
3025,HP-2018-13024,891.0,2,1,24.0,Urban,Semi-Furnished,Independent House,1,1,3.3,253857.0
3026,HP-2019-13025,1928.0,5,3,21.0,Urban,Semi-Furnished,Villa,3,0,4.4,641151.0
3027,HP-2020-13026,2333.0,5,1,6.0,Urban,Furnished,Villa,2,0,0.8,656360.0
3028,HP-2021-13027,2514.0,2,1,16.0,Urban,unfurnished,Apartment,1,1,16.1,502518.0
3029,HP-2022-13028,1843.0,2,1,4.0,Suburban,Semi-Furnished,Apartment,2,0,25.4,344035.0
3030,HP-2023-13029,2224.0,6,2,1.0,Urban,Semi-Furnished,Villa,1,0,5.2,686638.0
3031,HP-2024-13030,500.0,3,3,14.0,Suburban,,Apartment,2,1,2.0,293067.0
3032,HP-2018-13031,1739.0,5,3,13.0,Suburban,Furnished,Studio,1,0,8.7,499967.0
3033,HP-2019-13032,2517.0,1,1,19.0,Suburban,Unfurnished,Villa,1,1,4.8,442088.0
3034,HP-2020-13033,1512.0,1,1,11.0,Rural,Semi-Furnished,Studio,1,0,2.3,248505.0
3035,HP-2021-13034,2241.0,3,1,2.0,Urban,Unfurnished,Apartment,1,1,0.5,511427.0
3036,HP-2022-13035,2513.0,2,1,23.0,Suburban,Unfurnished,Apartment,1,0,17.6,396824.0
3037,HP-2023-13036,1960.0,4,1,12.0,Suburban,Unfurnished,Apartment,0,0,12.7,416978.0
3038,HP-2024-13037,2319.0,3,3,20.0,Urban,Unfurnished,Independent House,3,0,14.1,545929.0
3039,HP-2018-13038,1526.0,2,1,18.0,Downtown,semi-furnished,Apartment,3,0,4.6,338396.0
3040,HP-2019-13039,2055.0,2,2,4.0,Suburban,#Unfurnished,Apartment,2,0,11.2,430758.0
3041,HP-2020-13040,2627.0,3,2,1.0,Urban,Semi-Furnished,Apartment,2,0,7.0,567885.0
3042,HP-2021-13041,2310.0,2,2,2.0,Urban,Semi-Furnished,Independent House,3,1,3.8,550074.0
3043,HP-2022-13042,1789.0,4,2,1.0,Urban,Unfurnished,Independent House,2,0,14.8,547222.0
3044,HP-2023-13043,2357.0,3,2,3.0,Downtown,Unfurnished,Apartment,1,0,45.0,508886.0
3045,HP-2024-13044,2700.0,2,1,7.0,Downtown,semi-furnished,Apartment,2,0,18.4,509515.0
3046,HP-2018-13045,765.0,3,1,28.0,Suburban,Semi_Furnished,Studio,1,1,12.0,251463.0
3047,HP-2019-13046,3011.0,2,1,25.0,Urban,Unfurnished,Apartment,0,1,11.0,502802.0
3048,HP-2020-13047,1965.0,2,1,15.0,Suburban,Semi-Furnished,Apartment,1,1,8.4,359076.0
3049,HP-2021-13048,2498.0,2,1,0.0,Downtown,Semi-Furnished,Apartment,1,0,15.4,478650.0
3050,HP-2022-13049,3038.0,5,2,5.0,Suburban,Unfurnished,Apartment,3,0,5.4,657095.0
3051,HP-2023-13050,1240.0,5,2,14.0,Urban,Unfurnished,Apartment,2,0,1.6,459378.0
3052,HP-2024-13051,1703.0,5,4,2.0,Urban,Furnished,Independent House,2,1,11.7,621369.0
3053,HP-2018-13052,1998.0,3,2,19.0,Urban,Semi-Furnished,Studio,2,0,20.2,402326.0
3054,HP-2019-13053,1651.0,3,2,30.0,Urban,furnished,Apartment,1,1,3.3,380088.0
3055,HP-2020-13054,3414.0,3,1,5.0,Downtown,Unfurnished,Villa,2,0,12.2,723422.0
3056,HP-2021-13055,1600.0,4,2,15.0,Urban,Furnished,Studio,1,0,2.6,419001.0
3057,HP-2022-13056,1811.0,6,3,2.0,Rural,Unfurnished,Apartment,1,0,22.9,570978.0
3058,HP-2023-13057,5304.278380080363,2,1,14.0,Suburban,Semi-Furnished,Apartment,2,0,9.2,944679.6357784475
3059,HP-2024-13058,1358.0,1,1,0.0,Suburban,Furnished,Independent House,2,0,6.7,302116.0
3060,HP-2018-13059,1923.0,4,3,2.0,Suburban,Unfurnished,Studio,2,0,12.1,496602.0
3061,HP-2019-13060,2422.0,5,3,15.0,Urban,Furnished,Apartment,1,0,13.4,623723.0
3062,HP-2020-13061,1967.0,5,4,15.0,Urban,Semi-Furnished,Independent House,2,1,17.8,629024.0
3063,HP-2021-13062,2135.0,4,3,12.0,Rural,Semi-Furnished,Villa,1,0,18.5,564116.0
3064,HP-2022-13063,1829.0,6,2,8.0,Suburban,,Independent House,1,0,0.5,604832.0
3065,HP-2023-13064,1140.0,3,2,13.0,Urban,Furnished ,Independent House,1,0,1.0,400606.0
3066,HP-2024-13065,2425.0,5,2,18.0,Urban,Semi-Furnished,Independent House,1,0,14.0,599401.0
3067,HP-2018-13066,3428.0,6,4,41.0,Urban,furnished,Independent House,0,0,23.4,792479.0
3068,HP-2019-13067,2213.0,5,3,26.0,Urban,Unfurnished,Independent House,1,0,2.9,617797.0
3069,HP-2020-13068,2358.0,3,3,19.0,Urban,Furnished,Apartment,2,0,0.5,539164.0
3070,HP-2021-13069,2685.0,2,2,14.0,Urban,Semi-Furnished,Independent House,1,0,3.1,545804.0
3071,HP-2022-13070,1311.0,3,1,10.0,Downtown,Semi-Furnished,Apartment,1,1,3.9,388864.0
3072,HP-2023-13071,3392.0,3,2,2.0,Downtown,UNFURNISHED,Studio,1,0,11.5,683088.0
3073,HP-2024-13072,2342.0,5,3,2.0,Urban,Furnished,Apartment,3,0,0.5,694223.0
3074,HP-2018-13073,3342.0,2,2,21.0,Suburban,Unfurnished,Apartment,3,0,1.9,571983.0
3075,HP-2019-13074,1687.0,3,2,20.0,Urban,Furnished,Apartment,1,0,18.0,419995.0
3076,HP-2020-13075,3473.0,4,2,11.0,Urban,Unfurnished,Studio,1,0,1.3,683424.0
3077,HP-2021-13076,2743.0,2,1,7.0,Suburban,Furnished,Independent House,1,0,11.4,492535.0
3078,HP-2022-13077,2587.0,3,2,0.0,Downtown,,Independent House,0,0,3.6,608998.0
3079,HP-2023-13078,2364.0,3,3,5.0,Urban,Unfurnished,Studio,1,1,8.7,536296.0
3080,HP-2024-13079,2026.0,4,3,7.0,Suburban,Furnished,Studio,1,0,0.6,509472.0
3081,HP-2018-13080,3040.0,2,1,8.0,Rural,Furnished,Apartment,1,1,2.7,487632.0
3082,HP-2019-13081,2298.0,5,3,32.0,Downtown,Semi-Furnished,Independent House,2,1,4.4,650628.0
3083,HP-2020-13082,823.0,3,2,1.0,Urban,SEMI-FURNISHED,Studio,1,1,15.6,325938.0
3084,HP-2021-13083,1418.0,5,4,9.0,Urban,Semi-Furnished,Apartment,1,1,6.6,561170.0
3085,HP-2022-13084,2070.0,3,3,6.0,Rural,Semi-Furnished,Apartment,2,0,0.5,492396.0
3086,HP-2023-13085,2417.0,3,2,55.0,Urban,,Villa,2,0,13.0,525771.0
3087,HP-2024-13086,2160.0,2,2,24.0,Suburban,Semi-Furnished,Independent House,2,1,0.5,492564.0
3088,HP-2018-13087,3053.0,1,1,7.0,Suburban,Furnished,Apartment,1,0,21.8,463639.0
3089,HP-2019-13088,834.0,3,2,60.0,Suburban,Furnished,Apartment,0,1,1.9,240469.0
3090,HP-2020-13089,2301.0,2,1,9.0,Urban,Semi-Furnished,Villa,0,0,5.4,485355.0
3091,HP-2021-13090,927.0,3,2,2.0,Downtown,SEMI-FURNISHED,Apartment,1,0,0.6,360954.0
3092,HP-2022-13091,2732.0,4,4,10.0,Urban,Semi-Furnished,Studio,1,0,6.6,657515.0
3093,HP-2023-13092,2134.0,3,2,3.0,Suburban,Unfurnished,Apartment,2,0,5.5,479801.0
3094,HP-2024-13093,2494.0,2,2,12.0,Suburban,Furnished,Independent House,3,0,4.2,466366.0
3095,HP-2018-13094,1595.0,4,1,33.0,Urban,Semi-Furnished,Independent House,2,1,0.5,428843.0
3096,HP-2019-13095,3096.0,5,3,19.0,Downtown,Furnished ,Apartment,2,0,16.9,692969.0
3097,HP-2020-13096,2929.0,2,2,4.0,Rural,Unfurnished,Apartment,1,0,13.0,500888.0
3098,HP-2021-13097,2608.0,2,1,4.0,Rural,Semi-Furnished,Apartment,2,0,8.0,436827.0
3099,HP-2022-13098,2109.0,6,2,1.0,Urban,Semi Furnished,Independent House,3,0,6.8,651544.0
3100,HP-2023-13099,2606.0,1,1,4.0,Suburban,Semi-Furnished,Apartment,2,0,9.5,402101.0
3101,HP-2024-13100,1705.0,6,4,1.0,Downtown,Furnished ,Apartment,1,0,1.2,630191.0
3102,HP-2018-13101,2799.0,1,1,8.0,Suburban, Furnished,Apartment,1,0,21.6,408384.0
3103,HP-2019-13102,3355.0,5,4,15.0,Downtown,Semi-Furnished,Apartment,1,1,2.7,806042.0
3104,HP-2020-13103,2949.0,3,2,17.0,Rural,UNFURNISHED,Independent House,1,1,8.5,572754.0
3105,HP-2021-13104,1689.0,5,2,1.0,Urban,,Apartment,3,1,7.5,553680.0
3106,HP-2022-13105,2453.0,3,1,5.0,Downtown,,Apartment,2,0,8.1,534315.0
3107,HP-2023-13106,1295.0,4,3,4.0,Urban,Semi-Furnished,Independent House,2,0,16.9,462764.0
3108,HP-2024-13107,2601.0,2,1,1.0,Rural,Semi-Furnished,Independent House,0,1,2.8,469066.0
3109,HP-2018-13108,2515.0,2,1,5.0,Downtown,Semi-Furnished,Apartment,1,1,11.1,521925.0
3110,HP-2019-13109,891.0,4,3,4.0,Suburban,FURNISHED,Apartment,1,0,7.3,395692.0
3111,HP-2020-13110,1387.0,3,2,12.0,Downtown,Semi-Furnished,Villa,2,0,0.6,455209.0
3112,HP-2021-13111,2002.0,5,3,26.0,Downtown,Furnished,Studio,1,0,4.3,526028.0
3113,HP-2022-13112,1989.0,3,1,7.0,Suburban,Semi-Furnished,Apartment,3,0,14.6,413857.0
3114,HP-2023-13113,1353.0,5,3,16.0,Rural,#Furnished,Apartment,2,1,3.0,466833.0
3115,HP-2024-13114,2472.0,3,1,2.0,Urban,Furnished,Villa,2,0,5.3,584264.0
3116,HP-2018-13115,2376.0,6,4,27.0,Rural,Furnished,Studio,3,0,5.4,587984.0
3117,HP-2019-13116,2064.0,6,4,2.0,Urban,Unfurnished,Apartment,3,1,7.7,684427.0
3118,HP-2020-13117,1671.0,3,2,3.0,Suburban,Furnished,Villa,1,0,17.2,494749.0
3119,HP-2021-13118,2934.0,5,3,1.0,Urban,Semi-Furnished,Independent House,2,1,1.5,770562.0
3120,HP-2022-13119,3359.0,5,3,4.0,Urban,Furnished,Apartment,1,1,5.6,779552.0
3121,HP-2023-13120,1862.0,2,1,10.0,Suburban,Furnished,Independent House,1,0,4.4,371940.0
3122,HP-2024-13121,1771.0,4,2,53.0,Urban,Semi-Furnished,Independent House,0,0,2.8,433506.0
3123,HP-2018-13122,2544.0,2,1,19.0,Rural,,Apartment,2,0,20.2,367873.0
3124,HP-2019-13123,1949.0,5,3,6.0,Urban,Unfurnished,Apartment,1,0,0.5,573471.0
3125,HP-2020-13124,2102.0,2,1,10.0,Urban,Unfurnished,Studio,2,1,1.0,368899.0
3126,HP-2021-13125,2718.0,2,1,12.0,Rural,Furnished,Studio,2,1,10.6,438843.0
3127,HP-2022-13126,863.0,3,2,21.0,Downtown,Furnished,Apartment,2,1,2.4,330201.0
3128,HP-2023-13127,3123.0,4,2,16.0,Downtown,semi-furnished,Independent House,1,1,10.3,668582.0
3129,HP-2024-13128,2251.0,5,3,10.0,Urban,Unfurnished,Apartment,2,0,14.3,626950.0
3130,HP-2018-13129,1912.0,6,4,13.0,Downtown,Semi-Furnished,Independent House,1,1,,713421.0
3131,HP-2019-13130,2138.0,3,2,16.0,Suburban,Semi-Furnished,Studio,1,1,1.7,467146.0
3132,HP-2020-13131,2174.0,2,2,2.0,Rural,Semi_Furnished,Apartment,3,0,1.3,412730.0
3133,HP-2021-13132,988.0,4,3,3.0,Downtown,Furnished,Apartment,1,1,1.8,435354.0
3134,HP-2022-13133,3246.0,3,1,14.0,Downtown,Semi Furnished,Villa,1,0,2.5,687167.0
3135,HP-2023-13134,2229.0,3,3,23.0,Downtown,Furnished,Villa,2,1,16.2,606379.0
3136,HP-2024-13135,,3,3,6.0,Suburban,Semi-Furnished,Apartment,0,1,11.8,575144.0
3137,HP-2018-13136,2866.0,3,2,47.0,Downtown,Semi-Furnished,Villa,1,0,0.5,586211.0
3138,HP-2019-13137,1485.0,3,2,3.0,Suburban,Semi-Furnished,Studio,2,0,16.6,364742.0
3139,HP-2020-13138,2531.0,4,2,6.0,Urban,Furnished,Independent House,1,0,0.7,623690.0
3140,HP-2021-13139,2013.0,3,1,6.0,Urban,Unfurnished,Apartment,1,0,8.5,409920.0
3141,HP-2022-13140,2793.0,5,3,32.0,Urban,Unfurnished,Independent House,2,0,1.3,684845.0
3142,HP-2023-13141,711.0,3,1,4.0,Downtown,Unfurnished,Villa,2,0,0.5,409411.0
3143,HP-2024-13142,2131.0,2,1,8.0,Suburban,semi-furnished,Apartment,2,0,11.4,385929.0
3144,HP-2018-13143,1778.0,5,2,2.0,Suburban,Furnished ,Apartment,2,0,5.0,492178.0
3145,HP-2019-13144,2503.0,3,1,9.0,Downtown,Furnished,Apartment,1,0,7.3,521020.0
3146,HP-2020-13145,2529.0,2,1,23.0,Suburban,Semi-Furnished,Apartment,2,0,4.4,407189.0
3147,HP-2021-13146,1705.0,4,2,4.0,Urban,Semi-Furnished,Villa,2,1,0.6,559984.0
3148,HP-2022-13147,1701.0,3,2,20.0,Urban,Furnished,Apartment,1,1,10.8,432986.0
3149,HP-2023-13148,2123.0,5,3,29.0,Urban,Semi-Furnished,Villa,3,0,13.7,636506.0
3150,HP-2024-13149,1572.0,3,3,1.0,Urban,#Semi-Furnished,Apartment,2,0,0.5,456317.0
3151,HP-2018-13150,2789.0,4,3,17.0,Urban,Furnished,Studio,1,1,3.8,635643.0
3152,HP-2019-13151,1942.0,2,1,4.0,Suburban,#Unfurnished,Independent House,2,0,6.5,379387.0
3153,HP-2020-13152,500.0,3,1,2.0,Urban,Unfurnished,Apartment,2,1,7.4,272288.0
3154,HP-2021-13153,1938.0,6,4,11.0,Urban,FURNISHED,Villa,1,0,6.9,692018.0
3155,HP-2022-13154,1473.0,4,3,15.0,Rural,Semi Furnished,Apartment,2,0,9.4,383555.0
3156,HP-2023-13155,,2,1,6.0,Rural,,Independent House,2,1,27.2,247467.0
3157,HP-2024-13156,1334.0,3,2,0.0,Suburban,Furnished,Studio,2,1,4.0,378557.0
3158,HP-2018-13157,2277.0,3,1,29.0,Urban,Furnished,Independent House,1,1,6.5,487401.0
3159,HP-2019-13158,3130.0,4,2,16.0,Downtown,Unfurnished,Villa,1,1,9.6,729852.0
3160,HP-2020-13159,2419.0,4,3,4.0,Suburban,Unfurnished,Apartment,1,0,7.2,575461.0
3161,HP-2021-13160,1775.0,4,2,8.0,Urban,Furnished,Villa,2,0,,560416.0
3162,HP-2022-13161,2519.0,3,2,0.0,Suburban,Semi-Furnished,Apartment,2,0,7.8,539386.0
3163,HP-2023-13162,1879.0,4,2,5.0,Urban,Unfurnished,Studio,0,0,8.4,482661.0
3164,HP-2024-13163,1714.0,3,1,9.0,Rural,Semi-Furnished,Apartment,1,1,7.0,381660.0
3165,HP-2018-13164,1392.0,2,2,9.0,Downtown,Unfurnished,Apartment,1,0,1.8,351324.0
3166,HP-2019-13165,,3,1,3.0,Urban,Semi-Furnished,Studio,2,0,5.6,307256.0
3167,HP-2020-13166,1927.0,6,4,18.0,Suburban,Semi-Furnished,Apartment,2,0,17.3,623837.0
3168,HP-2021-13167,2311.0,4,3,4.0,Suburban,Semi-Furnished,Apartment,1,0,16.2,583853.0
3169,HP-2022-13168,2132.0,4,2,10.0,Rural,unfurnished,Independent House,0,0,11.1,491682.0
3170,HP-2023-13169,1909.0,4,2,4.0,Suburban,Semi_Furnished,Studio,1,0,9.6,453794.0
3171,HP-2024-13170,1538.0,5,2,7.0,Urban,Unfurnished,Independent House,1,0,1.3,539017.0
3172,HP-2018-13171,2626.0,3,3,3.0,Urban,,Apartment,2,1,4.9,624718.0
3173,HP-2019-13172,1278.0,3,1,12.0,Urban,#Furnished,Villa,1,0,0.9,385544.0
3174,HP-2020-13173,2743.0,6,3,7.0,Rural,Furnished,Apartment,1,0,13.6,665646.0
3175,HP-2021-13174,1498.0,5,2,0.0,Rural,Furnished,Studio,2,1,2.8,459426.0
3176,HP-2022-13175,1673.0,3,1,0.0,Urban,Furnished,Independent House,3,1,11.6,460477.0
3177,HP-2023-13176,1173.0,3,3,8.0,Urban,Semi_Furnished,Independent House,3,0,13.5,410959.0
3178,HP-2024-13177,1849.0,3,2,2.0,Suburban,Semi-Furnished,Independent House,3,0,17.8,480305.0
3179,HP-2018-13178,2883.0,2,1,11.0,Downtown,Unfurnished,Independent House,2,1,11.2,535828.0
3180,HP-2019-13179,2561.0,6,3,6.0,Urban,Unfurnished,Villa,2,0,6.7,750130.0
3181,HP-2020-13180,2885.0,3,2,13.0,Suburban,Unfurnished,Apartment,2,0,7.3,562392.0
3182,HP-2021-13181,2565.0,5,3,37.0,Urban,furnished,Apartment,2,0,3.1,594511.0
3183,HP-2022-13182,1427.0,2,2,9.0,Urban,Furnished ,Apartment,3,1,1.6,372339.0
3184,HP-2023-13183,1968.0,3,1,19.0,Downtown,Semi-Furnished,Independent House,1,1,1.1,474359.0
3185,HP-2024-13184,1654.0,1,1,17.0,Suburban,#Furnished,Apartment,1,1,1.6,326159.0
3186,HP-2018-13185,3131.0,4,3,31.0,Suburban,Furnished,Apartment,1,0,21.7,588190.0
3187,HP-2019-13186,1362.0,4,3,3.0,Downtown,Semi-Furnished,Studio,2,0,1.4,479642.0
3188,HP-2020-13187,2826.0,4,3,21.0,Downtown,Unfurnished,Apartment,2,1,10.3,641863.0
3189,HP-2021-13188,2825.0,2,1,28.0,Urban,Unfurnished,Studio,2,0,1.6,433288.0
3190,HP-2022-13189,3481.0,2,1,6.0,Suburban,Unfurnished,Studio,1,0,29.6,511339.0
3191,HP-2023-13190,4451.715573071615,2,1,5.0,Downtown,Semi-Furnished,Independent House,1,0,,927222.9296767836
3192,HP-2024-13191,2699.0,3,1,36.0,Suburban,Unfurnished,Apartment,3,0,,498008.0
3193,HP-2018-13192,10901.358123266278,4,3,12.0,Downtown,Furnished,Apartment,1,1,4.1,1570852.6847884392
3194,HP-2019-13193,1768.0,3,1,6.0,Urban,Unfurnished,Studio,1,0,13.6,369553.0
3195,HP-2020-13194,1125.0,4,2,19.0,Urban,Semi-Furnished,Studio,2,0,2.0,358453.0
3196,HP-2021-13195,884.0,3,1,4.0,Urban,Un-furnished,Studio,1,0,14.2,276584.0
3197,HP-2022-13196,2699.0,3,1,2.0,Suburban,Furnished,Studio,1,1,8.6,509568.0
3198,HP-2023-13197,,2,1,9.0,Suburban,Unfurnished,Apartment,1,1,2.0,232200.0
3199,HP-2024-13198,1939.0,2,2,10.0,Rural,Semi-Furnished,Independent House,1,1,0.5,436525.0
3200,HP-2018-13199,2506.0,5,3,,Suburban,Semi-Furnished,Villa,1,0,11.9,688447.0
3201,HP-2019-13200,2330.0,4,3,7.0,Suburban,Furnished,Apartment,1,1,2.0,602552.0
3202,HP-2020-13201,2498.0,2,2,20.0,Downtown,Unfurnished,Apartment,1,0,17.6,498318.0
3203,HP-2021-13202,2356.0,2,1,,Suburban,Furnished,Apartment,1,0,1.1,427581.0
3204,HP-2022-13203,3095.0,5,3,10.0,Downtown,,Apartment,2,0,,724933.0
3205,HP-2023-13204,1533.0,4,2,3.0,Downtown,Furnished,Apartment,1,0,9.4,434425.0
3206,HP-2024-13205,1726.0,4,1,6.0,Suburban,Semi-Furnished,Apartment,1,1,8.6,399545.0
3207,HP-2018-13206,1659.0,3,1,23.0,Urban,Furnished,Independent House,1,1,3.0,403910.0
3208,HP-2019-13207,2781.0,3,2,3.0,Rural,Semi-Furnished,Independent House,1,1,16.7,583223.0
3209,HP-2020-13208,2830.0,6,4,20.0,Suburban,Unfurnished,Apartment,1,1,11.8,747455.0
3210,HP-2021-13209,2516.0,4,3,4.0,Downtown,Unfurnished,Villa,1,0,5.7,696126.0
3211,HP-2022-13210,3028.0,3,1,,Downtown,Furnished,Studio,3,0,7.4,580991.0
3212,HP-2023-13211,1375.0,5,4,1.0,Suburban,Furnished,Apartment,3,1,6.7,567701.0
3213,HP-2024-13212,3367.0,4,3,16.0,Suburban,Furnished,Apartment,2,1,23.5,669193.0
3214,HP-2018-13213,3266.0,3,2,4.0,Rural,,Apartment,0,1,89.40760483027877,576223.0
3215,HP-2019-13214,2715.0,3,2,13.0,Downtown,FURNISHED,Villa,2,0,2.1,649693.0
3216,HP-2020-13215,3447.0,2,1,14.0,Downtown,Furnished,Independent House,0,1,2.4,604553.0
3217,HP-2021-13216,1040.0,2,2,5.0,Suburban,Furnished,Independent House,2,1,31.9,300715.0
3218,HP-2022-13217,1833.0,4,2,8.0,Rural,Unfurnished,Apartment,1,0,2.2,434312.0
3219,HP-2023-13218,1685.0,3,2,,Downtown,Unfurnished,Apartment,2,1,24.5,455244.0
3220,HP-2024-13219,2705.0,5,3,35.0,Downtown,Unfurnished,Studio,3,0,8.4,646678.0
3221,HP-2018-13220,1465.0,6,4,5.0,Urban,Unfurnished,Apartment,1,0,0.5,605051.0
3222,HP-2019-13221,,2,1,2.0,Suburban,Semi-Furnished,Independent House,1,1,3.3,514884.0
3223,HP-2020-13222,3159.0,3,2,5.0,Urban,Semi-Furnished,Apartment,1,1,5.2,631969.0
3224,HP-2021-13223,2687.0,4,3,13.0,Downtown,Unfurnished,Apartment,1,0,14.3,643271.0
3225,HP-2022-13224,2399.0,4,2,,Suburban,Furnished,Apartment,3,1,3.2,553243.0
3226,HP-2023-13225,1508.0,4,3,31.0,Urban,,Independent House,1,0,3.0,448108.0
3227,HP-2024-13226,1607.0,3,2,26.0,Suburban,Semi-Furnished,Apartment,1,0,20.2,338382.0
3228,HP-2018-13227,3075.0,3,2,4.0,Suburban,Semi-Furnished,Apartment,2,0,0.7,594978.0
3229,HP-2019-13228,2746.0,4,3,7.0,Downtown,Semi-Furnished,Villa,1,1,6.4,731173.0
3230,HP-2020-13229,2173.0,6,3,17.0,Suburban,Unfurnished,Apartment,0,1,5.6,617366.0
3231,HP-2021-13230,1907.0,3,3,30.0,Suburban,Semi-Furnished,Independent House,1,0,0.5,458447.0
3232,HP-2022-13231,782.0,5,3,5.0,Downtown,UNFURNISHED,Studio,2,1,0.7,439628.0
3233,HP-2023-13232,1450.0,3,2,7.0,Downtown,Semi-Furnished,Independent House,1,1,3.8,443699.0
3234,HP-2024-13233,,6,3,28.0,Rural,Furnished,Apartment,2,0,1.2,774146.0
3235,HP-2018-13234,1304.0,4,2,5.0,Suburban,Furnished,Villa,0,1,5.2,477017.0
3236,HP-2019-13235,2333.0,3,2,8.0,Downtown,#Furnished,Independent House,1,1,7.5,562313.0
3237,HP-2020-13236,2905.0,4,2,28.0,Urban,Furnished,Studio,1,0,9.4,562766.0
3238,HP-2021-13237,1322.0,3,2,19.0,Downtown,Furnished,Villa,3,0,6.3,472808.0
3239,HP-2022-13238,2329.0,3,1,3.0,Downtown, Furnished,Apartment,0,0,3.8,495655.0
3240,HP-2023-13239,2857.0,2,2,5.0,Downtown,Furnished,Independent House,1,1,1.1,607307.0
3241,HP-2024-13240,2209.0,2,2,5.0,Urban,Semi-Furnished,Apartment,3,1,2.3,515593.0
3242,HP-2018-13241,4208.0,3,1,29.0,Rural,Semi-Furnished,Apartment,3,0,4.3,682236.0
3243,HP-2019-13242,1032.0,4,3,60.0,Rural,Unfurnished,Independent House,2,1,20.6,311085.0
3244,HP-2020-13243,2941.0,4,2,18.0,Suburban,Furnished,Independent House,0,0,1.8,637577.0
3245,HP-2021-13244,2079.0,2,1,8.0,Suburban,Unfurnished,Independent House,1,0,4.3,410941.0
3246,HP-2022-13245,2740.0,5,3,0.0,Rural, Furnished,Villa,1,1,10.5,706839.0
3247,HP-2023-13246,2509.0,4,2,14.0,Suburban,Unfurnished,Apartment,2,0,9.8,571625.0
3248,HP-2024-13247,1687.0,6,4,6.0,Suburban,Furnished,Apartment,0,0,27.0,559439.0
3249,HP-2018-13248,2360.0,4,2,12.0,Suburban,Unfurnished,Apartment,1,0,,522491.0
3250,HP-2019-13249,899.0,2,1,11.0,Suburban,Furnished,Villa,1,0,0.5,281756.0
3251,HP-2020-13250,2622.0,3,2,8.0,Suburban, Unfurnished,Apartment,1,1,3.1,581336.0
3252,HP-2021-13251,2409.0,4,2,35.0,Suburban,Unfurnished,Apartment,2,0,1.3,487865.0
3253,HP-2022-13252,2647.0,1,1,0.0,Suburban,Semi-Furnished,Apartment,2,1,6.4,440503.0
3254,HP-2023-13253,2941.0,1,1,15.0,Rural,Semi-Furnished,Independent House,2,1,72.70099478429162,457699.0
3255,HP-2024-13254,2457.0,2,1,6.0,Rural, Furnished,Apartment,1,0,9.3,423730.0
3256,HP-2018-13255,2304.0,3,1,15.0,Downtown,Furnished,Apartment,2,1,1.2,504189.0
3257,HP-2019-13256,1583.0,3,3,13.0,Suburban,#Furnished,Apartment,0,1,1.0,414478.0
3258,HP-2020-13257,1701.0,3,1,0.0,Downtown,Semi-Furnished,Independent House,1,0,19.4,455898.0
3259,HP-2021-13258,3031.0,2,1,4.0,Suburban,Furnished,Villa,1,0,5.3,598477.0
3260,HP-2022-13259,3205.0,4,3,3.0,Downtown,Semi-Furnished,Apartment,0,1,20.6,687493.0
3261,HP-2023-13260,2033.0,4,2,2.0,Suburban,Semi-Furnished,Villa,0,0,10.7,538792.0
3262,HP-2024-13261,2232.0,3,2,16.0,Urban,Semi-Furnished,Apartment,1,0,40.1,457485.0
3263,HP-2018-13262,1567.0,1,1,3.0,Suburban,Furnished,Villa,3,0,16.4,327359.0
3264,HP-2019-13263,3021.0,2,1,,Downtown,SEMI-FURNISHED,Independent House,3,0,4.3,586672.0
3265,HP-2020-13264,2666.0,3,1,,Rural,Furnished,Independent House,1,0,11.4,539793.0
3266,HP-2021-13265,3559.0,2,2,,Urban,Semi-Furnished,Apartment,0,0,5.1,624288.0
3267,HP-2022-13266,1585.0,3,1,15.0,Suburban,Semi-Furnished,Villa,1,0,2.1,420538.0
3268,HP-2023-13267,1935.0,4,3,5.0,Suburban,Semi-Furnished,Apartment,1,0,2.2,534022.0
3269,HP-2024-13268,2362.0,3,2,11.0,Suburban,Semi-Furnished,Studio,1,1,4.1,490419.0
3270,HP-2018-13269,2653.0,2,1,21.0,Rural,unfurnished,Villa,0,1,0.9,481210.0
3271,HP-2019-13270,2049.0,3,1,1.0,Suburban,Unfurnished,Villa,2,0,1.6,522498.0
3272,HP-2020-13271,1589.0,4,3,15.0,Downtown,Unfurnished,Villa,1,0,5.6,542965.0
3273,HP-2021-13272,6588.882102988699,5,2,5.0,Downtown,Furnished,Apartment,1,1,24.6,1239132.4511063793
3274,HP-2022-13273,2705.0,4,2,2.0,Urban,Furnished,Studio,2,0,6.9,565034.0
3275,HP-2023-13274,1559.0,3,2,9.0,Downtown,unfurnished,Studio,2,1,4.2,420090.0
3276,HP-2024-13275,3149.0,3,2,3.0,Suburban,Unfurnished,Independent House,1,0,2.2,639405.0
3277,HP-2018-13276,3019.0,3,1,21.0,Downtown,Furnished,Villa,0,0,1.7,616615.0
3278,HP-2019-13277,2294.0,5,4,1.0,Urban, Unfurnished,Villa,3,0,8.6,752309.0
3279,HP-2020-13278,2256.0,1,1,1.0,Urban,Unfurnished,Villa,2,1,15.1,460008.0
3280,HP-2021-13279,2588.0,6,3,,Downtown,Unfurnished,Apartment,1,0,4.1,710394.0
3281,HP-2022-13280,1597.0,4,3,11.0,Suburban,Furnished,Apartment,2,1,6.4,475309.0
3282,HP-2023-13281,2221.0,4,3,16.0,Rural,Semi-Furnished,Villa,1,0,9.8,577454.0
3283,HP-2024-13282,693.0,1,2,4.0,Suburban,#Semi-Furnished,Villa,2,0,0.5,300273.0
3284,HP-2018-13283,2814.0,4,1,22.0,Urban,Semi-Furnished,Independent House,1,0,3.5,544483.0
3285,HP-2019-13284,1107.0,3,2,37.0,Downtown,Semi-Furnished,Apartment,1,0,10.5,302082.0
3286,HP-2020-13285,3252.0,2,2,8.0,Suburban,#Unfurnished,Studio,2,0,9.2,545762.0
3287,HP-2021-13286,1969.0,3,2,17.0,Urban,Unfurnished,Apartment,2,0,0.5,417551.0
3288,HP-2022-13287,2052.0,5,3,9.0,Urban,Furnished,Villa,0,0,2.2,637347.0
3289,HP-2023-13288,1761.0,3,2,1.0,Urban,semi-furnished,Apartment,0,0,9.1,427580.0
3290,HP-2024-13289,1998.0,3,1,5.0,Urban,,Apartment,1,1,2.5,446590.0
3291,HP-2018-13290,3193.0,2,2,,Suburban,Unfurnished,Independent House,1,1,13.5,590280.0
3292,HP-2019-13291,500.0,4,1,54.0,Downtown,Semi-Furnished,Villa,1,0,0.5,278777.0
3293,HP-2020-13292,3094.0,4,2,3.0,Urban,Semi-Furnished,Studio,2,0,1.7,627294.0
3294,HP-2021-13293,2437.0,4,2,12.0,Downtown,Furnished,Apartment,1,0,2.6,562713.0
3295,HP-2022-13294,1355.0,3,3,4.0,Rural,Semi-Furnished,Studio,2,0,20.8,354640.0
3296,HP-2023-13295,1447.0,3,2,13.0,Suburban,Furnished,Independent House,2,0,12.7,415669.0
3297,HP-2024-13296,3373.0,4,2,3.0,Downtown,Semi_Furnished,Apartment,0,0,17.2,701996.0
3298,HP-2018-13297,1538.0,2,2,18.0,Urban,UNFURNISHED,Villa,2,1,4.6,438450.0
3299,HP-2019-13298,1393.0,5,3,1.0,Urban,furnished,Apartment,3,1,13.8,572179.0
3300,HP-2020-13299,2996.0,4,2,27.0,Suburban,Semi-Furnished,Studio,1,0,15.4,562949.0
3301,HP-2021-13300,2437.0,3,2,22.0,Downtown,Unfurnished,Apartment,3,1,4.1,528677.0
3302,HP-2022-13301,1543.0,3,3,14.0,Downtown,Furnished,Villa,2,0,41.6,470821.0
3303,HP-2023-13302,2352.0,4,2,,Rural,Furnished,Apartment,1,0,15.2,504852.0
3304,HP-2024-13303,1482.0,2,2,3.0,Suburban,Semi-Furnished,Apartment,0,1,29.2,329537.0
3305,HP-2018-13304,2971.0,3,2,,Suburban,Unfurnished,Apartment,2,0,16.1,535135.0
3306,HP-2019-13305,2943.0,4,2,,Downtown,Semi-Furnished,Independent House,1,1,,681223.0
3307,HP-2020-13306,2572.0,3,2,2.0,Urban,Semi-Furnished,Apartment,2,0,,557692.0
3308,HP-2021-13307,,4,2,9.0,Downtown,FURNISHED,Apartment,2,1,4.4,624650.0
3309,HP-2022-13308,3433.0,2,1,4.0,Suburban,#Unfurnished,Apartment,1,0,12.2,563340.0
3310,HP-2023-13309,2200.0,4,5,3.0,Urban,Semi-Furnished,Independent House,1,1,1.9,666855.0
3311,HP-2024-13310,1373.0,2,2,10.0,Urban,Furnished,Villa,0,0,10.6,386138.0
3312,HP-2018-13311,2515.0,1,1,6.0,Rural,Semi-Furnished,Studio,1,0,12.3,346067.0
3313,HP-2019-13312,3660.0,5,3,2.0,Suburban,Semi Furnished,Independent House,2,1,10.1,861254.0
3314,HP-2020-13313,1490.0,4,3,9.0,Urban,Semi-Furnished,Apartment,0,1,15.2,446298.0
3315,HP-2021-13314,1947.0,3,2,6.0,Urban,,Studio,1,1,4.3,468277.0
3316,HP-2022-13315,2492.0,2,2,16.0,Suburban,Un-furnished,Studio,1,0,6.3,444947.0
3317,HP-2023-13316,2162.0,4,3,1.0,Urban,Furnished,Apartment,2,0,0.5,599946.0
3318,HP-2024-13317,1512.0,3,1,12.0,Urban,Semi-Furnished,Independent House,1,0,1.3,398323.0
3319,HP-2018-13318,2985.0,6,3,7.0,Downtown,Semi-Furnished,Villa,3,0,8.3,839038.0
3320,HP-2019-13319,3824.0,6,3,6.0,Downtown,Furnished,Villa,2,1,6.6,1007456.0
3321,HP-2020-13320,2337.0,4,2,3.0,Rural,Unfurnished,Independent House,2,1,1.8,564003.0
3322,HP-2021-13321,,3,2,0.0,Urban,Furnished,Independent House,0,1,2.2,474656.0
3323,HP-2022-13322,1116.0,3,1,23.0,Rural,Furnished,Apartment,1,0,3.4,256952.0
3324,HP-2023-13323,2381.0,4,4,5.0,Urban,#Furnished,Villa,0,0,10.1,678612.0
3325,HP-2024-13324,2973.0,2,2,14.0,Urban,Furnished,Apartment,1,1,7.5,556616.0
3326,HP-2018-13325,2533.0,3,2,35.0,Urban,Furnished,Apartment,2,1,,492265.0
3327,HP-2019-13326,2198.0,2,2,10.0,Rural,Semi Furnished,Independent House,1,1,11.4,424319.0
3328,HP-2020-13327,1788.0,2,2,6.0,Rural,Semi-Furnished,Villa,0,1,2.4,409490.0
3329,HP-2021-13328,1435.0,2,1,4.0,Rural,Furnished,Apartment,2,1,8.9,300312.0
3330,HP-2022-13329,2784.0,3,1,33.0,Urban,Unfurnished,Independent House,1,0,1.1,526998.0
3331,HP-2023-13330,2840.0,4,2,14.0,Downtown,Semi-Furnished,Apartment,1,1,45.0,591128.0
3332,HP-2024-13331,1118.0,3,1,13.0,Suburban,Semi-Furnished,Villa,0,0,0.7,321455.0
3333,HP-2018-13332,3313.0,3,2,7.0,Urban,Furnished,Villa,2,1,10.8,730904.0
3334,HP-2019-13333,2602.0,2,1,22.0,Urban,Semi-Furnished,Villa,1,1,6.2,489384.0
3335,HP-2020-13334,3180.0,3,2,15.0,Downtown,Furnished,Apartment,2,0,0.7,645406.0
3336,HP-2021-13335,1261.0,3,2,4.0,Downtown,Furnished,Independent House,1,0,0.5,415755.0
3337,HP-2022-13336,1244.0,4,2,11.0,Downtown,Semi-Furnished,Apartment,1,0,3.6,445596.0
3338,HP-2023-13337,2096.0,6,4,7.0,Suburban,Semi Furnished,Independent House,2,0,13.0,672719.0
3339,HP-2024-13338,2552.0,2,1,0.0,Suburban,Furnished,Apartment,2,0,0.5,439620.0
3340,HP-2018-13339,3457.0,2,1,20.0,Downtown,Unfurnished,Villa,1,0,9.7,632968.0
3341,HP-2019-13340,2694.0,3,2,2.0,Downtown,Furnished,Apartment,2,0,8.5,574843.0
3342,HP-2020-13341,2030.0,6,3,9.0,Urban,Furnished,Independent House,0,0,2.5,663045.0
3343,HP-2021-13342,1482.0,4,2,5.0,Downtown,Semi-Furnished,Apartment,2,0,0.6,482055.0
3344,HP-2022-13343,9102.616215964881,5,3,5.0,Urban,Semi-Furnished,Independent House,2,0,19.8,1485724.465469956
3345,HP-2023-13344,1525.0,3,1,8.0,Suburban,Unfurnished,Independent House,1,0,13.207401023314604,367191.0
3346,HP-2024-13345,3340.0,6,4,60.0,Urban,Semi-Furnished,Independent House,3,1,0.9,779634.0
3347,HP-2018-13346,2001.0,2,1,6.0,Suburban,SEMI-FURNISHED,Apartment,1,1,9.2,377504.0
3348,HP-2019-13347,3313.0,2,1,2.0,Urban,#Furnished,Apartment,2,1,,621837.0
3349,HP-2020-13348,2675.0,5,3,11.0,Rural,Unfurnished,Independent House,3,0,5.2,670682.0
3350,HP-2021-13349,2104.0,5,4,3.0,Suburban,Furnished,Studio,1,1,0.5,633717.0
3351,HP-2022-13350,1836.0,2,1,1.0,Rural,Unfurnished,Villa,0,0,39.7,340494.0
3352,HP-2023-13351,1961.0,2,1,,Urban,Unfurnished,Studio,2,0,4.7,351322.0
3353,HP-2024-13352,2500.0,1,2,0.0,Downtown,Unfurnished,Studio,0,0,45.0,398482.0
3354,HP-2018-13353,2254.0,2,1,7.0,Rural,Semi-Furnished,Apartment,2,0,3.9,410738.0
3355,HP-2019-13354,1784.0,2,2,7.0,Urban,Semi-Furnished,Independent House,0,0,3.4,414060.0
3356,HP-2020-13355,2084.0,6,5,2.0,Urban,Semi-Furnished,Apartment,2,1,19.7,733604.0
3357,HP-2021-13356,2255.0,4,3,18.0,Suburban,Furnished,Studio,1,1,3.2,555619.0
3358,HP-2022-13357,710.0,4,2,2.0,Suburban,Unfurnished,Independent House,1,1,4.5,360420.0
3359,HP-2023-13358,2521.0,4,3,30.0,Urban,Semi-Furnished,Villa,2,1,0.7,668118.0
3360,HP-2024-13359,1514.0,3,1,11.0,Rural,,Apartment,2,1,24.9,358595.0
3361,HP-2018-13360,1393.0,4,2,0.0,Downtown,Semi Furnished,Independent House,1,0,0.7,514063.0
3362,HP-2019-13361,1019.0,4,2,40.0,Suburban,Furnished,Villa,1,1,11.8,344159.0
3363,HP-2020-13362,,3,3,4.0,Urban,Unfurnished,Apartment,2,1,6.2,354551.0
3364,HP-2021-13363,1251.0,3,1,7.0,Urban,Semi-Furnished,Apartment,2,0,0.5,340505.0
3365,HP-2022-13364,1704.0,3,1,4.0,Urban,Unfurnished,Villa,2,1,0.5,480476.0
3366,HP-2023-13365,3567.0,5,2,16.0,Suburban,Unfurnished,Apartment,2,0,21.9,728372.0
3367,HP-2024-13366,1832.0,6,4,8.0,Suburban,unfurnished,Apartment,1,0,10.8,592622.0
3368,HP-2018-13367,2324.0,3,2,,Urban,Furnished,Independent House,2,1,9.3,573633.0
3369,HP-2019-13368,2480.0,4,3,1.0,Rural,Unfurnished,Apartment,2,1,4.6,581962.0
3370,HP-2020-13369,2292.0,2,2,16.0,Suburban,Semi-Furnished,Apartment,1,1,2.2,452391.0
3371,HP-2021-13370,2146.0,4,2,3.0,Urban,Furnished,Studio,1,1,9.1,517162.0
3372,HP-2022-13371,1363.0,3,1,2.0,Downtown,Furnished,Apartment,1,0,7.5,384293.0
3373,HP-2023-13372,3216.0,1,1,8.0,Urban,Furnished,Apartment,2,0,10.4,502771.0
3374,HP-2024-13373,3465.0,3,2,19.0,Downtown,Furnished,Apartment,2,0,3.6,624277.0
3375,HP-2018-13374,1022.0,4,3,4.0,Downtown,Furnished,Apartment,2,1,34.7,443591.0
3376,HP-2019-13375,1483.0,2,1,4.0,Rural,Unfurnished,Apartment,1,0,0.6,320111.0
3377,HP-2020-13376,2004.0,5,2,22.0,Urban,Unfurnished,Apartment,2,1,0.7,535245.0
3378,HP-2021-13377,1525.0,2,1,2.0,Urban,Un-furnished,Apartment,2,0,19.9,348312.0
3379,HP-2022-13378,2554.0,5,2,12.0,Urban,Furnished,Villa,1,1,,673910.0
3380,HP-2023-13379,1690.0,4,2,37.0,Urban,Furnished,Independent House,1,0,3.2,420922.0
3381,HP-2024-13380,3716.0,3,2,22.0,Downtown,Semi-Furnished,Independent House,2,0,11.5,703126.0
3382,HP-2018-13381,3033.0,3,2,1.0,Downtown,UNFURNISHED,Villa,3,0,4.8,703861.0
3383,HP-2019-13382,2349.0,4,1,5.0,Rural,Unfurnished,Studio,0,0,0.5,442152.0
3384,HP-2020-13383,2919.0,4,2,2.0,Urban,unfurnished,Independent House,1,0,34.40089901624958,687603.0
3385,HP-2021-13384,2974.0,4,2,36.0,Downtown,Unfurnished,Apartment,1,1,2.2,592285.0
3386,HP-2022-13385,1805.0,3,1,108.08451272528474,Urban,Furnished,Apartment,1,0,1.0,267210.2370074977
3387,HP-2023-13386,1629.0,3,2,3.0,Rural,Furnished ,Independent House,1,1,2.0,420969.0
3388,HP-2024-13387,2255.0,6,3,13.0,Urban,Furnished,Apartment,1,1,5.2,685438.0
3389,HP-2018-13388,2803.0,2,2,22.0,Downtown,Furnished,Apartment,2,1,,521207.0
3390,HP-2019-13389,2297.0,3,3,3.0,Urban,Unfurnished,Studio,2,0,17.2,535583.0
3391,HP-2020-13390,1096.0,3,3,2.0,Urban,Unfurnished,Villa,1,1,6.6,466489.0
3392,HP-2021-13391,1638.0,4,2,0.0,Downtown,Semi-Furnished,Apartment,2,0,2.8,480961.0
3393,HP-2022-13392,2148.0,4,2,,Rural,#Unfurnished,Apartment,2,0,9.3,491742.0
3394,HP-2023-13393,,3,2,28.0,Downtown,Furnished,Apartment,1,0,13.0,456724.0
3395,HP-2024-13394,3581.0,2,1,28.0,Urban,Semi-Furnished,Apartment,1,0,7.6,567819.0
3396,HP-2018-13395,1230.0,1,1,2.0,Suburban,Semi-Furnished,Apartment,2,1,1.8,256071.0
3397,HP-2019-13396,2554.0,3,1,3.0,Urban,,Independent House,2,0,0.9,566176.0
3398,HP-2020-13397,3242.0,3,2,6.0,Downtown,Unfurnished,Studio,1,0,15.7,620408.0
3399,HP-2021-13398,3790.0,6,3,18.0,Urban,,Villa,0,0,2.1,899532.0
3400,HP-2022-13399,1917.0,3,2,11.0,Rural,Semi_Furnished,Apartment,2,0,0.5,409098.0
3401,HP-2023-13400,2544.0,3,2,9.0,Suburban,Unfurnished,Apartment,1,0,8.2,508800.0
3402,HP-2024-13401,2599.0,5,4,11.0,Suburban,Semi-Furnished,Independent House,2,0,1.3,710884.0
3403,HP-2018-13402,2337.0,3,1,1.0,Downtown,Unfurnished,Apartment,2,0,37.7,488550.0
3404,HP-2019-13403,2131.0,4,3,8.0,Downtown,Unfurnished,Villa,1,1,16.3,639248.0
3405,HP-2020-13404,2505.0,2,1,,Urban,Furnished,Apartment,1,1,7.5,416161.0
3406,HP-2021-13405,500.0,3,1,1.0,Urban,Semi-Furnished,Apartment,0,0,14.4,243577.0
3407,HP-2022-13406,2677.0,5,3,9.0,Urban,Semi-Furnished,Independent House,1,1,5.1,724314.0
3408,HP-2023-13407,2288.0,4,3,4.0,Suburban,Semi-Furnished,Apartment,1,0,12.4,563524.0
3409,HP-2024-13408,2044.0,3,2,9.0,Urban,Semi-Furnished,Independent House,2,1,8.3,527649.0
3410,HP-2018-13409,3633.0,4,3,10.0,Downtown,Furnished,Studio,1,0,0.5,754415.0
3411,HP-2019-13410,,5,3,10.0,Urban,Unfurnished,Independent House,1,1,23.8,601940.0
3412,HP-2020-13411,1918.0,3,2,23.0,Rural,furnished,Villa,2,0,15.8,448639.0
3413,HP-2021-13412,3594.0,3,2,6.0,Downtown,Furnished,Apartment,2,0,24.5,700334.0
3414,HP-2022-13413,1618.0,6,4,9.0,Rural,Semi Furnished,Apartment,3,0,10.5,616226.0
3415,HP-2023-13414,1815.0,2,1,0.0,Urban,Semi-Furnished,Apartment,1,0,4.2,392925.0
3416,HP-2024-13415,2097.0,4,4,19.0,Downtown,Unfurnished,Independent House,1,1,1.9,625579.0
3417,HP-2018-13416,2789.0,4,3,4.0,Rural,Unfurnished,Independent House,0,1,1.6,639718.0
3418,HP-2019-13417,2345.0,4,2,20.0,Urban,Semi-Furnished,Independent House,0,0,1.3,545760.0
3419,HP-2020-13418,1295.0,3,1,4.0,Rural,unfurnished,Apartment,2,0,2.0,330401.0
3420,HP-2021-13419,1827.0,3,3,0.0,Urban,Semi-Furnished,Independent House,1,0,6.4,548867.0
3421,HP-2022-13420,1775.0,4,3,2.0,Urban,Unfurnished,Villa,2,0,9.2,594735.0
3422,HP-2023-13421,2146.0,2,2,51.0,Suburban,Semi-Furnished,Apartment,1,0,3.0,341522.0
3423,HP-2024-13422,2498.0,3,1,5.0,Urban,furnished,Villa,0,0,6.4,547491.0
3424,HP-2018-13423,2493.0,2,2,1.0,Rural,Unfurnished,Studio,2,1,,465630.0
3425,HP-2019-13424,957.0,1,1,2.0,Urban,#Semi-Furnished,Apartment,0,0,9.5,187129.0
3426,HP-2020-13425,2945.0,6,3,4.0,Suburban,Semi-Furnished,Independent House,1,1,35.7,744281.0
3427,HP-2021-13426,2377.0,3,1,0.0,Suburban,Unfurnished,Studio,1,1,9.3,460612.0
3428,HP-2022-13427,3169.0,6,4,9.0,Downtown,Semi-Furnished,Independent House,3,0,0.5,924326.0
3429,HP-2023-13428,2511.0,2,1,3.0,Urban,Furnished,Villa,1,0,5.2,542034.0
3430,HP-2024-13429,2971.0,4,2,,Downtown,Semi-Furnished,Apartment,1,1,11.8,640094.0
3431,HP-2018-13430,2527.0,2,1,2.0,Urban,Unfurnished,Apartment,2,0,6.3,447994.0
3432,HP-2019-13431,3142.0,4,3,7.0,Downtown,Furnished,Apartment,2,0,24.1,675662.0
3433,HP-2020-13432,2566.0,4,2,11.0,Rural,Semi-Furnished,Studio,2,1,0.5,571775.0
3434,HP-2021-13433,2131.0,2,2,1.0,Urban,furnished,Apartment,1,0,2.8,429427.0
3435,HP-2022-13434,3791.0,5,3,6.0,Urban,FURNISHED,Studio,3,1,2.0,859205.0
3436,HP-2023-13435,2822.0,2,2,4.0,Suburban,Semi-Furnished,Apartment,2,0,11.7,525445.0
3437,HP-2024-13436,2602.0,4,4,3.0,Urban,Semi-Furnished,Apartment,1,1,5.9,667122.0
3438,HP-2018-13437,1307.0,6,3,11.0,Urban,Furnished,Apartment,1,1,1.2,524427.0
3439,HP-2019-13438,1298.0,5,3,11.0,Urban,SEMI-FURNISHED,Independent House,3,0,2.7,554259.0
3440,HP-2020-13439,2405.0,6,5,12.0,Suburban,Semi_Furnished,Apartment,2,1,,746572.0
3441,HP-2021-13440,2302.0,3,2,2.0,Urban,Unfurnished,Studio,2,1,44.4,497902.0
3442,HP-2022-13441,1770.0,2,1,,Suburban,Unfurnished,Studio,2,0,3.6,334755.0
3443,HP-2023-13442,2299.0,2,2,3.0,Suburban,Furnished,Apartment,1,1,1.4,483210.0
3444,HP-2024-13443,3312.0,3,2,9.0,Downtown,Semi-Furnished,Villa,1,0,5.5,739079.0
3445,HP-2018-13444,2687.0,4,1,7.0,Rural,Semi-Furnished,Independent House,1,1,3.0,587725.0
3446,HP-2019-13445,1401.0,2,2,5.0,Suburban,Unfurnished,Studio,1,0,6.7,292097.0
3447,HP-2020-13446,2122.0,4,1,19.0,Suburban,Furnished,Apartment,0,0,5.0,454519.0
3448,HP-2021-13447,1637.0,3,2,1.0,Urban,Semi-Furnished,Independent House,1,0,9.4,469136.0
3449,HP-2022-13448,1929.0,3,3,44.0,Suburban,Unfurnished,Apartment,2,0,19.7,430023.0
3450,HP-2023-13449,1910.0,4,2,1.0,Rural,Furnished,Villa,1,1,1.8,560410.0
3451,HP-2024-13450,1866.0,3,1,18.0,Downtown,FURNISHED,Apartment,0,0,13.8,420587.0
3452,HP-2018-13451,1321.0,4,3,6.0,Urban,Semi-Furnished,Independent House,2,0,23.8,485603.0
3453,HP-2019-13452,2111.0,2,1,24.0,Rural,Unfurnished,Studio,2,0,3.7,305511.0
3454,HP-2020-13453,1808.0,4,2,1.0,Downtown,Semi-Furnished,Independent House,1,0,1.0,562269.0
3455,HP-2021-13454,500.0,2,1,6.0,Urban,Semi-Furnished,Independent House,2,0,13.8,230939.0
3456,HP-2022-13455,3637.0,2,1,5.0,Downtown,Furnished,Independent House,2,0,9.7,698025.0
3457,HP-2023-13456,2962.0,4,2,60.0,Urban,Semi-Furnished,Apartment,1,1,1.9,529443.0
3458,HP-2024-13457,1937.0,5,3,51.0,Suburban,Semi-Furnished,Apartment,1,0,4.7,457401.0
3459,HP-2018-13458,2213.0,3,2,3.0,Urban,Furnished,Independent House,1,1,6.9,557137.0
3460,HP-2019-13459,1380.0,3,2,12.0,Urban,Semi-Furnished,Studio,2,1,1.5,409659.0
3461,HP-2020-13460,3387.0,3,2,9.0,Downtown,#Semi-Furnished,Apartment,1,0,10.0,655945.0
3462,HP-2021-13461,3528.0,2,1,2.0,Downtown,Furnished,Apartment,1,1,9.4,628510.0
3463,HP-2022-13462,2310.0,4,3,2.0,Urban,Unfurnished,Apartment,2,0,17.5,589679.0
3464,HP-2023-13463,2916.0,4,2,54.0,Urban, Unfurnished,Independent House,0,0,6.7,554135.0
3465,HP-2024-13464,2323.0,2,2,7.0,Suburban,Semi-Furnished,Apartment,0,0,6.8,457046.0
3466,HP-2018-13465,1264.0,3,2,2.0,Downtown,,Studio,1,0,7.7,368103.0
3467,HP-2019-13466,1912.0,4,3,,Urban,Furnished,Independent House,0,0,,572426.0
3468,HP-2020-13467,2292.0,3,2,4.0,Downtown,Furnished,Studio,2,1,11.4,502681.0
3469,HP-2021-13468,1882.0,4,2,9.0,Rural,Semi-Furnished,Apartment,2,1,8.7,504564.0
3470,HP-2022-13469,2047.0,2,1,5.0,Suburban,Furnished,Apartment,1,1,14.6,352803.0
3471,HP-2023-13470,2136.0,4,3,7.0,Urban,unfurnished,Apartment,0,0,11.7,524411.0
3472,HP-2024-13471,2143.0,2,2,,Urban,Semi-Furnished,Independent House,0,1,8.1,526262.0
3473,HP-2018-13472,2237.0,5,3,5.0,Urban,Semi-Furnished,Apartment,3,1,1.4,652368.0
3474,HP-2019-13473,1458.0,3,2,1.0,Urban,Semi-Furnished,Villa,2,0,20.1,448774.0
3475,HP-2020-13474,1698.0,3,2,26.0,Downtown,Semi-Furnished,Villa,1,0,3.7,450622.0
3476,HP-2021-13475,1301.0,5,3,3.0,Urban,Furnished,Villa,1,0,26.7,530851.0
3477,HP-2022-13476,2884.0,2,2,17.0,Urban,Semi-Furnished,Studio,1,0,4.1,506846.0
3478,HP-2023-13477,726.0,3,2,5.0,Suburban,#Semi-Furnished,Independent House,0,1,1.3,335971.0
3479,HP-2024-13478,3008.0,3,1,8.0,Rural,#Semi-Furnished,Independent House,3,1,17.3,583871.0
3480,HP-2018-13479,,3,1,4.0,Urban,#Semi-Furnished,Independent House,2,0,12.7,590318.0
3481,HP-2019-13480,1988.0,5,4,14.0,Downtown,Unfurnished,Apartment,2,1,12.3,638671.0
3482,HP-2020-13481,500.0,4,2,22.0,Suburban,FURNISHED,Independent House,1,1,0.7,323872.0
3483,HP-2021-13482,1947.0,2,1,,Downtown,Unfurnished,Independent House,1,1,16.9,450975.0
3484,HP-2022-13483,2155.0,4,2,3.0,Rural,Furnished,Villa,1,0,7.3,558710.0
3485,HP-2023-13484,1493.0,3,2,14.0,Urban,Furnished,Apartment,1,0,5.1,365178.0
3486,HP-2024-13485,1839.0,5,4,3.0,Suburban,Semi-Furnished,Apartment,1,0,19.6,553442.0
3487,HP-2018-13486,3271.0,3,2,12.0,Downtown,Unfurnished,Independent House,0,1,8.8,697546.0
3488,HP-2019-13487,2665.0,4,4,1.0,Rural,Furnished,Villa,0,1,1.1,690698.0
3489,HP-2020-13488,1553.0,3,2,12.0,Urban,Semi-Furnished,Studio,1,0,5.9,364984.0
3490,HP-2021-13489,1082.0,3,2,9.0,Urban,Semi-Furnished,Apartment,3,0,8.1,350837.0
3491,HP-2022-13490,1971.0,3,1,1.0,Urban,Semi-Furnished,Villa,3,1,,498061.0
3492,HP-2023-13491,2051.0,2,1,13.0,Downtown,Furnished,Independent House,0,0,2.6,443299.0
3493,HP-2024-13492,2547.0,4,3,7.0,Rural,Semi-Furnished,Apartment,0,0,12.6,538338.0
3494,HP-2018-13493,1825.0,3,2,3.0,Suburban,Furnished,Villa,1,0,12.9,505752.0
3495,HP-2019-13494,2558.0,6,5,5.0,Urban,Furnished,Apartment,2,0,1.1,751344.0
3496,HP-2020-13495,3555.0,3,3,8.0,Urban,Semi-Furnished,Villa,3,0,0.5,773268.0
3497,HP-2021-13496,2771.0,4,3,1.0,Suburban,Unfurnished,Villa,2,0,7.0,706318.0
3498,HP-2022-13497,2166.0,5,2,38.0,Rural,Unfurnished,Independent House,2,1,12.5,541160.0
3499,HP-2023-13498,2072.0,4,2,13.0,Downtown,Furnished,Apartment,1,1,6.5,536060.0
3500,HP-2024-13499,1950.0,5,4,1.0,Downtown,Semi-Furnished,Studio,0,0,13.4,589991.0
3501,HP-2018-13500,3026.0,5,3,21.0,Suburban,Furnished,Studio,0,0,7.8,668103.0
3502,HP-2019-13501,1761.0,3,2,5.0,Rural,Semi-Furnished,Studio,2,0,8.5,391546.0
3503,HP-2020-13502,2232.0,4,3,,Downtown,Semi-Furnished,Apartment,0,0,0.5,575838.0
3504,HP-2021-13503,2236.0,2,1,4.0,Urban,Semi-Furnished,Independent House,2,1,0.7,452114.0
3505,HP-2022-13504,1849.0,3,1,16.0,Downtown,semi-furnished,Apartment,2,0,10.3,424748.0
3506,HP-2023-13505,1239.0,2,1,,Suburban,Unfurnished,Apartment,0,0,11.5,247630.0
3507,HP-2024-13506,2426.0,4,3,10.0,Downtown,Semi-Furnished,Apartment,3,1,6.3,615304.0
3508,HP-2018-13507,2157.0,3,2,,Rural,Semi-Furnished,Independent House,1,1,7.1,487560.0
3509,HP-2019-13508,2550.0,3,1,4.0,Urban,Unfurnished,Apartment,3,0,7.6,526140.0
3510,HP-2020-13509,1826.0,3,2,6.0,Downtown,#Furnished,Independent House,3,0,0.9,523183.0
3511,HP-2021-13510,,6,4,2.0,Suburban,Semi-Furnished,Independent House,1,0,8.8,793299.0
3512,HP-2022-13511,,2,2,5.0,Rural,Semi-Furnished,Studio,1,0,5.2,300341.0
3513,HP-2023-13512,8657.88076533233,1,1,14.0,Urban,Unfurnished,Studio,0,0,7.4,1007894.8490112165
3514,HP-2024-13513,977.0,2,1,21.0,Downtown,Semi-Furnished,Villa,2,1,6.6,320128.0
3515,HP-2018-13514,2504.0,6,4,5.0,Urban,Furnished,Villa,1,0,11.5,775558.0
3516,HP-2019-13515,2533.0,6,3,3.0,Urban,Unfurnished,Apartment,3,1,3.1,765056.0
3517,HP-2020-13516,1643.0,4,3,21.0,Urban,Unfurnished,Apartment,1,1,3.7,483692.0
3518,HP-2021-13517,5804.162758184901,5,3,27.0,Suburban,Unfurnished,Independent House,2,0,4.0,1559061.1088260154
3519,HP-2022-13518,3096.0,2,1,6.0,Rural,Semi-Furnished,Independent House,3,0,11.5,518911.0
3520,HP-2023-13519,648.0,6,3,0.0,Urban,Semi-Furnished,Villa,2,1,4.5,530369.0
3521,HP-2024-13520,2552.0,2,1,14.0,Urban,Unfurnished,Apartment,0,0,1.6,431917.0
3522,HP-2018-13521,500.0,2,1,18.0,Urban,Semi-Furnished,Studio,1,0,32.6,112389.0
3523,HP-2019-13522,1524.0,2,1,0.0,Suburban,Furnished,Villa,1,0,5.4,353429.0
3524,HP-2020-13523,3340.0,4,3,11.0,Urban,Unfurnished,Apartment,0,1,0.9,721065.0
3525,HP-2021-13524,1793.0,4,2,11.0,Rural,Semi-Furnished,Apartment,1,0,8.9,442244.0
3526,HP-2022-13525,1378.0,3,1,6.0,Suburban,Furnished,Studio,1,0,10.8,295598.0
3527,HP-2023-13526,2061.0,6,3,17.0,Downtown,Semi-Furnished,Apartment,2,1,5.5,642967.0
3528,HP-2024-13527,3648.0,3,3,7.0,Downtown,Furnished ,Apartment,1,1,8.3,745573.0
3529,HP-2018-13528,918.0,2,2,14.0,Downtown,Semi-Furnished,Apartment,2,1,1.5,317165.0
3530,HP-2019-13529,1464.0,3,1,9.0,Rural,Unfurnished,Independent House,0,1,3.7,382386.0
3531,HP-2020-13530,3248.0,4,3,3.0,Rural,Semi-Furnished,Villa,0,0,4.8647282060189285,749987.0
3532,HP-2021-13531,3500.0,5,3,11.0,Urban,Semi-Furnished,Apartment,0,1,3.9,765660.0
3533,HP-2022-13532,2128.0,3,2,16.0,Rural,Unfurnished,Villa,1,0,6.6,488682.0
3534,HP-2023-13533,1333.0,4,2,44.0,Suburban,Unfurnished,Studio,1,1,4.7,314845.0
3535,HP-2024-13534,3667.0,3,1,6.0,Urban,Semi-Furnished,Villa,2,0,7.2,745470.0
3536,HP-2018-13535,3316.0,4,3,1.0,Suburban,Semi-Furnished,Studio,3,1,5.6,720034.0
3537,HP-2019-13536,2675.0,6,3,53.0,Urban,,Apartment,1,1,3.1,663448.0
3538,HP-2020-13537,1631.0,1,1,12.0,Suburban,Furnished,Independent House,0,0,1.2,294811.0
3539,HP-2021-13538,2166.0,5,2,35.0,Downtown,Furnished,Apartment,1,1,2.3,576884.0
3540,HP-2022-13539,2088.0,3,2,1.0,Urban,Semi Furnished,Villa,2,1,1.8,587418.0
3541,HP-2023-13540,2432.0,3,2,5.0,Urban,Furnished,Studio,2,0,9.8,532360.0
3542,HP-2024-13541,3216.0,6,4,2.0,Rural,Furnished,Apartment,2,0,13.7,763961.0
3543,HP-2018-13542,2816.0,3,2,22.0,Suburban,Semi_Furnished,Independent House,0,1,10.2,561646.0
3544,HP-2019-13543,1446.0,3,2,25.0,Urban,Furnished ,Apartment,0,1,8.3,385266.0
3545,HP-2020-13544,3164.0,2,1,8.0,Rural,Semi-Furnished,Apartment,0,0,2.9,483468.0
3546,HP-2021-13545,2419.0,2,1,2.0,Rural,Semi-Furnished,Independent House,2,0,9.9,463354.0
3547,HP-2022-13546,2681.0,5,3,2.0,Urban,Furnished,Villa,1,1,7.4,762554.0
3548,HP-2023-13547,3227.0,4,2,11.0,Suburban,Unfurnished,Apartment,2,0,0.5,667879.0
3549,HP-2024-13548,1422.0,5,3,8.0,Rural,SEMI-FURNISHED,Apartment,1,0,19.1,463277.0
3550,HP-2018-13549,2175.0,2,2,14.0,Urban,Unfurnished,Apartment,1,0,0.7,449037.0
3551,HP-2019-13550,1828.0,2,1,4.0,Suburban,Semi-Furnished,Apartment,1,0,5.6,365189.0
3552,HP-2020-13551,1102.0,1,1,6.0,Urban,Furnished,Independent House,2,1,5.8,308568.0
3553,HP-2021-13552,2443.0,3,2,0.0,Downtown,Furnished,Apartment,0,0,14.5,526621.0
3554,HP-2022-13553,3958.0,6,4,11.0,Urban,Unfurnished,Apartment,3,0,19.5,912317.0
3555,HP-2023-13554,912.0,4,1,7.0,Suburban,Semi-Furnished,Independent House,0,0,22.5,345648.0
3556,HP-2024-13555,2177.0,3,1,30.0,Urban,Unfurnished,Apartment,0,0,6.7,391873.0
3557,HP-2018-13556,2648.0,5,3,12.0,Urban,Unfurnished,Studio,1,1,9.1,636010.0
3558,HP-2019-13557,2286.0,4,3,,Urban,Furnished,Villa,2,0,0.7,660189.0
3559,HP-2020-13558,2121.0,1,1,4.0,Urban,Unfurnished,Apartment,1,1,5.4,410548.0
3560,HP-2021-13559,1291.0,4,3,28.0,Rural,Furnished,Apartment,1,1,18.3,375543.0
3561,HP-2022-13560,2363.0,3,2,0.0,Rural,Semi-Furnished,Studio,0,0,4.9,464500.0
3562,HP-2023-13561,1670.0,2,1,5.0,Downtown,Semi-Furnished,Apartment,0,1,0.6,390109.0
3563,HP-2024-13562,667.0,2,1,34.0,Suburban,Furnished,Apartment,2,0,1.8,155128.0
3564,HP-2018-13563,3036.0,3,3,13.0,Urban,FURNISHED,Villa,1,1,4.5,736717.0
3565,HP-2019-13564,2871.0,3,1,9.0,Urban,Semi-Furnished,Apartment,2,0,2.2,537407.0
3566,HP-2020-13565,2236.0,3,2,3.0,Urban,Semi-Furnished,Independent House,2,0,4.0,544301.0
3567,HP-2021-13566,2360.0,2,1,22.0,Downtown,Furnished,Villa,2,1,,518230.0
3568,HP-2022-13567,2952.0,4,3,3.0,Urban,Semi Furnished,Villa,0,0,3.1,685179.0
3569,HP-2023-13568,2357.0,6,4,3.0,Rural,Semi-Furnished,Studio,1,0,0.8,643128.0
3570,HP-2024-13569,2833.0,4,2,3.0,Downtown,Semi-Furnished,Independent House,3,0,,654161.0
3571,HP-2018-13570,1992.0,3,2,2.0,Rural,SEMI-FURNISHED,Villa,2,0,9.4,515865.0
3572,HP-2019-13571,3118.0,2,3,37.0,Suburban,Un-furnished,Apartment,0,0,7.8,489242.0
3573,HP-2020-13572,2425.0,2,1,11.0,Suburban,Unfurnished,Apartment,1,0,7.5,437654.0
3574,HP-2021-13573,2336.0,2,2,12.0,Urban,Unfurnished,Apartment,3,1,4.0,469244.0
3575,HP-2022-13574,1311.0,3,1,37.0,Suburban,furnished,Apartment,1,0,13.9,282627.0
3576,HP-2023-13575,2401.0,4,2,,Rural,Semi_Furnished,Villa,2,0,21.3,560424.0
3577,HP-2024-13576,1618.0,4,2,0.0,Urban,Semi-Furnished,Apartment,1,1,0.5,497523.0
3578,HP-2018-13577,1753.0,4,3,11.0,Urban,Unfurnished,Independent House,0,1,0.7,558293.0
3579,HP-2019-13578,1629.0,3,3,9.0,Urban,Semi Furnished,Apartment,0,0,9.0,444786.0
3580,HP-2020-13579,1454.0,3,2,8.0,Rural,Semi-Furnished,Apartment,0,1,2.2,345660.0
3581,HP-2021-13580,3687.0,4,3,1.0,Urban,Semi-Furnished,Independent House,1,0,19.4,807386.0
3582,HP-2022-13581,3132.0,3,3,7.0,Downtown,Furnished,Independent House,2,1,8.8,724464.0
3583,HP-2023-13582,3544.0,2,2,,Urban,Semi-Furnished,Villa,2,0,3.7,656749.0
3584,HP-2024-13583,1344.0,3,1,4.0,Rural,Furnished,Villa,2,0,4.3,389642.0
3585,HP-2018-13584,2250.0,3,1,3.0,Suburban,Furnished,Apartment,2,0,9.4,511647.0
3586,HP-2019-13585,1295.0,2,1,5.0,Urban,Furnished,Studio,1,1,1.2,322367.0
3587,HP-2020-13586,1713.0,5,4,5.0,Downtown,Furnished,Apartment,1,0,17.2,580228.0
3588,HP-2021-13587,1557.0,5,2,4.0,Downtown,Furnished,Independent House,3,1,0.5,592553.0
3589,HP-2022-13588,3068.0,2,2,46.0,Suburban,Semi-Furnished,Studio,1,1,30.9,440159.0
3590,HP-2023-13589,1923.0,2,1,32.0,Downtown,Unfurnished,Apartment,1,1,1.5,393302.0
3591,HP-2024-13590,2948.0,4,3,10.0,Urban,Semi-Furnished,Apartment,3,0,10.8,653864.0
3592,HP-2018-13591,2623.0,2,1,48.0,Rural,Semi-Furnished,Independent House,1,1,0.5,434894.0
3593,HP-2019-13592,3813.0,3,3,57.0,Urban,SEMI-FURNISHED,Villa,2,0,4.5,728607.0
3594,HP-2020-13593,1164.0,2,2,5.0,Urban,SEMI-FURNISHED,Apartment,2,0,,335687.0
3595,HP-2021-13594,3081.0,2,2,7.0,Urban,Unfurnished,Villa,1,0,0.6,665665.0
3596,HP-2022-13595,3003.0,4,3,38.0,Urban,Furnished,Apartment,0,0,4.7,624865.0
3597,HP-2023-13596,1519.0,4,2,11.0,Suburban,Semi-Furnished,Studio,3,1,2.9,452449.0
3598,HP-2024-13597,2905.0,2,1,3.0,Suburban,Semi-Furnished,Apartment,1,1,5.5,534575.0
3599,HP-2018-13598,2435.0,3,1,14.0,Suburban,Unfurnished,Independent House,0,0,5.6,495158.0
3600,HP-2019-13599,2041.0,2,1,3.0,Urban,Semi-Furnished,Apartment,1,0,12.3,406216.0
3601,HP-2020-13600,1623.0,2,1,5.0,Urban,Unfurnished,Apartment,2,1,1.1,360809.0
3602,HP-2021-13601,1697.0,6,4,3.0,Downtown,Furnished,Apartment,2,0,0.7,643636.0
3603,HP-2022-13602,3635.0,4,2,3.0,Downtown,Semi-Furnished,Independent House,3,1,4.1,817237.0
3604,HP-2023-13603,2200.0,3,2,0.0,Urban,Semi-Furnished,Villa,3,1,17.5,595216.0
3605,HP-2024-13604,2747.0,4,3,26.0,Suburban,Semi-Furnished,Villa,3,0,15.5,652681.0
3606,HP-2018-13605,1646.0,5,3,4.0,Urban,Unfurnished,Apartment,0,1,6.6,538172.0
3607,HP-2019-13606,1654.0,4,2,1.0,Downtown,Semi-Furnished,Apartment,2,1,17.6,502930.0
3608,HP-2020-13607,2957.0,1,1,1.0,Rural,Furnished,Studio,1,1,13.1,436869.0
3609,HP-2021-13608,1255.0,2,1,10.0,Urban,Semi-Furnished,Studio,1,0,2.6,276761.0
3610,HP-2022-13609,1909.0,4,2,59.0,Downtown,Unfurnished,Independent House,2,1,,474621.0
3611,HP-2023-13610,2224.0,3,3,2.0,Suburban,Unfurnished,Independent House,1,0,2.9,571893.0
3612,HP-2024-13611,2278.0,6,3,1.0,Urban,Unfurnished,Apartment,3,1,2.1,702458.0
3613,HP-2018-13612,2075.0,4,3,7.0,Suburban,furnished,Apartment,0,0,7.8,510550.0
3614,HP-2019-13613,2477.0,6,4,10.0,Suburban,Semi-Furnished,Apartment,2,0,7.0,700256.0
3615,HP-2020-13614,2685.0,2,1,4.0,Downtown,Furnished,Independent House,0,1,,521455.0
3616,HP-2021-13615,2714.0,5,2,4.0,Downtown,SEMI-FURNISHED,Villa,1,0,1.7,767330.0
3617,HP-2022-13616,1510.0,3,2,,Rural,furnished,Studio,1,0,12.6,352159.0
3618,HP-2023-13617,2001.0,6,4,5.0,Suburban,Unfurnished,Apartment,1,0,4.5,642853.0
3619,HP-2024-13618,,2,1,30.0,Suburban,Unfurnished,Independent House,1,0,5.1,523586.0
3620,HP-2018-13619,2826.0,3,2,,Suburban,Furnished,Apartment,3,0,45.0,543389.0
3621,HP-2019-13620,3104.5538690384014,4,3,3.0,Urban,#Unfurnished,Independent House,2,0,2.7,1051785.0483820157
3622,HP-2020-13621,2446.0,3,1,20.0,Suburban,Furnished,Apartment,1,0,4.0,439705.0
3623,HP-2021-13622,815.0,3,1,22.0,Downtown,Semi-Furnished,Independent House,1,0,9.0,282320.0
3624,HP-2022-13623,2233.0,6,4,1.0,Urban,Unfurnished,Villa,1,0,17.0,749985.0
3625,HP-2023-13624,3528.0,3,2,44.0,Rural,#Semi-Furnished,Villa,1,0,1.1,645602.0
3626,HP-2024-13625,1536.0,4,2,14.0,Downtown,Furnished,Apartment,2,0,10.6,442131.0
3627,HP-2018-13626,1616.0,2,1,4.0,Downtown,Un-furnished,Apartment,1,0,20.0,349573.0
3628,HP-2019-13627,2735.0,5,3,7.0,Rural,Semi-Furnished,Apartment,2,1,4.4,662326.0
3629,HP-2020-13628,1120.0,4,1,4.0,Suburban,Unfurnished,Independent House,0,0,2.7,387858.0
3630,HP-2021-13629,1757.0,3,2,2.0,Urban,Unfurnished,Apartment,1,1,9.1,446854.0
3631,HP-2022-13630,2618.0,1,1,4.0,Downtown,,Apartment,2,1,2.3,494626.0
3632,HP-2023-13631,1756.0,4,1,10.0,Rural,Semi-Furnished,Studio,1,0,3.9,397648.0
3633,HP-2024-13632,2035.0,1,1,21.0,Urban,Unfurnished,Apartment,2,0,,313455.0
3634,HP-2018-13633,2721.0,1,1,5.0,Urban,Unfurnished,Independent House,2,0,7.1,478065.0
3635,HP-2019-13634,2495.0,4,3,5.0,Urban,,Apartment,2,0,0.8,621079.0
3636,HP-2020-13635,2387.0,2,1,8.0,Urban,Unfurnished,Independent House,1,0,3.2,464164.0
3637,HP-2021-13636,1963.0,2,1,12.0,Rural,Unfurnished,Apartment,3,1,7.9,355373.0
3638,HP-2022-13637,2459.0,4,3,17.0,Urban,Unfurnished,Independent House,2,0,5.3,645983.0
3639,HP-2023-13638,2113.0,2,1,5.0,Downtown,Furnished,Independent House,1,0,8.6,424862.0
3640,HP-2024-13639,2520.0,3,1,11.0,Rural,#Furnished,Studio,1,1,11.5,452641.0
3641,HP-2018-13640,,2,2,,Downtown,Semi-Furnished,Apartment,0,1,5.2,457842.0
3642,HP-2019-13641,2072.0,4,2,15.0,Urban,Furnished,Independent House,1,0,34.7,491627.0
3643,HP-2020-13642,1507.0,4,2,2.0,Downtown,Furnished,Apartment,3,0,19.7,476054.0
3644,HP-2021-13643,2175.0,4,3,4.0,Rural,Furnished,Apartment,1,1,0.5,568350.0
3645,HP-2022-13644,1632.0,3,2,7.0,Urban,Unfurnished,Apartment,2,0,2.5,373546.0
3646,HP-2023-13645,1420.0,2,1,26.0,Urban,Semi-Furnished,Independent House,1,1,2.9,328283.0
3647,HP-2024-13646,2381.0,2,1,10.0,Rural,SEMI-FURNISHED,Apartment,1,0,1.6,375789.0
3648,HP-2018-13647,2349.0,3,2,40.0,Suburban,Unfurnished,Independent House,3,0,3.0,500010.0
3649,HP-2019-13648,2748.0,5,4,1.0,Suburban,Semi-Furnished,Apartment,0,0,4.4,683216.0
3650,HP-2020-13649,1898.0,2,1,7.0,Rural,Furnished,Independent House,1,1,0.5,424810.0
3651,HP-2021-13650,2486.0,3,2,7.0,Downtown,#Semi-Furnished,Apartment,3,1,1.1,566401.0
3652,HP-2022-13651,2586.0,2,1,11.0,Suburban,Un-furnished,Apartment,3,0,3.648711634531075,471754.0
3653,HP-2023-13652,2511.0,4,2,20.0,Suburban,Semi-Furnished,Apartment,2,0,0.5,530205.0
3654,HP-2024-13653,1622.0,4,2,,Urban,Semi-Furnished,Apartment,2,0,,435219.0
3655,HP-2018-13654,2305.0,4,2,13.0,Urban,Unfurnished,Apartment,2,1,3.2,561293.0
3656,HP-2019-13655,2455.0,5,3,12.0,Suburban,Furnished,Villa,1,0,21.9,660304.0
3657,HP-2020-13656,2205.0,3,2,36.0,Urban,Unfurnished,Villa,2,1,0.9,556827.0
3658,HP-2021-13657,739.0,2,1,6.0,Rural,Furnished,Villa,3,1,20.8,297242.0
3659,HP-2022-13658,,3,1,21.0,Urban,#Semi-Furnished,Independent House,1,0,0.7,469641.0
3660,HP-2023-13659,3749.0,4,2,31.0,Suburban,Furnished,Villa,1,1,7.7,748411.0
3661,HP-2024-13660,1948.0,4,3,8.0,Downtown,Furnished,Apartment,1,0,,532823.0
3662,HP-2018-13661,1690.0,3,1,16.0,Downtown,Semi-Furnished,Independent House,2,0,14.0,402256.0
3663,HP-2019-13662,2461.0,4,2,6.0,Suburban, Furnished,Apartment,1,1,0.5,559676.0
3664,HP-2020-13663,2419.0,4,2,2.0,Suburban,Unfurnished,Villa,2,0,24.4,635210.0
3665,HP-2021-13664,3035.0,5,3,11.0,Rural,Semi-Furnished,Independent House,1,1,0.5,692923.0
3666,HP-2022-13665,1319.0,4,3,3.0,Urban,Semi-Furnished,Villa,2,0,2.2,539463.0
3667,HP-2023-13666,2712.0,4,3,7.0,Downtown,Furnished,Villa,1,0,5.0,720746.0
3668,HP-2024-13667,2613.0,2,1,25.0,Rural,furnished,Independent House,1,1,11.3,430142.0
3669,HP-2018-13668,2100.0,4,2,1.0,Urban,Unfurnished,Independent House,2,1,24.1,579120.0
3670,HP-2019-13669,2437.0,5,5,0.0,Rural,Semi-Furnished,Apartment,1,1,4.5,707288.0
3671,HP-2020-13670,2921.0,3,2,11.0,Downtown,Furnished,Independent House,1,0,11.3,622086.0
3672,HP-2021-13671,2811.0,4,2,5.0,Suburban,Semi-Furnished,Independent House,1,0,10.4,622363.0
3673,HP-2022-13672,1400.0,4,3,6.0,Suburban,Furnished,Apartment,1,1,6.8,455661.0
3674,HP-2023-13673,2774.0,2,1,6.0,Rural,Furnished,Studio,1,0,,420169.0
3675,HP-2024-13674,,4,3,1.0,Urban,Unfurnished,Studio,3,1,0.5,588877.0
3676,HP-2018-13675,2251.0,2,1,0.0,Suburban,Semi-Furnished,Apartment,2,0,4.7,419308.0
3677,HP-2019-13676,2251.0,6,4,,Downtown,Furnished,Villa,2,0,12.3,736867.0
3678,HP-2020-13677,2095.0,4,3,3.0,Downtown,Semi-Furnished,Apartment,1,0,5.1,568379.0
3679,HP-2021-13678,3034.0,2,2,7.0,Urban,Semi-Furnished,Independent House,1,0,,566139.0
3680,HP-2022-13679,2141.0,2,2,43.0,Urban,Semi-Furnished,Independent House,1,1,14.3,404255.0
3681,HP-2023-13680,1416.0,4,2,21.0,Downtown,Furnished,Villa,2,1,15.9,522812.0
3682,HP-2024-13681,1925.0,3,3,1.0,Suburban,Unfurnished,Apartment,1,0,1.1,460667.0
3683,HP-2018-13682,2325.0,1,1,9.0,Urban,,Studio,2,0,2.2,410977.0
3684,HP-2019-13683,3060.0,3,1,16.0,Urban,Semi-Furnished,Studio,1,1,0.5,568375.0
3685,HP-2020-13684,2622.0,3,1,14.0,Suburban,Unfurnished,Independent House,0,1,32.5,469275.0
3686,HP-2021-13685,1605.0,2,2,17.0,Suburban,,Independent House,1,0,,359661.0
3687,HP-2022-13686,3940.0,4,2,7.0,Rural,Unfurnished,Independent House,2,0,3.7,735063.0
3688,HP-2023-13687,2385.0,5,3,2.0,Urban,Unfurnished,Villa,1,0,2.6,714753.0
3689,HP-2024-13688,3093.0,4,2,8.0,Rural,,Studio,1,1,0.5,635220.0
3690,HP-2018-13689,2094.0,5,3,13.0,Rural,#Furnished,Apartment,3,0,2.4,570785.0
3691,HP-2019-13690,2573.0,2,2,11.0,Suburban,Furnished,Apartment,2,1,0.8,522913.0
3692,HP-2020-13691,2788.0,3,2,1.0,Urban,Unfurnished,Villa,0,0,,635346.0
3693,HP-2021-13692,3053.0,2,2,1.0,Rural,Furnished,Apartment,0,1,27.2,541088.0
3694,HP-2022-13693,2940.0,4,2,40.0,Urban,Furnished,Independent House,1,0,9.6,601816.0
3695,HP-2023-13694,2811.0,5,3,2.0,Suburban,Furnished,Apartment,1,0,9.8,675263.0
3696,HP-2024-13695,1979.0,4,3,4.0,Suburban,Furnished,Villa,2,0,4.8,607676.0
3697,HP-2018-13696,1800.0,5,2,63.800438996497206,Downtown,Furnished,Independent House,1,1,40.712518113364055,511065.0674690355
3698,HP-2019-13697,2433.0,4,2,6.0,Suburban,Unfurnished,Independent House,2,0,19.1,600525.0
3699,HP-2020-13698,2853.0,3,2,2.0,Suburban,Unfurnished,Villa,0,1,26.1,611122.0
3700,HP-2021-13699,2044.0,3,2,8.0,Rural,Unfurnished,Studio,1,1,0.8,443809.0
3701,HP-2022-13700,2946.0,2,1,10.0,Rural,Unfurnished,Villa,3,0,16.9,527050.0
3702,HP-2023-13701,3217.0,1,1,7.0,Suburban,Furnished,Apartment,0,1,2.0,472492.0
3703,HP-2024-13702,1559.0,4,2,30.0,Suburban,Unfurnished,Villa,2,1,4.1,482423.0
3704,HP-2018-13703,1614.0,3,2,4.0,Downtown,Furnished ,Apartment,2,1,3.4,433088.0
3705,HP-2019-13704,2102.0,3,2,13.0,Downtown,Furnished ,Apartment,0,1,9.0,530445.0
3706,HP-2020-13705,2415.0,3,2,1.0,Urban,Furnished,Studio,1,1,7.3,517205.0
3707,HP-2021-13706,,3,3,6.0,Suburban,Semi-Furnished,Independent House,1,0,0.9,493280.0
3708,HP-2022-13707,3147.0,3,2,16.0,Urban,Furnished ,Independent House,3,1,12.2,647749.0
3709,HP-2023-13708,2497.0,3,2,3.0,Suburban,Unfurnished,Villa,1,1,4.6,598604.0
3710,HP-2024-13709,2228.0,3,1,11.0,Downtown,Semi-Furnished,Independent House,1,0,0.5,516513.0
3711,HP-2018-13710,1195.0,5,3,2.0,Urban,Semi-Furnished,Studio,0,0,4.3,443762.0
3712,HP-2019-13711,1279.0,3,2,1.0,Urban,Unfurnished,Apartment,2,1,5.8,359276.0
3713,HP-2020-13712,2397.0,4,3,9.0,Suburban,Unfurnished,Villa,1,0,0.6,615056.0
3714,HP-2021-13713,707.0,5,3,13.0,Downtown,Unfurnished,Apartment,0,1,1.3,424605.0
3715,HP-2022-13714,2909.0,5,3,1.0,Downtown,Semi-Furnished,Apartment,3,0,40.4,720054.0
3716,HP-2023-13715,2089.0,5,4,30.0,Urban,Unfurnished,Apartment,1,1,16.4,592114.0
3717,HP-2024-13716,4470.0,3,2,3.0,Urban,Semi-Furnished,Apartment,0,0,1.1,803268.0
3718,HP-2018-13717,,1,1,2.0,Downtown,#Semi-Furnished,Villa,2,1,6.9,666697.0
3719,HP-2019-13718,2073.0,3,2,3.0,Suburban,Furnished,Independent House,2,0,3.8,488600.0
3720,HP-2020-13719,2126.0,3,2,2.0,Suburban,Furnished,Apartment,0,1,6.3,472173.0
3721,HP-2021-13720,2897.0,5,2,1.0,Suburban,Furnished,Apartment,0,0,5.1,679654.0
3722,HP-2022-13721,3392.0,4,2,19.0,Suburban,Semi-Furnished,Apartment,0,1,,710279.0
3723,HP-2023-13722,1053.0,2,1,8.0,Suburban,Semi-Furnished,Apartment,0,0,3.0,219518.0
3724,HP-2024-13723,950.0,2,1,6.0,Rural,Semi-Furnished,Apartment,2,0,1.1,253359.0
3725,HP-2018-13724,1765.0,2,2,36.0,Rural,Furnished,Apartment,1,0,5.4,307354.0
3726,HP-2019-13725,2608.0,4,2,6.0,Urban,Semi-Furnished,Villa,2,1,19.0,669151.0
3727,HP-2020-13726,2548.0,4,3,,Suburban,Semi-Furnished,Studio,1,1,43.3,539831.0
3728,HP-2021-13727,2949.0,5,4,4.0,Suburban,Semi-Furnished,Apartment,2,0,23.1,741771.0
3729,HP-2022-13728,1360.0,5,3,3.0,Urban,Semi-Furnished,Apartment,1,1,34.0,454820.0
3730,HP-2023-13729,579.0,2,1,8.0,Suburban,Semi-Furnished,Villa,3,1,0.5,259755.0
3731,HP-2024-13730,2801.0,3,2,4.0,Suburban,Furnished,Studio,1,0,10.5,528624.0
3732,HP-2018-13731,1620.0,2,2,9.0,Downtown,,Apartment,2,1,2.6,405382.0
3733,HP-2019-13732,787.0,3,2,13.0,Urban,Semi-Furnished,Studio,1,0,16.1,267885.0
3734,HP-2020-13733,2302.0,5,4,18.0,Urban,Furnished ,Apartment,1,0,13.4,613475.0
3735,HP-2021-13734,2755.0,4,2,15.0,Urban,Furnished,Independent House,2,1,4.4,638770.0
3736,HP-2022-13735,2115.0,4,2,3.0,Downtown,Semi-Furnished,Apartment,0,0,5.1,538641.0
3737,HP-2023-13736,1880.0,3,2,1.0,Rural,Furnished,Studio,1,0,2.5,404330.0
3738,HP-2024-13737,2088.0,1,1,9.0,Suburban,Semi-Furnished,Apartment,2,1,2.7,368484.0
3739,HP-2018-13738,1941.0,2,1,3.0,Suburban,Furnished,Independent House,2,1,31.8,419440.0
3740,HP-2019-13739,1256.0,3,1,1.0,Urban,Semi-Furnished,Apartment,1,0,17.6,323076.0
3741,HP-2020-13740,1700.0,4,3,,Suburban,Semi-Furnished,Apartment,1,0,1.7,507529.0
3742,HP-2021-13741,2565.0,2,1,5.0,Suburban,Semi-Furnished,Villa,1,1,2.6,529995.0
3743,HP-2022-13742,2425.0,4,2,17.0,Urban,Semi-Furnished,Studio,3,1,0.9,582539.0
3744,HP-2023-13743,2318.0,4,2,5.0,Downtown,Semi-Furnished,Studio,1,1,36.0,533775.0
3745,HP-2024-13744,1503.0,3,3,46.0,Urban,Furnished,Villa,2,0,19.0,402898.0
3746,HP-2018-13745,2073.0,4,3,17.0,Downtown,Furnished,Villa,0,1,6.4,618574.0
3747,HP-2019-13746,676.0,3,1,1.0,Suburban,Semi-Furnished,Studio,1,0,9.4,277770.0
3748,HP-2020-13747,2325.0,4,2,9.0,Rural,Semi-Furnished,Apartment,1,1,11.0,496577.0
3749,HP-2021-13748,3200.0,4,3,10.0,Urban,Semi-Furnished,Apartment,2,0,1.8,713572.0
3750,HP-2022-13749,1168.0,6,4,14.0,Urban,#Unfurnished,Apartment,1,1,21.8,538214.0
3751,HP-2023-13750,1790.0,3,2,8.0,Rural,Semi-Furnished,Independent House,0,0,6.0,430172.0
3752,HP-2024-13751,2430.0,3,1,8.0,Urban,Semi-Furnished,Studio,1,1,0.8,465076.0
3753,HP-2018-13752,3077.0,2,1,6.0,Suburban,Unfurnished,Independent House,1,0,4.0,555838.0
3754,HP-2019-13753,1886.0,2,1,4.0,Suburban, Unfurnished,Independent House,1,0,7.4,398638.0
3755,HP-2020-13754,1715.0,4,3,35.0,Suburban,Unfurnished,Villa,1,1,3.5,485096.0
3756,HP-2021-13755,822.0,5,4,5.0,Suburban,Unfurnished,Studio,2,0,9.6,433582.0
3757,HP-2022-13756,2272.0,3,1,1.0,Downtown,Furnished,Independent House,1,0,17.1,514797.0
3758,HP-2023-13757,3629.0,2,1,2.0,Urban,#Furnished,Studio,1,0,11.8,580181.0
3759,HP-2024-13758,2394.0,3,2,23.0,Downtown,Furnished,Apartment,3,0,8.2,520619.0
3760,HP-2018-13759,2184.0,3,2,11.0,Suburban,Unfurnished,Independent House,1,0,5.7,514568.0
3761,HP-2019-13760,2425.0,3,1,18.0,Suburban,Semi-Furnished,Apartment,3,0,2.3,479027.0
3762,HP-2020-13761,2192.0,2,2,20.0,Suburban,semi-furnished,Apartment,1,1,4.9,404769.0
3763,HP-2021-13762,1631.0,4,2,,Rural,Furnished,Apartment,1,1,,425658.0
3764,HP-2022-13763,2776.0,1,1,,Downtown,Unfurnished,Studio,1,0,21.7,429552.0
3765,HP-2023-13764,2358.0,3,1,,Urban,Unfurnished,Independent House,1,0,19.0,495748.0
3766,HP-2024-13765,2212.0,4,3,2.0,Downtown,Furnished ,Independent House,1,1,1.4,622386.0
3767,HP-2018-13766,1517.0,3,2,10.0,Suburban,Furnished,Apartment,1,0,13.8,387316.0
3768,HP-2019-13767,3112.0,4,3,5.0,Rural,Semi-Furnished,Studio,2,0,9.7,626561.0
3769,HP-2020-13768,2665.0,4,2,10.0,Urban,Furnished,Independent House,1,0,29.6,613155.0
3770,HP-2021-13769,1813.0,4,2,8.0,Suburban,Semi-Furnished,Apartment,0,0,5.0,437412.0
3771,HP-2022-13770,2901.0,3,2,11.0,Suburban,Unfurnished,Apartment,1,0,10.2,590056.0
3772,HP-2023-13771,1852.0,3,2,0.0,Downtown,Unfurnished,Studio,2,1,5.8,528947.0
3773,HP-2024-13772,1653.0,5,3,0.0,Urban,Furnished,Studio,1,0,0.6,543111.0
3774,HP-2018-13773,1668.0,4,1,15.0,Urban,Furnished,Independent House,0,1,0.5,482726.0
3775,HP-2019-13774,960.0,3,3,3.0,Downtown,Semi-Furnished,Independent House,2,1,1.0,438339.0
3776,HP-2020-13775,2530.0,2,1,13.0,Urban,Furnished,Studio,3,1,2.8,453039.0
3777,HP-2021-13776,918.0,2,1,9.0,Urban,Furnished,Villa,0,0,2.4,323473.0
3778,HP-2022-13777,1340.0,2,1,48.0,Downtown,Furnished,Studio,3,0,10.4,246165.0
3779,HP-2023-13778,747.0,4,1,22.0,Rural,Semi-Furnished,Independent House,1,0,10.1,251723.0
3780,HP-2024-13779,2140.0,2,1,6.0,Downtown,Semi-Furnished,Studio,3,0,28.4,408231.0
3781,HP-2018-13780,2095.0,3,2,11.0,Suburban,,Independent House,2,1,,486856.0
3782,HP-2019-13781,1971.0,4,3,1.0,Urban,Furnished,Independent House,2,0,22.3,566027.0
3783,HP-2020-13782,1470.0,3,2,6.0,Downtown,Unfurnished,Apartment,2,1,7.6,458339.0
3784,HP-2021-13783,1379.0,4,2,16.0,Urban,Furnished,Independent House,0,1,5.5,473789.0
3785,HP-2022-13784,2525.0,4,2,12.0,Suburban,Semi-Furnished,Villa,0,1,8.8,618703.0
3786,HP-2023-13785,1815.0,2,2,8.0,Urban,Semi-Furnished,Apartment,1,0,9.7,417905.0
3787,HP-2024-13786,2421.0,4,3,2.0,Downtown,furnished,Independent House,0,1,1.5,655501.0
3788,HP-2018-13787,1580.0,4,2,20.0,Suburban,Semi-Furnished,Apartment,1,1,11.1,453022.0
3789,HP-2019-13788,2327.0,3,2,4.0,Rural,Unfurnished,Studio,3,0,10.3,457027.0
3790,HP-2020-13789,3112.0,2,1,21.0,Urban,,Independent House,1,0,45.0,490694.0
3791,HP-2021-13790,2610.0,3,2,11.0,Downtown,Semi-Furnished,Apartment,1,0,19.4,536744.0
3792,HP-2022-13791,1911.0,5,3,6.0,Suburban,Furnished,Apartment,1,0,9.2,537896.0
3793,HP-2023-13792,2380.0,4,3,0.0,Suburban,Furnished,Villa,2,0,10.0,657714.0
3794,HP-2024-13793,2032.0,2,1,3.0,Suburban,Furnished,Independent House,1,0,23.3,422331.0
3795,HP-2018-13794,2206.0,4,2,26.0,Downtown,Semi-Furnished,Apartment,1,0,27.3,500689.0
3796,HP-2019-13795,1972.0,3,3,20.0,Suburban,Furnished,Apartment,2,1,14.0,474363.0
3797,HP-2020-13796,2085.0,4,3,10.0,Urban,Furnished ,Studio,2,0,11.7,502636.0
3798,HP-2021-13797,2348.0,4,2,8.0,Rural,,Studio,2,1,0.9,524763.0
3799,HP-2022-13798,1505.0,3,1,13.0,Urban,Furnished,Apartment,2,0,14.2,390343.0
3800,HP-2023-13799,1489.0,4,3,8.0,Rural,Furnished ,Apartment,1,1,2.3,479528.0
3801,HP-2024-13800,1228.0,4,3,12.0,Downtown,Semi-Furnished,Apartment,2,0,6.6,437394.0
3802,HP-2018-13801,1080.0,4,1,4.0,Downtown,unfurnished,Studio,1,1,4.2,369533.0
3803,HP-2019-13802,1348.0,2,1,22.0,Urban,Semi-Furnished,Apartment,0,0,3.4,334898.0
3804,HP-2020-13803,2312.0,5,3,15.0,Suburban,Semi-Furnished,Apartment,1,0,3.0,600386.0
3805,HP-2021-13804,1575.0,5,3,5.0,Suburban,Unfurnished,Apartment,1,1,15.5,546076.0
3806,HP-2022-13805,2560.0,2,1,21.0,Suburban,Semi-Furnished,Studio,1,1,11.7,440158.0
3807,HP-2023-13806,2224.0,3,2,,Urban,SEMI-FURNISHED,Independent House,1,0,5.9,502327.0
3808,HP-2024-13807,822.0,3,3,2.0,Suburban,Unfurnished,Independent House,1,1,8.7,391460.0
3809,HP-2018-13808,2658.0,4,2,1.0,Urban,Unfurnished,Villa,1,0,33.3,642141.0
3810,HP-2019-13809,2768.0,4,3,14.0,Urban, Furnished,Independent House,2,0,4.1,697300.0
3811,HP-2020-13810,1504.0,2,1,24.0,Urban,Unfurnished,Villa,1,1,6.4,405879.0
3812,HP-2021-13811,2494.0,5,3,20.0,Downtown,Semi-Furnished,Apartment,3,0,6.1,642758.0
3813,HP-2022-13812,1600.0,2,1,,Downtown,Semi-Furnished,Independent House,0,0,22.0,417747.0
3814,HP-2023-13813,2268.0,4,3,2.0,Rural,unfurnished,Villa,2,0,3.5,621133.0
3815,HP-2024-13814,1315.0,3,2,1.0,Suburban,Semi-Furnished,Independent House,2,0,34.3,393661.0
3816,HP-2018-13815,945.0,3,2,5.0,Downtown,Semi-Furnished,Apartment,3,0,2.9,322500.0
3817,HP-2019-13816,1932.0,2,1,23.0,Suburban,#Unfurnished,Apartment,1,0,0.9,359100.0
3818,HP-2020-13817,2113.0,2,1,39.0,Suburban, Furnished,Studio,1,1,1.7,291185.0
3819,HP-2021-13818,1922.0,4,3,3.0,Suburban,Semi-Furnished,Villa,1,0,4.4,577909.0
3820,HP-2022-13819,1371.0,3,1,17.0,Downtown,Unfurnished,Independent House,1,0,8.4,371118.0
3821,HP-2023-13820,1920.0,2,1,10.0,Urban,Unfurnished,Independent House,1,1,,428770.0
3822,HP-2024-13821,,2,1,0.0,Urban,#Unfurnished,Apartment,2,0,3.8,467378.0
3823,HP-2018-13822,2169.0,2,1,9.0,Urban,Semi-Furnished,Apartment,1,0,6.6,419395.0
3824,HP-2019-13823,2328.0,4,2,20.0,Urban,Semi-Furnished,Apartment,1,1,14.6,555927.0
3825,HP-2020-13824,1731.0,4,3,4.0,Suburban,Semi-Furnished,Apartment,1,1,14.6,481619.0
3826,HP-2021-13825,3020.0,2,2,27.0,Suburban,Semi-Furnished,Villa,0,0,10.4,546961.0
3827,HP-2022-13826,1377.0,3,1,3.0,Downtown,Unfurnished,Apartment,3,1,24.4,378432.0
3828,HP-2023-13827,2541.0,2,1,1.0,Urban,FURNISHED,Apartment,2,1,7.1,477567.0
3829,HP-2024-13828,3027.0,5,3,2.0,Downtown,Semi-Furnished,Apartment,1,1,0.5,798248.0
3830,HP-2018-13829,2537.0,5,2,22.0,Urban,Semi-Furnished,Apartment,1,0,2.8,571849.0
3831,HP-2019-13830,2058.0,4,2,6.0,Urban,Furnished,Apartment,3,0,9.955567973174803,520062.0
3832,HP-2020-13831,1830.0,5,4,19.0,Downtown,Semi-Furnished,Apartment,0,0,6.3,620527.0
3833,HP-2021-13832,2925.0,4,3,9.0,Downtown,Unfurnished,Apartment,2,1,18.8,684847.0
3834,HP-2022-13833,1204.0,5,2,8.0,Suburban,Unfurnished,Apartment,3,1,14.6,448820.0
3835,HP-2023-13834,1521.0,3,1,20.0,Urban,Semi-Furnished,Apartment,1,1,2.1,373049.0
3836,HP-2024-13835,1922.0,3,2,7.0,Rural,Unfurnished,Independent House,0,0,5.9,420261.0
3837,HP-2018-13836,3066.0,2,2,19.0,Rural,Un-furnished,Apartment,1,0,8.6,486043.0
3838,HP-2019-13837,2466.0,3,2,1.0,Suburban,Furnished,Apartment,3,0,35.1,498091.0
3839,HP-2020-13838,1522.0,4,3,12.0,Rural,Furnished,Apartment,0,1,0.5,463570.0
3840,HP-2021-13839,1983.0,2,2,15.0,Urban,Unfurnished,Villa,1,0,5.0,479378.0
3841,HP-2022-13840,1770.0,3,1,28.0,Suburban,Furnished,Apartment,2,1,35.5,333406.0
3842,HP-2023-13841,1703.0,3,2,3.0,Rural,Semi-Furnished,Studio,2,1,30.2,377407.0
3843,HP-2024-13842,2885.0,2,2,11.0,Suburban,Semi Furnished,Apartment,1,0,3.2,530400.0
3844,HP-2018-13843,1240.0,4,2,7.0,Suburban,Unfurnished,Apartment,1,0,0.5,353223.0
3845,HP-2019-13844,3326.0,5,2,6.0,Urban,Semi-Furnished,Apartment,1,0,7.1,727630.0
3846,HP-2020-13845,2780.0,4,2,1.0,Urban,Unfurnished,Apartment,1,1,16.1,638753.0
3847,HP-2021-13846,2964.0,4,2,2.0,Urban,,Independent House,1,0,3.1,657398.0
3848,HP-2022-13847,1876.0,4,3,22.0,Suburban,Unfurnished,Apartment,2,0,21.8,484362.0
3849,HP-2023-13848,2095.0,3,1,17.0,Urban,Unfurnished,Villa,1,1,3.2,505140.0
3850,HP-2024-13849,1197.0,2,1,6.0,Urban,#Furnished,Villa,0,0,7.5,371653.0
3851,HP-2018-13850,1833.0,5,3,21.0,Suburban,Unfurnished,Independent House,1,0,10.2,533895.0
3852,HP-2019-13851,2546.0,2,1,1.0,Downtown,Semi-Furnished,Independent House,1,1,3.4,550756.0
3853,HP-2020-13852,3107.0,2,1,12.0,Downtown,Semi-Furnished,Independent House,2,1,3.5,574700.0
3854,HP-2021-13853,1425.0,4,2,24.0,Downtown,Unfurnished,Apartment,2,0,5.1,431814.0
3855,HP-2022-13854,1944.0,2,2,22.0,Suburban,Furnished,Apartment,2,0,14.4,386835.0
3856,HP-2023-13855,2094.0,3,1,6.0,Suburban,Unfurnished,Apartment,2,1,0.9,448153.0
3857,HP-2024-13856,1223.0,1,1,16.0,Downtown,Unfurnished,Apartment,2,1,8.0,293143.0
3858,HP-2018-13857,2614.0,2,1,7.0,Urban,Unfurnished,Apartment,1,0,9.0,484684.0
3859,HP-2019-13858,1693.0,2,2,22.0,Suburban,Unfurnished,Independent House,1,1,6.5,386229.0
3860,HP-2020-13859,2063.0,2,1,9.0,Suburban,Furnished,Independent House,2,1,22.0,412307.0
3861,HP-2021-13860,1884.0,4,3,17.0,Suburban,Semi-Furnished,Apartment,0,0,7.4,424148.0
3862,HP-2022-13861,1647.0,5,3,1.0,Urban,Unfurnished,Apartment,1,0,8.1,532345.0
3863,HP-2023-13862,2195.0,3,1,11.0,Urban,Furnished ,Apartment,1,1,7.3,484795.0
3864,HP-2024-13863,2049.0,5,4,10.0,Suburban,Unfurnished,Apartment,1,0,10.2,588269.0
3865,HP-2018-13864,1940.0,2,2,11.0,Urban,Furnished,Apartment,1,1,1.2,435454.0
3866,HP-2019-13865,1690.0,3,2,14.0,Rural,Semi-Furnished,Apartment,2,1,18.0,380948.0
3867,HP-2020-13866,2424.0,2,1,30.0,Rural,Furnished,Apartment,1,1,0.5,363986.0
3868,HP-2021-13867,3358.0,4,3,18.0,Suburban,Furnished,Apartment,3,0,8.2,706222.0
3869,HP-2022-13868,2298.0,3,2,3.0,Rural,Semi-Furnished,Apartment,1,1,7.6,467390.0
3870,HP-2023-13869,2897.0,4,3,21.0,Downtown,Semi-Furnished,Apartment,1,0,1.9,649379.0
3871,HP-2024-13870,1227.0,4,3,2.0,Urban,Furnished,Apartment,0,0,0.5,451018.0
3872,HP-2018-13871,2310.0,3,2,12.0,Suburban,Furnished ,Apartment,1,0,1.2,471412.0
3873,HP-2019-13872,1432.0,4,2,26.0,Urban,Semi-Furnished,Apartment,2,1,2.5,453377.0
3874,HP-2020-13873,1166.0,5,3,1.0,Downtown,Unfurnished,Villa,1,0,17.1,588892.0
3875,HP-2021-13874,1682.0,3,2,23.0,Urban,Furnished,Independent House,1,1,15.5,416738.0
3876,HP-2022-13875,3034.0,3,2,19.0,Downtown,Semi-Furnished,Apartment,1,0,0.5,588905.0
3877,HP-2023-13876,2865.0,4,3,8.0,Suburban,Semi-Furnished,Apartment,0,1,2.7,634727.0
3878,HP-2024-13877,2370.0,4,2,4.0,Urban,Unfurnished,Apartment,1,0,17.6,570815.0
3879,HP-2018-13878,1127.0,2,2,6.0,Rural,FURNISHED,Apartment,1,0,2.2,288477.0
3880,HP-2019-13879,,3,1,42.0,Rural,Furnished,Apartment,1,1,44.1,337418.0
3881,HP-2020-13880,2411.0,3,2,3.0,Rural, Furnished,Apartment,2,0,2.4,525546.0
3882,HP-2021-13881,2323.0,3,1,10.0,Downtown,Unfurnished,Apartment,2,0,10.7,477060.0
3883,HP-2022-13882,909.0,2,1,1.0,Downtown,Unfurnished,Studio,1,1,4.3,285549.0
3884,HP-2023-13883,1577.0,5,3,3.0,Suburban,Unfurnished,Studio,1,1,1.2,516454.0
3885,HP-2024-13884,2155.0,4,2,17.0,Urban,Unfurnished,Independent House,2,0,2.4,558132.0
3886,HP-2018-13885,2575.0,3,2,4.0,Urban,Furnished,Villa,2,1,,646135.0
3887,HP-2019-13886,663.0,4,2,51.0,Urban,Furnished,Apartment,1,1,3.3,268689.0
3888,HP-2020-13887,2087.0,5,4,8.0,Suburban,Unfurnished,Independent House,1,0,7.4,621709.0
3889,HP-2021-13888,2300.0,2,1,9.0,Suburban,Semi-Furnished,Apartment,1,0,1.8,394260.0
3890,HP-2022-13889,,3,2,0.0,Urban,semi-furnished,Studio,1,0,4.8,593605.0
3891,HP-2023-13890,2685.0,3,2,38.0,Urban,Semi-Furnished,Independent House,0,0,5.7,519764.0
3892,HP-2024-13891,2608.0,4,3,2.0,Downtown,Furnished,Apartment,1,0,4.3,623949.0
3893,HP-2018-13892,1640.0,1,1,9.0,Urban,Unfurnished,Villa,2,0,1.8,395274.0
3894,HP-2019-13893,864.0,6,3,6.0,Urban,SEMI-FURNISHED,Apartment,1,0,5.0,447241.0
3895,HP-2020-13894,1925.0,3,1,6.0,Suburban,Semi-Furnished,Apartment,1,0,9.4,377092.0
3896,HP-2021-13895,2901.0,3,1,12.0,Urban,Semi-Furnished,Studio,2,0,26.8,504722.0
3897,HP-2022-13896,3175.0,3,2,13.0,Rural,Unfurnished,Apartment,2,0,12.5,564257.0
3898,HP-2023-13897,2697.0,2,2,2.0,Downtown,Semi-Furnished,Independent House,1,1,1.4,597365.0
3899,HP-2024-13898,2501.0,4,2,8.0,Suburban, Furnished,Apartment,1,1,2.5,536805.0
3900,HP-2018-13899,2466.0,6,4,19.0,Urban,Furnished,Apartment,0,0,0.7,696619.0
3901,HP-2019-13900,1811.0,3,1,7.0,Suburban,Furnished,Villa,1,0,5.810012671016629,478761.0
3902,HP-2020-13901,2109.0,6,4,2.0,Downtown,,Studio,1,1,2.3,678826.0
3903,HP-2021-13902,3368.0,5,3,5.0,Rural,Semi-Furnished,Apartment,1,1,,739409.0
3904,HP-2022-13903,1540.0,3,1,3.0,Suburban,Unfurnished,Apartment,1,0,1.9,352662.0
3905,HP-2023-13904,3330.0,4,2,2.0,Downtown,Unfurnished,Independent House,2,0,2.1,756177.0
3906,HP-2024-13905,1975.0,3,2,6.0,Urban,Semi-Furnished,Independent House,1,0,2.9,476982.0
3907,HP-2018-13906,3128.0,3,1,9.0,Suburban,Unfurnished,Independent House,1,1,1.1,586836.0
3908,HP-2019-13907,1215.0,2,2,1.0,Urban,#Unfurnished,Villa,0,1,2.6,399090.0
3909,HP-2020-13908,2610.0,4,3,11.0,Urban, Unfurnished,Villa,2,1,9.3,697197.0
3910,HP-2021-13909,1684.0,2,2,60.0,Suburban,Furnished,Apartment,2,0,2.2,283649.0
3911,HP-2022-13910,1209.0,4,2,40.0,Urban,Furnished,Apartment,2,1,1.5,363907.0
3912,HP-2023-13911,2353.0,5,2,21.0,Downtown,Semi-Furnished,Apartment,3,0,0.6,622580.0
3913,HP-2024-13912,2907.0,2,2,4.0,Rural,Unfurnished,Independent House,0,1,5.5,552907.0
3914,HP-2018-13913,1609.0,3,2,0.0,Suburban,Semi-Furnished,Studio,1,0,14.8,360804.0
3915,HP-2019-13914,1151.0,3,2,22.0,Urban,Unfurnished,Independent House,1,0,0.5,314415.0
3916,HP-2020-13915,2136.0,4,3,,Urban,UNFURNISHED,Independent House,1,0,6.3,606599.0
3917,HP-2021-13916,2139.0,3,2,3.0,Suburban,Semi_Furnished,Villa,0,1,8.4,533492.0
3918,HP-2022-13917,2584.0,4,4,9.0,Suburban,Furnished,Apartment,1,1,7.2,620261.0
3919,HP-2023-13918,2865.0,3,2,2.0,Suburban,Furnished,Apartment,1,0,16.8,588987.0
3920,HP-2024-13919,2158.0,2,1,22.0,Suburban,Unfurnished,Apartment,1,0,16.1,387518.0
3921,HP-2018-13920,3499.0,1,1,18.0,Downtown,Unfurnished,Studio,3,0,0.5,567944.0
3922,HP-2019-13921,2357.0,2,1,17.0,Urban,semi-furnished,Studio,1,0,3.6,405641.0
3923,HP-2020-13922,1958.0,4,3,20.0,Downtown,Furnished,Independent House,0,0,8.9,492572.0
3924,HP-2021-13923,1072.0,6,3,3.0,Rural,Furnished,Apartment,0,0,24.4,471155.0
3925,HP-2022-13924,2016.0,3,2,16.0,Urban,Furnished,Independent House,2,0,13.1,465920.0
3926,HP-2023-13925,1965.0,3,3,5.0,Suburban,Semi-Furnished,Apartment,2,1,1.6,495945.0
3927,HP-2024-13926,2872.0,2,1,13.0,Suburban,Semi-Furnished,Independent House,0,1,2.6,532806.0
3928,HP-2018-13927,2524.0,3,2,2.0,Downtown,Unfurnished,Apartment,1,0,11.5,593743.0
3929,HP-2019-13928,1374.0,2,1,15.0,Suburban,Unfurnished,Apartment,2,0,5.1,314769.0
3930,HP-2020-13929,2321.0,4,3,43.0,Downtown,SEMI-FURNISHED,Apartment,1,0,6.3,538768.0
3931,HP-2021-13930,2670.0,5,3,1.0,Suburban,Unfurnished,Independent House,3,0,7.5,719851.0
3932,HP-2022-13931,3270.0,2,1,1.0,Suburban,Unfurnished,Independent House,1,1,0.9,579587.0
3933,HP-2023-13932,2821.0,4,2,2.0,Downtown, Unfurnished,Apartment,1,1,15.5,619973.0
3934,HP-2024-13933,2733.0,1,1,7.0,Rural,#Semi-Furnished,Villa,2,0,15.9,487820.0
3935,HP-2018-13934,2242.0,3,2,4.0,Downtown,Semi-Furnished,Villa,1,1,5.1,603477.0
3936,HP-2019-13935,2472.0,2,1,20.0,Rural,Furnished,Villa,1,1,7.9,441180.0
3937,HP-2020-13936,3075.0,3,3,8.0,Urban,Unfurnished,Independent House,1,0,8.6,661746.0
3938,HP-2021-13937,1267.0,2,1,8.0,Urban,Unfurnished,Apartment,2,1,1.7,331885.0
3939,HP-2022-13938,1955.0,3,2,15.0,Suburban,Furnished,Studio,1,0,1.0,428572.0
3940,HP-2023-13939,1659.0,3,2,5.0,Urban,Furnished,Apartment,1,0,0.5,440527.0
3941,HP-2024-13940,2465.0,3,1,5.0,Downtown,Semi-Furnished,Apartment,0,1,19.5,505363.0
3942,HP-2018-13941,3061.0,4,2,17.0,Urban,semi-furnished,Independent House,2,1,3.4,667000.0
3943,HP-2019-13942,1782.0,5,4,18.0,Suburban,Furnished,Apartment,1,0,0.7,554738.0
3944,HP-2020-13943,527.0,3,2,0.0,Downtown,Unfurnished,Studio,1,0,5.0,301449.0
3945,HP-2021-13944,1911.0,2,2,2.0,Suburban,Furnished,Independent House,1,1,0.6,469584.0
3946,HP-2022-13945,2839.0,3,2,3.0,Urban,Semi-Furnished,Apartment,2,0,0.7,622486.0
3947,HP-2023-13946,2576.0,5,2,5.0,Rural,UNFURNISHED,Studio,2,1,5.4,596650.0
3948,HP-2024-13947,2500.0,4,3,4.0,Downtown,Unfurnished,Independent House,1,0,5.7,639685.0
3949,HP-2018-13948,2004.0,3,2,13.0,Suburban,Semi-Furnished,Independent House,2,0,6.9,494467.0
3950,HP-2019-13949,1305.0,2,1,21.0,Downtown,UNFURNISHED,Apartment,1,0,8.5,294694.0
3951,HP-2020-13950,2561.0,3,1,3.0,Suburban,#Unfurnished,Villa,0,1,,537521.0
3952,HP-2021-13951,1616.0,3,1,10.0,Suburban,Furnished,Apartment,2,0,,381257.0
3953,HP-2022-13952,3729.0,5,3,6.0,Urban,Furnished,Apartment,1,0,8.3,830914.0
3954,HP-2023-13953,2599.0,5,3,8.0,Downtown,Semi-Furnished,Independent House,2,0,2.9,724754.0
3955,HP-2024-13954,1794.0,2,2,12.0,Suburban,Unfurnished,Studio,3,0,4.7,393023.0
3956,HP-2018-13955,1772.0,3,3,27.0,Downtown,unfurnished,Apartment,1,0,4.0,444439.0
3957,HP-2019-13956,,2,2,3.0,Urban,Furnished,Apartment,0,0,3.2,429174.0
3958,HP-2020-13957,,3,2,1.0,Downtown,Semi-Furnished,Villa,2,0,,586761.0
3959,HP-2021-13958,2982.0,5,2,12.0,Urban,Unfurnished,Villa,1,0,0.7,726080.0
3960,HP-2022-13959,2330.0,3,2,6.0,Suburban,Furnished,Apartment,1,1,5.6,529754.0
3961,HP-2023-13960,1688.0,3,2,2.0,Downtown, Unfurnished,Villa,1,0,6.2,516334.0
3962,HP-2024-13961,3523.0,2,1,1.0,Downtown,Semi-Furnished,Apartment,1,0,3.3,644157.0
3963,HP-2018-13962,2235.0,4,3,10.0,Downtown,Furnished,Apartment,2,0,29.8,582093.0
3964,HP-2019-13963,2738.0,4,3,4.0,Suburban,Semi-Furnished,Apartment,1,0,6.5,606689.0
3965,HP-2020-13964,1774.0,3,2,60.0,Suburban,Unfurnished,Apartment,2,1,17.6,299933.0
3966,HP-2021-13965,2454.0,2,2,6.0,Urban,Unfurnished,Apartment,2,1,6.8,520175.0
3967,HP-2022-13966,2418.0,3,1,3.0,Urban, Unfurnished,Apartment,1,0,1.7,508583.0
3968,HP-2023-13967,877.0,6,4,12.0,Downtown,Unfurnished,Apartment,1,1,29.4,495627.0
3969,HP-2024-13968,3611.0,3,1,3.0,Rural,Furnished,Villa,2,1,17.3,701834.0
3970,HP-2018-13969,3103.0,3,1,8.0,Suburban,Unfurnished,Independent House,2,1,5.1,636431.0
3971,HP-2019-13970,1922.0,3,2,8.0,Downtown,Furnished,Independent House,1,1,2.2,508748.0
3972,HP-2020-13971,1428.0,4,3,7.0,Downtown,Unfurnished,Apartment,1,0,2.0,453436.0
3973,HP-2021-13972,2443.0,3,2,19.0,Rural,Semi-Furnished,Apartment,1,1,13.1,492071.0
3974,HP-2022-13973,2261.0,2,1,3.0,Downtown, Furnished,Studio,1,1,0.6,474894.0
3975,HP-2023-13974,2449.0,4,3,28.0,Suburban,Semi-Furnished,Independent House,1,0,8.1,557470.0
3976,HP-2024-13975,2334.0,4,2,19.0,Urban,#Semi-Furnished,Villa,2,0,8.2,608772.0
3977,HP-2018-13976,2554.0,4,2,5.0,Suburban,Unfurnished,Apartment,0,1,1.6,582549.0
3978,HP-2019-13977,3213.0,5,2,2.0,Urban,Semi-Furnished,Apartment,3,0,9.8,726298.0
3979,HP-2020-13978,2598.0,3,2,4.0,Rural,Unfurnished,Apartment,2,1,9.8,543170.0
3980,HP-2021-13979,1465.0,2,1,5.0,Suburban,Semi-Furnished,Independent House,1,0,3.4,331353.0
3981,HP-2022-13980,3154.0,6,4,10.0,Suburban,Unfurnished,Villa,0,0,5.3,815426.0
3982,HP-2023-13981,3348.0,3,2,1.0,Rural,Unfurnished,Villa,2,1,14.3,698875.0
3983,HP-2024-13982,4406.0,4,2,29.0,Downtown,Furnished,Villa,2,1,5.9,888096.0
3984,HP-2018-13983,1414.0,4,3,1.0,Downtown,Semi-Furnished,Studio,3,0,7.7,442246.0
3985,HP-2019-13984,2370.0,3,2,4.0,Urban,Unfurnished,Apartment,1,1,4.3,513769.0
3986,HP-2020-13985,743.0,2,2,1.0,Urban,Unfurnished,Studio,0,0,1.3,234520.0
3987,HP-2021-13986,2587.0,4,2,4.0,Urban,Semi-Furnished,Independent House,3,0,45.0,609059.0
3988,HP-2022-13987,1816.0,4,4,22.0,Downtown,Furnished,Apartment,1,0,23.26430242589007,512583.0
3989,HP-2023-13988,3546.0,3,2,11.0,Suburban,Furnished,Independent House,2,0,3.3,676457.0
3990,HP-2024-13989,1658.0,3,2,3.0,Urban,Furnished,Independent House,0,0,10.0,481018.0
3991,HP-2018-13990,1018.0,2,1,25.0,Downtown,Furnished,Apartment,2,1,7.8,273522.0
3992,HP-2019-13991,1870.0,2,1,19.0,Urban,Semi-Furnished,Apartment,0,1,2.1,365334.0
3993,HP-2020-13992,817.0,3,1,17.0,Suburban,Furnished,Independent House,2,0,16.8,271392.0
3994,HP-2021-13993,2726.0,3,1,23.0,Downtown,Furnished,Apartment,1,1,0.6,556117.0
3995,HP-2022-13994,754.0,6,4,12.0,Suburban,Un-furnished,Apartment,3,1,7.4,497511.0
3996,HP-2023-13995,2220.0,4,2,8.0,Rural,Furnished ,Villa,0,0,5.2,547562.0
3997,HP-2024-13996,746.0,4,3,6.0,Suburban,Semi-Furnished,Independent House,1,0,3.1,396129.0
3998,HP-2018-13997,1976.0,3,3,3.0,Urban,FURNISHED,Apartment,0,1,14.0,524744.0
3999,HP-2019-13998,3350.0,2,1,10.0,Urban,Semi-Furnished,Apartment,2,1,8.5,589087.0
4000,HP-2020-13999,2452.0,6,5,26.0,Suburban,Furnished,Studio,1,1,11.4,685735.0
4001,HP-2021-14000,1596.0,3,1,11.0,Rural,Furnished,Apartment,1,0,4.3,361007.0
4002,HP-2022-14001,2178.0,2,1,30.0,Rural,Unfurnished,Apartment,0,1,22.8,320221.0
4003,HP-2023-14002,2213.0,3,1,5.0,Rural,Semi-Furnished,Villa,1,1,3.4,448993.0
4004,HP-2024-14003,2531.0,5,4,14.0,Suburban,Semi-Furnished,Apartment,1,1,6.1,675399.0
4005,HP-2018-14004,1243.0,5,2,13.0,Suburban, Furnished,Independent House,1,0,21.7,446509.0
4006,HP-2019-14005,2615.0,1,1,13.0,Suburban,Semi-Furnished,Apartment,2,0,0.7,402720.0
4007,HP-2020-14006,500.0,5,3,12.0,Suburban,Semi-Furnished,Independent House,0,0,0.9,381749.0
4008,HP-2021-14007,1759.0,3,3,3.0,Urban,Semi-Furnished,Villa,2,0,41.2,531833.0
4009,HP-2022-14008,1858.0,1,1,2.0,Urban,Semi-Furnished,Studio,2,0,28.4,315551.0
4010,HP-2023-14009,2643.0,5,2,46.0,Suburban,Furnished,Villa,3,1,11.8,657714.0
4011,HP-2024-14010,2216.0,5,2,1.0,Urban,Semi-Furnished,Apartment,2,0,5.3,601344.0
4012,HP-2018-14011,,4,3,8.0,Rural,#Unfurnished,Apartment,1,0,5.6,397874.0
4013,HP-2019-14012,1511.0,4,2,7.0,Downtown,,Apartment,2,0,2.4,487410.0
4014,HP-2020-14013,2339.0,4,2,5.0,Suburban,,Villa,0,0,4.5,597646.0
4015,HP-2021-14014,2145.0,4,3,18.0,Urban,Semi-Furnished,Independent House,0,0,4.5,569298.0
4016,HP-2022-14015,,5,4,16.0,Suburban,Furnished,Studio,2,0,0.5,541955.0
4017,HP-2023-14016,1863.0,3,3,28.0,Suburban,Unfurnished,Apartment,2,1,4.8,438174.0
4018,HP-2024-14017,2687.0,6,3,6.0,Suburban,#Furnished,Apartment,0,1,5.2,695212.0
4019,HP-2018-14018,1838.0,6,3,10.0,Downtown,Semi-Furnished,Apartment,0,0,8.8,615379.0
4020,HP-2019-14019,2138.0,2,1,27.0,Rural,#Semi-Furnished,Villa,1,1,5.8,424811.0
4021,HP-2020-14020,3719.0,5,3,60.0,Downtown,Furnished,Independent House,1,0,,702935.0
4022,HP-2021-14021,1203.0,3,2,99.62997795807182,Suburban,Semi-Furnished,Apartment,2,1,3.7,272354.5239507924
4023,HP-2022-14022,,3,3,15.0,Urban,Semi-Furnished,Villa,1,1,4.2,388110.0
4024,HP-2023-14023,2749.0,4,1,2.0,Suburban,Unfurnished,Apartment,0,0,6.8,546681.0
4025,HP-2024-14024,1725.0,2,2,0.0,Rural,Semi-Furnished,Apartment,1,0,,357771.0
4026,HP-2018-14025,,3,1,21.0,Downtown,Semi-Furnished,Apartment,2,0,4.0,437276.0
4027,HP-2019-14026,1653.0,5,4,22.0,Urban,Unfurnished,Studio,2,0,9.3,529267.0
4028,HP-2020-14027,2018.0,2,1,16.0,Downtown,Semi-Furnished,Studio,2,1,4.2,440107.0
4029,HP-2021-14028,3319.0,3,1,4.0,Urban,Unfurnished,Apartment,1,0,19.0,604882.0
4030,HP-2022-14029,2761.0,5,3,12.0,Suburban,Semi-Furnished,Apartment,2,0,7.6,671983.0
4031,HP-2023-14030,2804.0,3,1,5.0,Downtown,Semi-Furnished,Independent House,1,0,1.3,569756.0
4032,HP-2024-14031,2758.123969665633,3,2,,Suburban,Semi-Furnished,Independent House,2,0,5.3,869104.0036026608
4033,HP-2018-14032,1394.0,3,1,6.0,Suburban,Semi-Furnished,Apartment,1,0,11.6,314480.0
4034,HP-2019-14033,500.0,3,2,29.0,Urban,Furnished,Independent House,1,0,8.2,269194.0
4035,HP-2020-14034,1633.0,4,3,3.0,Urban,Furnished,Villa,1,1,17.3,564258.0
4036,HP-2021-14035,2870.0,4,3,10.0,Downtown,#Semi-Furnished,Studio,1,0,11.1,635962.0
4037,HP-2022-14036,2562.0,3,2,5.0,Downtown,Unfurnished,Villa,0,1,0.5,650826.0
4038,HP-2023-14037,2045.0,4,3,13.0,Downtown,Furnished,Apartment,3,1,1.0,584703.0
4039,HP-2024-14038,2184.0,3,3,10.0,Urban,Semi-Furnished,Villa,1,0,8.4,597371.0
4040,HP-2018-14039,1718.0,3,1,31.0,Downtown,Unfurnished,Apartment,1,0,2.2,400332.0
4041,HP-2019-14040,2343.0,4,2,1.0,Urban,Furnished,Independent House,1,0,7.1,579958.0
4042,HP-2020-14041,2736.0,4,3,3.0,Urban,Unfurnished,Independent House,0,1,12.6,692983.0
4043,HP-2021-14042,1069.0,3,1,17.0,Suburban,Unfurnished,Villa,2,0,6.9,346188.0
4044,HP-2022-14043,2410.0,2,3,6.0,Suburban,Semi-Furnished,Apartment,1,0,4.3,487537.0
4045,HP-2023-14044,2853.0,2,2,2.0,Urban,Furnished,Studio,2,1,8.3,550927.0
4046,HP-2024-14045,1909.0,3,3,8.0,Urban,Furnished,Independent House,0,1,1.2,496123.0
4047,HP-2018-14046,2690.0,3,2,13.0,Suburban,Furnished,Apartment,3,1,10.3,544348.0
4048,HP-2019-14047,4170.0,4,3,1.0,Urban,Unfurnished,Apartment,1,0,9.6,836180.0
4049,HP-2020-14048,2127.0,1,1,4.0,Urban,Unfurnished,Apartment,3,0,5.8,381792.0
4050,HP-2021-14049,2475.0,4,3,20.0,Suburban,Unfurnished,Villa,0,1,2.6,649816.0
4051,HP-2022-14050,1683.0,3,1,9.0,Urban,Semi-Furnished,Apartment,2,0,12.8,382905.0
4052,HP-2023-14051,2327.0,3,1,0.0,Suburban,Unfurnished,Apartment,1,0,5.7,473567.0
4053,HP-2024-14052,,3,1,4.0,Rural,Unfurnished,Apartment,1,1,0.5,489045.0
4054,HP-2018-14053,2336.0,2,1,12.0,Urban,Semi-Furnished,Independent House,0,1,20.1,422487.0
4055,HP-2019-14054,1486.0,5,4,3.0,Rural,Furnished,Independent House,2,1,11.7,573313.0
4056,HP-2020-14055,2344.0,2,2,21.0,Urban,Furnished,Apartment,0,0,7.0,439329.0
4057,HP-2021-14056,3224.0,3,1,14.0,Urban,Semi-Furnished,Studio,1,1,4.6,540991.0
4058,HP-2022-14057,2514.0,5,4,8.0,Downtown,Semi-Furnished,Studio,2,0,25.7,623834.0
4059,HP-2023-14058,2873.0,4,3,30.0,Downtown,Semi-Furnished,Apartment,2,0,11.9,625617.0
4060,HP-2024-14059,2034.0,3,1,6.0,Suburban,Unfurnished,Independent House,3,1,6.1,505281.0
4061,HP-2018-14060,2725.0,3,2,3.0,Urban,UNFURNISHED,Independent House,1,1,8.5,658130.0
4062,HP-2019-14061,2395.0,4,2,13.0,Downtown,Semi-Furnished,Villa,1,0,2.6,597834.0
4063,HP-2020-14062,1534.0,6,4,10.0,Rural,Semi-Furnished,Apartment,1,0,1.7,587151.0
4064,HP-2021-14063,6111.079479331571,5,2,5.0,Rural,Semi-Furnished,Independent House,2,0,2.6,1383628.2169487283
4065,HP-2022-14064,,3,2,5.0,Suburban,Furnished,Apartment,3,0,2.8,395760.0
4066,HP-2023-14065,1757.0,6,3,6.0,Downtown,Semi-Furnished,Villa,3,1,10.8,733787.0
4067,HP-2024-14066,,1,1,4.0,Downtown,Furnished,Independent House,3,0,1.2,476408.0
4068,HP-2018-14067,2408.0,1,1,15.0,Downtown,Semi-Furnished,Villa,2,1,12.0,481146.0
4069,HP-2019-14068,1368.0,5,3,13.0,Rural,Furnished,Apartment,3,0,5.9,437082.0
4070,HP-2020-14069,,2,1,7.0,Downtown,Semi-Furnished,Studio,1,0,3.9,516668.0
4071,HP-2021-14070,2600.0,2,2,,Downtown,Furnished,Villa,3,0,2.9,602335.0
4072,HP-2022-14071,1707.0,2,1,5.0,Suburban,Furnished,Villa,2,0,5.8,447988.0
4073,HP-2023-14072,1124.0,3,1,4.0,Suburban,Unfurnished,Apartment,1,0,3.1,293105.0
4074,HP-2024-14073,2099.0,4,3,1.0,Rural,Semi-Furnished,Apartment,0,0,4.5,505070.0
4075,HP-2018-14074,1888.0,4,2,4.0,Urban,Semi-Furnished,Studio,1,0,10.7,464418.0
4076,HP-2019-14075,2279.0,2,1,5.0,Urban,Semi-Furnished,Studio,2,1,7.9,479972.0
4077,HP-2020-14076,1946.0,3,3,10.0,Urban,Unfurnished,Apartment,2,0,11.0,467371.0
4078,HP-2021-14077,795.0,5,3,18.0,Rural,Unfurnished,Apartment,1,0,10.0,389496.0
4079,HP-2022-14078,1928.0,4,2,6.0,Downtown, Unfurnished,Apartment,2,0,13.5,492650.0
4080,HP-2023-14079,1986.0,3,2,35.0,Urban,Furnished,Apartment,0,0,1.8,416330.0
4081,HP-2024-14080,2644.0,6,5,21.0,Urban,Unfurnished,Apartment,2,1,42.6,737348.0
4082,HP-2018-14081,1711.0,4,1,50.0,Downtown,Unfurnished,Apartment,2,1,5.2,391155.0
4083,HP-2019-14082,3375.0,2,1,25.0,Suburban,Furnished,Independent House,3,0,10.1,575581.0
4084,HP-2020-14083,862.0,1,2,12.0,Urban,Semi-Furnished,Apartment,1,0,9.1,206862.0
4085,HP-2021-14084,3118.0,2,1,11.0,Rural,Semi_Furnished,Studio,3,0,6.7,460437.0
4086,HP-2022-14085,2043.0,4,2,2.0,Suburban,Unfurnished,Independent House,1,0,43.8,494961.0
4087,HP-2023-14086,2802.0,2,1,15.0,Downtown,Furnished,Apartment,1,0,,487948.0
4088,HP-2024-14087,2256.0,3,2,11.0,Rural,Semi-Furnished,Studio,1,0,4.4,442186.0
4089,HP-2018-14088,2998.0,2,2,8.0,Urban,Unfurnished,Independent House,2,1,1.1,603200.0
4090,HP-2019-14089,1929.0,5,3,14.0,Suburban,Furnished,Apartment,3,0,1.6,590282.0
4091,HP-2020-14090,1431.0,3,2,7.0,Suburban,Furnished,Independent House,1,1,10.0,409685.0
4092,HP-2021-14091,3194.0,5,2,9.0,Rural,Unfurnished,Apartment,3,0,0.5,691533.0
4093,HP-2022-14092,2121.0,5,2,6.0,Urban,Unfurnished,Villa,1,1,17.6,610171.0
4094,HP-2023-14093,2355.0,1,1,15.0,Downtown,Semi-Furnished,Independent House,1,0,8.0,421271.0
4095,HP-2024-14094,3064.0,3,3,25.0,Suburban,Semi Furnished,Apartment,1,0,,570681.0
4096,HP-2018-14095,1478.0,1,1,22.0,Downtown,Unfurnished,Independent House,1,0,,327986.0
4097,HP-2019-14096,2617.0,5,3,19.0,Downtown,Unfurnished,Independent House,3,0,1.1,696384.0
4098,HP-2020-14097,1787.0,3,2,0.0,Urban,Unfurnished,Apartment,2,0,20.4,433243.0
4099,HP-2021-14098,2107.0,2,2,88.9289528982008,Urban,Semi-Furnished,Apartment,1,0,10.0,354300.50113100425
4100,HP-2022-14099,2251.0,2,1,4.0,Urban,#Semi-Furnished,Studio,2,0,3.3,406613.0
4101,HP-2023-14100,1150.0,3,2,26.0,Suburban,Furnished,Independent House,1,0,0.6,363534.0
4102,HP-2024-14101,1655.0,5,3,3.0,Rural,Furnished,Independent House,0,0,3.2,568109.0
4103,HP-2018-14102,3146.0,4,4,7.0,Urban,Unfurnished,Independent House,1,0,1.6,737786.0
4104,HP-2019-14103,2820.0,5,3,17.0,Suburban,Furnished,Apartment,2,1,12.3,685151.0
4105,HP-2020-14104,2156.0,3,1,12.0,Rural,Furnished,Independent House,3,0,10.2,436290.0
4106,HP-2021-14105,2370.0,1,1,6.0,Rural,Semi-Furnished,Villa,0,1,5.5,424932.0
4107,HP-2022-14106,,6,4,14.0,Downtown,Furnished,Independent House,1,0,17.4,693783.0
4108,HP-2023-14107,3150.0,1,1,10.0,Downtown,Furnished,Independent House,0,1,1.6,556577.0
4109,HP-2024-14108,2060.0,5,3,4.0,Urban,Semi Furnished,Independent House,0,0,4.8,620274.0
4110,HP-2018-14109,2362.0,3,1,12.0,Urban,Semi-Furnished,Villa,2,0,9.9,555319.0
4111,HP-2019-14110,3002.0,1,2,3.0,Urban,FURNISHED,Villa,1,0,0.6,602965.0
4112,HP-2020-14111,1656.0,4,3,14.0,Suburban,Semi-Furnished,Villa,2,1,,550670.0
4113,HP-2021-14112,3291.0,6,4,0.0,Suburban,Semi-Furnished,Apartment,1,1,6.8,821290.0
4114,HP-2022-14113,1129.0,6,3,10.0,Suburban, Furnished,Independent House,1,1,,534457.0
4115,HP-2023-14114,3341.0,2,1,6.0,Urban,Unfurnished,Villa,1,1,5.2,624692.0
4116,HP-2024-14115,1939.0,2,1,4.0,Urban,Furnished,Independent House,0,1,7.5,438269.0
4117,HP-2018-14116,2030.0,3,2,9.0,Urban,Semi-Furnished,Villa,2,0,3.7,531982.0
4118,HP-2019-14117,877.0,4,3,12.0,Rural,Semi-Furnished,Studio,0,1,0.9,320700.0
4119,HP-2020-14118,1882.0,4,3,40.0,Rural,Furnished,Apartment,0,0,1.2,449717.0
4120,HP-2021-14119,1472.0,2,1,21.0,Urban,Furnished,Apartment,2,1,6.0,319909.0
4121,HP-2022-14120,1775.0,6,5,15.0,Urban,Unfurnished,Independent House,3,0,1.5,679936.0
4122,HP-2023-14121,2104.0,4,3,8.0,Rural,Semi-Furnished,Apartment,2,0,17.6,533853.0
4123,HP-2024-14122,2870.0,5,3,6.0,Urban,Semi-Furnished,Studio,1,0,14.4,690975.0
4124,HP-2018-14123,2345.0,3,2,0.0,Rural,Unfurnished,Apartment,1,0,3.4,455824.0
4125,HP-2019-14124,2415.0,3,1,5.0,Suburban,Furnished,Apartment,2,1,14.2,509103.0
4126,HP-2020-14125,1433.0,6,4,23.0,Suburban,UNFURNISHED,Studio,2,0,6.1,526240.0
4127,HP-2021-14126,1583.0,4,2,6.0,Downtown,Semi-Furnished,Apartment,1,1,1.4,511215.0
4128,HP-2022-14127,3459.0,5,3,7.0,Urban,Semi-Furnished,Apartment,1,0,7.6,768007.0
4129,HP-2023-14128,1685.0,6,4,4.0,Urban,Unfurnished,Apartment,0,1,9.1,630486.0
4130,HP-2024-14129,3359.0,4,3,4.0,Downtown,#Semi-Furnished,Villa,1,1,0.7,815364.0
4131,HP-2018-14130,2030.0,3,2,1.0,Rural,Furnished,Apartment,1,0,3.0,465261.0
4132,HP-2019-14131,2202.0,1,1,11.0,Downtown,Unfurnished,Apartment,0,1,0.5,387925.0
4133,HP-2020-14132,2949.0,1,1,7.0,Downtown,,Studio,1,0,3.0,493542.0
4134,HP-2021-14133,3090.0,2,1,11.0,Rural,Semi-Furnished,Apartment,1,0,3.3,496146.0
4135,HP-2022-14134,2122.0,2,1,9.0,Urban,Semi-Furnished,Villa,1,0,8.0,475081.0
4136,HP-2023-14135,1928.0,3,2,,Suburban,,Apartment,0,1,,409653.0
4137,HP-2024-14136,2161.0,3,1,17.0,Urban,Semi-Furnished,Apartment,1,0,0.5,448490.0
4138,HP-2018-14137,2437.0,3,1,18.0,Urban,Unfurnished,Villa,3,0,3.0,558308.0
4139,HP-2019-14138,2824.0,3,2,8.0,Downtown,Semi-Furnished,Apartment,0,0,14.0,608498.0
4140,HP-2020-14139,2203.0,2,1,5.0,Urban,Unfurnished,Apartment,2,0,4.1,443259.0
4141,HP-2021-14140,2633.0,1,1,33.0,Urban,Unfurnished,Villa,2,1,4.3,458434.0
4142,HP-2022-14141,3347.0,4,2,1.0,Suburban,#Furnished,Independent House,1,0,5.1,695389.0
4143,HP-2023-14142,2467.0,3,1,2.0,Urban,Semi-Furnished,Independent House,0,0,11.1,533820.0
4144,HP-2024-14143,2418.0,3,2,7.0,Urban,Semi-Furnished,Apartment,0,0,5.2,502341.0
4145,HP-2018-14144,1137.0,4,2,11.0,Urban,Semi-Furnished,Villa,2,0,0.8,450940.0
4146,HP-2019-14145,500.0,5,3,0.0,Rural,Furnished,Apartment,1,1,1.8,366915.0
4147,HP-2020-14146,2472.0,3,2,15.0,Downtown,Semi-Furnished,Villa,1,0,1.7,598226.0
4148,HP-2021-14147,2134.0,4,2,10.0,Rural,#Furnished,Independent House,2,1,5.7,541237.0
4149,HP-2022-14148,1840.0,6,3,8.0,Rural,Unfurnished,Villa,2,0,0.5,632479.0
4150,HP-2023-14149,2370.0,5,2,7.0,Rural,Unfurnished,Apartment,1,0,2.7,595580.0
4151,HP-2024-14150,2158.0,3,3,9.0,Urban,Furnished,Apartment,2,1,7.5,545870.0
4152,HP-2018-14151,2989.0,4,2,2.0,Rural,Semi-Furnished,Villa,1,1,3.5,718469.0
4153,HP-2019-14152,2260.0,2,1,1.0,Suburban,Unfurnished,Studio,2,1,9.8,420536.0
4154,HP-2020-14153,1677.0,3,2,,Urban,Semi-Furnished,Apartment,0,0,4.0,409019.0
4155,HP-2021-14154,2893.0,6,4,15.0,Downtown,furnished,Villa,2,0,31.0,804288.0
4156,HP-2022-14155,2048.0,3,2,11.0,Urban,,Apartment,1,1,26.9,458015.0
4157,HP-2023-14156,2569.0,5,3,8.0,Urban,Semi-Furnished,Apartment,1,0,,660519.0
4158,HP-2024-14157,1866.0,3,2,10.0,Urban,Semi-Furnished,Studio,1,0,24.7,400002.0
4159,HP-2018-14158,1745.0,6,4,10.0,Suburban,Unfurnished,Studio,2,0,1.8,606654.0
4160,HP-2019-14159,,4,2,,Downtown,Unfurnished,Apartment,0,0,11.1,578740.0
4161,HP-2020-14160,2209.0,1,1,1.0,Urban,,Apartment,1,0,3.1,375060.0
4162,HP-2021-14161,2536.0,4,3,27.0,Downtown,Furnished,Apartment,1,1,10.3,584019.0
4163,HP-2022-14162,2012.0,3,2,11.0,Urban,Furnished,Independent House,0,0,,500497.0
4164,HP-2023-14163,915.0,1,1,14.0,Suburban,Unfurnished,Apartment,2,1,2.7,209162.0
4165,HP-2024-14164,1897.0,5,4,7.0,Urban,Semi-Furnished,Apartment,3,0,25.5,603918.0
4166,HP-2018-14165,2756.0,3,2,17.0,Rural,Semi-Furnished,Apartment,2,0,1.9,534523.0
4167,HP-2019-14166,1992.0,4,3,11.0,Rural,Semi-Furnished,Apartment,2,0,11.4,471433.0
4168,HP-2020-14167,2028.0,3,1,1.0,Urban,Unfurnished,Studio,0,0,9.0,424682.0
4169,HP-2021-14168,2890.0,2,2,26.0,Rural,Furnished,Apartment,0,0,2.9,467538.0
4170,HP-2022-14169,1702.0,6,4,4.0,Downtown,Unfurnished,Apartment,1,1,4.9,665964.0
4171,HP-2023-14170,1120.0,3,1,2.0,Urban,Semi-Furnished,Independent House,3,1,1.2,375734.0
4172,HP-2024-14171,2088.0,4,3,1.0,Suburban,Unfurnished,Studio,2,0,20.3,520822.0
4173,HP-2018-14172,1861.0,4,3,15.0,Downtown,Semi-Furnished,Independent House,1,0,27.6,528385.0
4174,HP-2019-14173,1524.0,3,1,15.0,Suburban,semi-furnished,Independent House,0,0,10.5,376457.0
4175,HP-2020-14174,2077.0,5,3,14.0,Suburban,Unfurnished,Studio,1,0,15.1,531658.0
4176,HP-2021-14175,2544.0,4,3,30.0,Suburban,Semi-Furnished,Apartment,1,1,0.7,560289.0
4177,HP-2022-14176,2193.0,3,1,,Suburban,Semi-Furnished,Independent House,2,0,3.9,466745.0
4178,HP-2023-14177,2415.0,5,3,10.0,Urban,Semi-Furnished,Apartment,0,0,3.2,639781.0
4179,HP-2024-14178,3469.0,2,1,12.0,Suburban,Furnished,Studio,2,1,6.7,576002.0
4180,HP-2018-14179,1960.0,3,1,47.0,Downtown,Unfurnished,Independent House,3,0,1.6,460381.0
4181,HP-2019-14180,2395.0,6,3,4.0,Downtown,Unfurnished,Studio,2,0,6.6,681413.0
4182,HP-2020-14181,1844.0,4,2,38.0,Suburban,Furnished,Independent House,3,0,8.5,439437.0
4183,HP-2021-14182,1608.0,4,3,2.0,Urban,Unfurnished,Independent House,0,0,1.1,521183.0
4184,HP-2022-14183,1791.0,4,3,17.0,Urban,Unfurnished,Apartment,3,1,1.1,516680.0
4185,HP-2023-14184,1865.0,5,2,12.0,Rural,Semi-Furnished,Studio,1,0,0.5,461076.0
4186,HP-2024-14185,2452.0,5,3,20.0,Suburban,Semi-Furnished,Independent House,2,0,11.4,641040.0
4187,HP-2018-14186,3844.0,3,1,0.0,Suburban,Semi-Furnished,Apartment,1,0,3.2,690497.0
4188,HP-2019-14187,4708.824163484471,2,1,1.0,Urban,Semi-Furnished,Apartment,1,0,2.0,780520.5296365295
4189,HP-2020-14188,1908.0,3,2,1.0,Urban,Semi-Furnished,Independent House,0,0,12.0,482478.0
4190,HP-2021-14189,2156.0,4,3,11.0,Urban,Semi-Furnished,Apartment,0,1,1.2,578169.0
4191,HP-2022-14190,2477.0,2,2,11.0,Downtown,Furnished,Villa,3,0,4.5,571065.0
4192,HP-2023-14191,2384.0,1,1,28.0,Suburban,Unfurnished,Apartment,2,1,10.9,388809.0
4193,HP-2024-14192,3099.0,3,2,8.0,Suburban,Semi-Furnished,Independent House,1,0,6.8,672334.0
4194,HP-2018-14193,502.0,6,3,1.0,Rural,Unfurnished,Apartment,1,0,6.5,392277.0
4195,HP-2019-14194,529.0,4,2,3.0,Urban,Furnished,Apartment,2,1,1.4,371876.0
4196,HP-2020-14195,1853.0,3,1,0.0,Urban,Furnished,Apartment,1,1,1.6,467244.0
4197,HP-2021-14196,2968.0,2,1,,Urban,Semi-Furnished,Independent House,2,0,7.0,543629.0
4198,HP-2022-14197,1104.0,3,2,20.0,Suburban,Furnished,Apartment,1,0,0.5,336225.0
4199,HP-2023-14198,500.0,2,1,60.0,Rural,Semi_Furnished,Apartment,2,0,16.3,70717.0
4200,HP-2024-14199,2600.0,2,1,6.0,Rural,Furnished,Apartment,3,0,3.5,465729.0
4201,HP-2018-14200,2371.0,5,3,0.0,Suburban,Semi-Furnished,Studio,1,0,4.3,607835.0
4202,HP-2019-14201,1437.0,6,4,3.0,Downtown,Semi_Furnished,Independent House,1,1,2.4,659777.0
4203,HP-2020-14202,1510.0,2,1,11.0,Rural,Semi-Furnished,Independent House,3,0,16.7,332920.0
4204,HP-2021-14203,1521.0,2,1,39.0,Suburban,Semi-Furnished,Studio,3,0,8.2,255734.0
4205,HP-2022-14204,2277.0,3,3,1.0,Urban,Unfurnished,Villa,3,0,4.8,602044.0
4206,HP-2023-14205,1762.0,3,1,,Downtown,Unfurnished,Studio,1,0,7.0,419324.0
4207,HP-2024-14206,2546.0,2,1,15.0,Downtown,Furnished,Independent House,1,0,3.8,495140.0
4208,HP-2018-14207,500.0,3,2,13.0,Suburban,Unfurnished,Apartment,1,1,5.0,248092.0
4209,HP-2019-14208,1600.0,2,1,3.0,Urban,Semi-Furnished,Independent House,0,0,3.5,387909.0
4210,HP-2020-14209,1412.0,4,3,20.0,Suburban,Semi-Furnished,Apartment,2,1,4.2,429970.0
4211,HP-2021-14210,2021.0,4,2,2.0,Suburban,Furnished,Apartment,1,0,3.0,499550.0
4212,HP-2022-14211,1823.0,4,2,31.0,Urban,Semi-Furnished,Independent House,2,1,0.6,479461.0
4213,HP-2023-14212,2758.0,3,3,3.0,Suburban,Furnished,Apartment,3,1,0.5,614451.0
4214,HP-2024-14213,898.0,5,4,1.0,Urban,Semi-Furnished,Apartment,3,0,1.5,543661.0
4215,HP-2018-14214,2232.0,6,4,5.0,Suburban,Unfurnished,Apartment,0,0,2.3,653323.0
4216,HP-2019-14215,2591.0,2,1,2.0,Urban,#Unfurnished,Villa,1,1,17.7,538576.0
4217,HP-2020-14216,3500.0,2,3,9.0,Rural,Unfurnished,Apartment,2,0,7.6,643016.0
4218,HP-2021-14217,1863.0,3,2,14.0,Urban,Semi-Furnished,Apartment,1,0,25.4,425023.0
4219,HP-2022-14218,2427.0,2,1,8.0,Suburban,Furnished,Villa,2,0,3.3,495646.0
4220,HP-2023-14219,937.0,3,1,13.0,Urban,Furnished,Apartment,2,1,4.1,296248.0
4221,HP-2024-14220,526.0,4,3,5.0,Urban,Furnished,Studio,1,0,10.2,339324.0
4222,HP-2018-14221,2791.0,3,1,0.0,Downtown,Semi-Furnished,Apartment,1,0,6.9,561790.0
4223,HP-2019-14222,2196.0,3,2,44.0,Urban,Semi-Furnished,Villa,1,1,6.0,538024.0
4224,HP-2020-14223,3025.0,3,2,21.0,Suburban,Semi-Furnished,Apartment,2,0,6.9,558153.0
4225,HP-2021-14224,1239.0,6,4,1.0,Urban,Semi_Furnished,Apartment,1,1,7.0,611390.0
4226,HP-2022-14225,2564.0,2,1,7.0,Suburban,Semi-Furnished,Studio,2,1,11.6,461077.0
4227,HP-2023-14226,,4,2,12.0,Downtown,Furnished,Studio,3,0,8.8,723162.0
4228,HP-2024-14227,2494.0,1,1,3.0,Rural,Semi-Furnished,Villa,1,1,25.2,440292.0
4229,HP-2018-14228,2394.0,2,1,10.0,Suburban,Semi-Furnished,Villa,3,0,23.6,471710.0
4230,HP-2019-14229,2206.0,3,2,9.0,Downtown,Unfurnished,Apartment,2,1,4.4,527941.0
4231,HP-2020-14230,1100.0,2,1,3.0,Downtown,Semi-Furnished,Villa,2,1,0.5,407968.0
4232,HP-2021-14231,3149.0,1,1,2.0,Urban,Semi-Furnished,Independent House,0,0,0.5,543755.0
4233,HP-2022-14232,1772.0,2,1,17.0,Rural,Unfurnished,Independent House,1,0,1.1,309183.0
4234,HP-2023-14233,2553.0,3,1,5.0,Suburban,Semi-Furnished,Independent House,1,1,0.6,518157.0
4235,HP-2024-14234,1106.0,4,2,3.0,Urban,Unfurnished,Apartment,1,0,3.7,397617.0
4236,HP-2018-14235,,2,2,16.0,Rural,Semi-Furnished,Independent House,1,1,0.5,350023.0
4237,HP-2019-14236,3205.0,4,2,16.0,Urban,UNFURNISHED,Apartment,2,0,7.8,649704.0
4238,HP-2020-14237,1957.0,2,1,4.0,Suburban,Furnished,Independent House,1,1,1.7,413631.0
4239,HP-2021-14238,3217.0,4,1,25.0,Suburban,Semi-Furnished,Apartment,3,0,5.8,582275.0
4240,HP-2022-14239,2145.0,3,1,14.0,Suburban,Unfurnished,Independent House,1,1,0.9,488274.0
4241,HP-2023-14240,911.0,4,3,5.0,Downtown,Furnished,Apartment,0,0,14.1,407531.0
4242,HP-2024-14241,2824.0,6,4,7.0,Urban,Furnished,Apartment,1,0,12.1,786878.0
4243,HP-2018-14242,1787.0,5,3,16.0,Suburban,,Apartment,3,1,3.9,529605.0
4244,HP-2019-14243,2689.0,1,1,3.0,Urban,Furnished,Apartment,1,0,19.3,446242.0
4245,HP-2020-14244,2218.0,5,3,8.0,Urban,Semi-Furnished,Apartment,0,1,1.6,628358.0
4246,HP-2021-14245,1120.0,2,1,13.0,Downtown,Unfurnished,Apartment,3,1,13.5,325299.0
4247,HP-2022-14246,2315.0,6,4,9.0,Downtown,#Furnished,Apartment,1,1,6.3,741960.0
4248,HP-2023-14247,3737.0,3,2,11.0,Suburban, Furnished,Apartment,2,0,3.2,668003.0
4249,HP-2024-14248,2545.0,3,3,9.0,Urban,Furnished,Studio,1,0,0.7,545768.0
4250,HP-2018-14249,2160.0,2,2,3.0,Suburban,Furnished,Apartment,1,0,1.5,441045.0
4251,HP-2019-14250,,2,1,6.0,Urban,Unfurnished,Villa,1,0,15.9,549729.0
4252,HP-2020-14251,2347.0,4,2,9.0,Downtown,Furnished,Independent House,3,0,7.5,631730.0
4253,HP-2021-14252,2347.0,5,3,18.0,Urban,Semi-Furnished,Independent House,3,1,2.2,626189.0
4254,HP-2022-14253,1436.0,4,3,,Suburban,#Furnished,Apartment,1,1,5.5,432409.0
4255,HP-2023-14254,2364.0,4,2,7.0,Suburban, Furnished,Apartment,1,0,0.9,511704.0
4256,HP-2024-14255,2925.0,4,2,44.0,Rural,Furnished,Villa,0,1,0.8,617126.0
4257,HP-2018-14256,1615.0,3,2,1.0,Urban,Furnished,Independent House,1,0,19.1,447841.0
4258,HP-2019-14257,3197.0,1,1,3.0,Urban,Furnished,Independent House,1,0,4.9,533207.0
4259,HP-2020-14258,2136.0,1,1,5.0,Rural,Unfurnished,Independent House,1,0,3.6,369174.0
4260,HP-2021-14259,1579.0,3,3,3.0,Suburban,Semi-Furnished,Apartment,0,0,23.8,413206.0
4261,HP-2022-14260,2898.0,2,2,12.0,Downtown,Semi-Furnished,Villa,1,1,4.1,605137.0
4262,HP-2023-14261,1999.0,2,1,0.0,Downtown,Semi-Furnished,Villa,2,1,3.3,511527.0
4263,HP-2024-14262,2732.0,2,1,2.0,Urban,Furnished,Apartment,2,0,2.6,531218.0
4264,HP-2018-14263,1996.0,2,1,4.0,Urban,Furnished,Villa,1,1,6.7,498419.0
4265,HP-2019-14264,2158.0,5,3,14.0,Urban,Furnished,Independent House,2,0,6.5,641850.0
4266,HP-2020-14265,2545.0,2,1,25.0,Downtown,Furnished,Independent House,1,1,0.5,504049.0
4267,HP-2021-14266,2404.0,3,3,19.0,Downtown,Unfurnished,Studio,1,1,8.5,557312.0
4268,HP-2022-14267,803.0,4,2,2.0,Downtown,FURNISHED,Independent House,2,1,12.4,440333.0
4269,HP-2023-14268,1415.0,3,2,10.0,Suburban,Semi-Furnished,Villa,2,0,7.7,412789.0
4270,HP-2024-14269,2851.0,2,1,0.0,Urban,Semi Furnished,Independent House,1,0,,518514.0
4271,HP-2018-14270,2108.0,3,2,4.0,Suburban,SEMI-FURNISHED,Apartment,1,0,2.6,481924.0
4272,HP-2019-14271,1833.0,2,1,70.28996479798857,Rural,Semi-Furnished,Villa,3,0,1.7,356683.4099593658
4273,HP-2020-14272,1249.0,3,3,7.0,Rural,Furnished,Apartment,2,0,9.6,350676.0
4274,HP-2021-14273,1444.0,2,2,2.0,Urban,Semi-Furnished,Independent House,2,0,1.7,424799.0
4275,HP-2022-14274,785.0,3,2,7.0,Urban,Unfurnished,Apartment,2,1,0.8,335859.0
4276,HP-2023-14275,5180.656352427944,4,2,3.0,Downtown,Semi-Furnished,Apartment,0,0,0.8,1281827.2239976646
4277,HP-2024-14276,1781.0,3,2,6.0,Suburban,Unfurnished,Independent House,1,1,11.7,439547.0
4278,HP-2018-14277,1523.0,3,3,8.0,Suburban,Semi-Furnished,Apartment,3,0,0.5,429064.0
4279,HP-2019-14278,2152.0,3,2,5.0,Suburban,Semi-Furnished,Apartment,1,1,2.7,483148.0
4280,HP-2020-14279,2455.0,5,2,33.0,Urban,SEMI-FURNISHED,Studio,1,1,1.1,544468.0
4281,HP-2021-14280,3665.0,2,1,10.0,Urban,Unfurnished,Apartment,2,0,11.2,583492.0
4282,HP-2022-14281,1142.0,4,2,22.0,Urban,Semi-Furnished,Independent House,1,1,5.6,445282.0
4283,HP-2023-14282,3012.0,4,2,17.0,Urban,Unfurnished,Independent House,1,1,1.8,694709.0
4284,HP-2024-14283,2881.0,3,3,13.0,Urban,,Apartment,1,0,11.1,594250.0
4285,HP-2018-14284,1655.0,3,1,8.0,Urban,unfurnished,Independent House,1,1,11.1,402863.0
4286,HP-2019-14285,2342.0,3,2,0.0,Urban,Semi-Furnished,Independent House,2,0,5.9,529093.0
4287,HP-2020-14286,1880.0,2,1,11.0,Urban,Unfurnished,Apartment,1,0,2.6,363132.0
4288,HP-2021-14287,2330.0,1,1,5.0,Urban,Furnished,Apartment,1,0,7.1,353947.0
4289,HP-2022-14288,3256.0,2,1,2.0,Suburban,Furnished,Apartment,1,0,21.7,524000.0
4290,HP-2023-14289,2624.0,2,1,7.0,Rural,Unfurnished,Studio,1,0,0.5,385685.0
4291,HP-2024-14290,2556.0,3,3,16.0,Urban,Semi-Furnished,Apartment,1,1,2.5,569533.0
4292,HP-2018-14291,1899.0,5,3,39.0,Urban,Unfurnished,Apartment,1,1,2.7,531775.0
4293,HP-2019-14292,1161.0,2,1,6.0,Suburban,Unfurnished,Apartment,2,1,8.0,284567.0
4294,HP-2020-14293,2054.0,5,4,9.0,Downtown,Furnished,Studio,2,0,8.4,661352.0
4295,HP-2021-14294,3045.0,6,4,23.0,Urban,Semi Furnished,Independent House,1,1,1.8,807117.0
4296,HP-2022-14295,1131.0,6,4,5.0,Urban,Furnished,Studio,0,0,1.9,552465.0
4297,HP-2023-14296,1461.0,5,4,2.0,Rural,Furnished,Studio,0,1,21.1,495673.0
4298,HP-2024-14297,2288.0,3,2,4.0,Urban,Semi-Furnished,Studio,1,0,11.3,519299.0
4299,HP-2018-14298,1511.0,2,2,28.0,Rural,Furnished,Independent House,1,1,21.8,285809.0
4300,HP-2019-14299,1645.0,3,1,2.0,Downtown,Semi-Furnished,Independent House,0,1,14.2,425985.0
4301,HP-2020-14300,1903.0,3,2,5.0,Downtown,Unfurnished,Villa,1,1,4.1,547534.0
4302,HP-2021-14301,1244.0,5,3,7.0,Suburban,Semi-Furnished,Apartment,3,1,1.0,530077.0
4303,HP-2022-14302,1518.0,6,4,23.0,Urban,UNFURNISHED,Apartment,2,1,7.9,580527.0
4304,HP-2023-14303,2692.0,3,1,33.0,Downtown,Semi-Furnished,Apartment,2,1,3.5,509167.0
4305,HP-2024-14304,1285.0,3,2,7.0,Urban, Furnished,Villa,0,1,4.4,451411.0
4306,HP-2018-14305,,2,1,32.0,Suburban,Semi-Furnished,Apartment,0,1,4.4,234276.0
4307,HP-2019-14306,1759.0,1,1,2.0,Urban,Furnished,Villa,0,0,22.1,350372.0
4308,HP-2020-14307,2712.0,3,2,2.0,Urban,Semi-Furnished,Villa,3,1,0.6,650024.0
4309,HP-2021-14308,2062.0,3,1,36.0,Suburban,Semi-Furnished,Apartment,1,0,,406239.0
4310,HP-2022-14309,1875.0,5,3,9.0,Suburban,Semi-Furnished,Apartment,1,1,7.5,580279.0
4311,HP-2023-14310,2231.0,3,2,2.0,Urban,Semi-Furnished,Apartment,1,0,17.2,521245.0
4312,HP-2024-14311,978.0,5,3,8.0,Suburban,Semi-Furnished,Apartment,2,1,20.0,456672.0
4313,HP-2018-14312,2546.0,4,2,18.0,Downtown,Furnished,Independent House,1,0,6.5,592365.0
4314,HP-2019-14313,2468.0,5,3,21.0,Suburban,#Semi-Furnished,Independent House,1,0,0.5,633997.0
4315,HP-2020-14314,1913.0,2,1,24.0,Suburban,furnished,Studio,3,1,3.6,326144.0
4316,HP-2021-14315,2904.0,5,3,10.0,Downtown,Semi-Furnished,Apartment,1,0,20.1,717995.0
4317,HP-2022-14316,1411.0,4,3,24.0,Downtown,Semi-Furnished,Independent House,1,0,5.5,472497.0
4318,HP-2023-14317,2990.0,2,1,9.0,Suburban,Unfurnished,Independent House,1,1,10.4,509329.0
4319,HP-2024-14318,2308.0,2,1,11.0,Rural,Unfurnished,Villa,2,0,2.5,462036.0
4320,HP-2018-14319,1964.0,5,2,17.0,Suburban,Semi-Furnished,Apartment,1,0,0.5,534524.0
4321,HP-2019-14320,2186.0,1,1,7.0,Urban,Unfurnished,Independent House,1,1,6.9,392583.0
4322,HP-2020-14321,2125.0,3,2,1.0,Downtown,Semi-Furnished,Apartment,2,1,14.4,525239.0
4323,HP-2021-14322,3054.0,3,2,5.0,Urban,Semi-Furnished,Apartment,1,0,37.1,567648.0
4324,HP-2022-14323,1446.0,4,3,12.0,Rural,Unfurnished,Apartment,3,0,15.0,448720.0
4325,HP-2023-14324,1666.0,5,3,3.0,Suburban,,Independent House,2,0,6.5,528483.0
4326,HP-2024-14325,2925.0,3,2,2.0,Downtown,Semi-Furnished,Apartment,1,0,7.5,633330.0
4327,HP-2018-14326,1783.0,3,2,4.0,Suburban,Unfurnished,Villa,0,0,13.9,457388.0
4328,HP-2019-14327,2830.0,6,4,0.0,Urban,Furnished,Studio,2,0,0.5,765570.0
4329,HP-2020-14328,3390.0,4,2,16.0,Downtown,UNFURNISHED,Independent House,2,0,24.2,728575.0
4330,HP-2021-14329,1919.0,5,2,4.0,Downtown,Furnished,Apartment,2,1,6.1,613400.0
4331,HP-2022-14330,2677.0,3,1,2.0,Rural,Semi-Furnished,Villa,1,0,24.3,539464.0
4332,HP-2023-14331,1392.0,2,2,14.0,Suburban,Unfurnished,Apartment,3,0,11.6,312270.0
4333,HP-2024-14332,2728.0,3,3,22.0,Suburban,unfurnished,Villa,1,1,1.3,617303.0
4334,HP-2018-14333,2340.0,4,2,0.0,Rural,Furnished,Apartment,1,0,1.4,553930.0
4335,HP-2019-14334,2531.0,2,1,3.0,Urban,Unfurnished,Apartment,3,1,3.5,484564.0
4336,HP-2020-14335,1748.0,3,1,35.0,Urban,Furnished,Apartment,2,0,2.5,366910.0
4337,HP-2021-14336,1037.0,1,1,6.0,Urban,Furnished,Apartment,1,0,4.6,227004.0
4338,HP-2022-14337,2552.0,3,1,33.0,Rural,Unfurnished,Villa,3,0,7.4,511367.0
4339,HP-2023-14338,756.0,5,2,4.0,Urban,Unfurnished,Apartment,0,0,4.6,386555.0
4340,HP-2024-14339,1978.0,1,1,3.0,Downtown,Unfurnished,Apartment,0,1,0.5,377480.0
4341,HP-2018-14340,,4,1,3.0,Suburban,Unfurnished,Apartment,2,1,29.7,569466.0
4342,HP-2019-14341,2334.0,5,3,1.0,Urban,Furnished,Independent House,1,0,4.4,657250.0
4343,HP-2020-14342,3564.0,2,1,27.0,Rural,Furnished,Independent House,3,0,15.2,536210.0
4344,HP-2021-14343,2918.0,4,2,47.0,Suburban,unfurnished,Studio,2,0,0.6,539309.0
4345,HP-2022-14344,1742.0,6,4,37.0,Suburban,Semi-Furnished,Villa,1,1,13.3,622669.0
4346,HP-2023-14345,2219.0,6,4,23.0,Urban,Unfurnished,Villa,2,0,1.5,700330.0
4347,HP-2024-14346,2167.0,2,1,23.0,Urban,Unfurnished,Apartment,0,0,9.1,365819.0
4348,HP-2018-14347,1092.0,2,1,13.0,Downtown,,Apartment,1,0,8.7,274771.0
4349,HP-2019-14348,1542.0,2,1,21.0,Urban,Semi Furnished,Independent House,3,0,19.2,329843.0
4350,HP-2020-14349,1807.0,4,2,3.0,Suburban,Semi-Furnished,Apartment,2,0,3.1,480562.0
4351,HP-2021-14350,775.0,4,3,6.0,Urban, Furnished,Studio,1,1,0.9,379215.0
4352,HP-2022-14351,2233.0,4,4,12.0,Rural,Semi-Furnished,Villa,1,1,16.0,639388.0
4353,HP-2023-14352,2026.0,3,1,25.0,Downtown,#Unfurnished,Apartment,1,1,3.2,441416.0
4354,HP-2024-14353,1029.0,2,1,13.0,Downtown,Semi-Furnished,Villa,1,0,2.1,348165.0
4355,HP-2018-14354,2483.0,4,2,22.0,Urban,furnished,Apartment,1,0,5.3,518384.0
4356,HP-2019-14355,2701.0,3,2,8.0,Suburban,Furnished,Apartment,0,0,1.3,514452.0
4357,HP-2020-14356,2359.0,4,3,15.0,Urban,Furnished,Apartment,1,1,2.8,564422.0
4358,HP-2021-14357,1973.0,3,2,47.0,Urban,SEMI-FURNISHED,Independent House,2,0,3.9,422257.0
4359,HP-2022-14358,2614.0,3,2,2.0,Urban,Semi-Furnished,Villa,1,0,2.6,617881.0
4360,HP-2023-14359,2676.0,3,1,31.0,Rural,Semi-Furnished,Apartment,1,1,4.8,488779.0
4361,HP-2024-14360,2415.0,2,2,9.0,Rural,Semi-Furnished,Villa,3,0,3.9,501306.0
4362,HP-2018-14361,1623.0,3,2,12.0,Suburban,Furnished,Apartment,1,0,11.9,399968.0
4363,HP-2019-14362,2394.0,2,2,25.0,Suburban,Unfurnished,Studio,2,0,20.0,385239.0
4364,HP-2020-14363,3037.0,3,3,6.0,Suburban,Semi-Furnished,Studio,1,0,0.9,601630.0
4365,HP-2021-14364,1782.0,1,1,7.0,Urban,Semi-Furnished,Villa,1,0,13.9,370809.0
4366,HP-2022-14365,3669.0,2,2,9.0,Downtown,SEMI-FURNISHED,Independent House,1,0,21.5,655791.0
4367,HP-2023-14366,1832.0,4,3,0.0,Downtown,Furnished,Apartment,1,0,9.3,531569.0
4368,HP-2024-14367,,3,2,8.0,Suburban,Furnished ,Apartment,1,0,45.0,468845.0
4369,HP-2018-14368,1729.0,4,2,4.0,Downtown,Unfurnished,Independent House,1,0,3.3,520002.0
4370,HP-2019-14369,2356.0,4,2,32.0,Rural,Furnished,Apartment,1,1,14.2,498876.0
4371,HP-2020-14370,980.0,4,2,1.0,Suburban,Furnished,Independent House,1,0,9.0,407716.0
4372,HP-2021-14371,1818.0,6,5,7.0,Suburban,furnished,Apartment,1,0,3.1,637951.0
4373,HP-2022-14372,1436.0,1,1,35.0,Rural,Unfurnished,Independent House,3,1,9.8,247799.0
4374,HP-2023-14373,2295.0,4,2,28.0,Downtown,Semi-Furnished,Independent House,2,0,5.7,567993.0
4375,HP-2024-14374,2896.0,6,4,15.0,Rural,Semi-Furnished,Apartment,2,0,1.7,742715.0
4376,HP-2018-14375,2652.0,5,5,,Urban,semi-furnished,Villa,2,0,1.5,787319.0
4377,HP-2019-14376,540.0,2,1,4.0,Urban,unfurnished,Apartment,1,1,10.0,190878.0
4378,HP-2020-14377,3629.0,3,1,5.0,Suburban,Unfurnished,Apartment,1,1,10.0,630162.0
4379,HP-2021-14378,2407.0,2,1,1.0,Urban,Semi-Furnished,Apartment,2,1,6.1,498600.0
4380,HP-2022-14379,1656.0,4,2,19.0,Rural,Unfurnished,Apartment,0,1,5.6,412475.0
4381,HP-2023-14380,,4,3,5.0,Suburban,,Apartment,1,0,1.6,562286.0
4382,HP-2024-14381,2323.0,3,2,13.0,Rural,Semi-Furnished,Independent House,1,1,4.5,480988.0
4383,HP-2018-14382,1733.0,3,1,5.0,Urban,#Semi-Furnished,Studio,1,0,16.4,394797.0
4384,HP-2019-14383,2339.0,4,2,7.0,Urban,Furnished,Studio,1,0,15.4,518879.0
4385,HP-2020-14384,1775.0,3,1,10.0,Urban,Furnished,Apartment,3,0,8.7,431495.0
4386,HP-2021-14385,1917.0,5,3,19.0,Urban,Unfurnished,Studio,2,0,45.0,513793.0
4387,HP-2022-14386,1720.0,4,3,3.0,Suburban,Furnished,Studio,1,0,17.9,476405.0
4388,HP-2023-14387,1197.0,2,2,6.0,Urban,Furnished,Apartment,2,0,1.3,362510.0
4389,HP-2024-14388,2302.0,4,3,2.0,Suburban,Unfurnished,Studio,1,1,4.1,569146.0
4390,HP-2018-14389,2610.0,2,2,1.0,Downtown,Furnished,Studio,2,0,1.1,523107.0
4391,HP-2019-14390,2560.0,3,2,11.0,Urban,Semi-Furnished,Villa,2,1,5.0,642650.0
4392,HP-2020-14391,2774.0,6,4,3.0,Urban,Furnished,Apartment,1,0,12.0,772432.0
4393,HP-2021-14392,2427.0,5,3,1.0,Suburban,Furnished,Independent House,2,1,1.4,674763.0
4394,HP-2022-14393,1827.0,3,2,27.0,Downtown,Semi-Furnished,Apartment,1,0,17.0,435390.0
4395,HP-2023-14394,2788.0,3,1,9.0,Rural,SEMI-FURNISHED,Studio,1,1,6.7,518480.0
4396,HP-2024-14395,1250.0,2,2,2.0,Downtown,,Apartment,2,0,,316510.0
4397,HP-2018-14396,1570.0,3,2,1.0,Rural,Unfurnished,Studio,2,0,0.5,355449.0
4398,HP-2019-14397,1525.0,2,2,2.0,Urban,semi-furnished,Apartment,2,1,0.8,383348.0
4399,HP-2020-14398,2956.0,3,1,8.0,Urban,Semi-Furnished,Apartment,3,1,7.8,597875.0
4400,HP-2021-14399,2860.0,1,1,13.0,Downtown,Furnished,Studio,2,0,14.6,464460.0
4401,HP-2022-14400,2541.0,3,2,12.0,Downtown,Unfurnished,Studio,2,0,16.6,534142.0
4402,HP-2023-14401,2950.0,2,1,2.0,Downtown,Unfurnished,Apartment,2,0,9.3,564305.0
4403,HP-2024-14402,1585.0,6,3,12.0,Suburban,Semi-Furnished,Studio,1,0,1.8,506882.0
4404,HP-2018-14403,2444.0,4,4,6.0,Urban,Furnished,Studio,1,1,1.7,607681.0
4405,HP-2019-14404,2112.0,3,2,8.0,Urban,,Studio,1,0,17.1,470327.0
4406,HP-2020-14405,2793.0,2,1,19.0,Urban,Furnished,Independent House,1,1,1.0,523858.0
4407,HP-2021-14406,2119.0,3,2,5.0,Urban,Unfurnished,Studio,2,1,9.3,505856.0
4408,HP-2022-14407,1931.0,2,1,2.0,Downtown,Semi-Furnished,Villa,0,0,6.1,450365.0
4409,HP-2023-14408,2579.0,3,1,25.0,Urban,Semi-Furnished,Studio,1,0,4.4,438300.0
4410,HP-2024-14409,2813.0,5,3,3.0,Suburban, Furnished,Apartment,2,0,4.6,663274.0
4411,HP-2018-14410,1732.0,4,3,4.0,Rural,furnished,Independent House,0,1,23.2,510498.0
4412,HP-2019-14411,2157.0,4,3,15.0,Suburban,Unfurnished,Studio,1,0,15.8,519566.0
4413,HP-2020-14412,1459.0,3,1,14.0,Urban,Semi-Furnished,Independent House,1,0,16.0,380822.0
4414,HP-2021-14413,500.0,5,3,19.0,Downtown,Semi-Furnished,Villa,2,0,4.2,445319.0
4415,HP-2022-14414,2340.0,5,3,2.0,Downtown,Furnished,Studio,1,0,0.9,650258.0
4416,HP-2023-14415,2626.0,3,2,5.0,Urban,Furnished,Villa,3,0,45.0,601855.0
4417,HP-2024-14416,2383.0,3,3,,Downtown,#Furnished,Apartment,1,0,1.3,543566.0
4418,HP-2018-14417,835.0,3,2,9.0,Urban,Unfurnished,Apartment,2,0,5.8,311823.0
4419,HP-2019-14418,1954.0,2,1,4.0,Downtown,Unfurnished,Apartment,1,1,2.5,433600.0
4420,HP-2020-14419,647.0,4,3,14.0,Urban,Unfurnished,Independent House,1,0,5.7,400725.0
4421,HP-2021-14420,3159.0,3,2,0.0,Suburban,Semi-Furnished,Apartment,1,1,2.9,627528.0
4422,HP-2022-14421,1440.0,2,2,1.0,Suburban,Unfurnished,Apartment,0,0,18.2,327703.0
4423,HP-2023-14422,3079.0,2,2,7.0,Downtown,Furnished,Apartment,1,1,27.6,577617.0
4424,HP-2024-14423,2862.0,3,2,38.0,Downtown,#Semi-Furnished,Studio,1,0,4.2,527655.0
4425,HP-2018-14424,1570.0,5,2,27.0,Rural,Furnished,Apartment,1,0,0.6,402322.0
4426,HP-2019-14425,1407.0,3,2,60.0,Urban,Unfurnished,Apartment,2,1,,302182.0
4427,HP-2020-14426,6648.873603207445,4,1,6.0,Downtown,Semi-Furnished,Independent House,1,1,3.8,1216666.2152568474
4428,HP-2021-14427,1609.0,3,2,1.0,Urban,Semi-Furnished,Apartment,3,0,34.1,407725.0
4429,HP-2022-14428,2272.0,4,1,4.0,Suburban,Unfurnished,Apartment,2,0,0.7,520452.0
4430,HP-2023-14429,1862.0,3,2,14.0,Suburban,Unfurnished,Apartment,1,1,1.0,422704.0
4431,HP-2024-14430,953.0,4,2,2.0,Urban,Unfurnished,Independent House,1,0,9.6,402123.0
4432,HP-2018-14431,639.0,2,1,4.0,Urban,Semi-Furnished,Apartment,2,1,11.4,244643.0
4433,HP-2019-14432,2359.0,3,2,1.0,Downtown,Semi-Furnished,Studio,2,1,5.1,595286.0
4434,HP-2020-14433,1807.0,3,2,8.0,Urban,Semi-Furnished,Apartment,2,0,2.6,447701.0
4435,HP-2021-14434,1813.0,3,1,3.0,Urban,semi-furnished,Studio,2,1,3.0,434536.0
4436,HP-2022-14435,2687.0,6,4,1.0,Suburban,Semi-Furnished,Villa,0,0,3.3,789177.0
4437,HP-2023-14436,3021.0,2,1,6.0,Urban,Semi-Furnished,Villa,1,1,2.0,610537.0
4438,HP-2024-14437,2009.0,3,2,5.0,Urban,Unfurnished,Apartment,2,0,15.2,468979.0
4439,HP-2018-14438,1962.0,3,2,,Suburban,Semi-Furnished,Independent House,2,0,0.5,474814.0
4440,HP-2019-14439,2550.0,5,2,17.0,Urban,Semi-Furnished,Villa,2,1,4.2,683475.0
4441,HP-2020-14440,1250.0,3,1,1.0,Rural,Furnished,Independent House,2,0,11.0,367248.0
4442,HP-2021-14441,2356.0,4,3,19.0,Rural,Furnished,Independent House,0,1,0.5,575835.0
4443,HP-2022-14442,2586.0,5,4,0.0,Suburban,semi-furnished,Apartment,3,0,16.8,669514.0
4444,HP-2023-14443,2676.0,3,2,,Urban,Semi-Furnished,Apartment,3,0,9.8,557824.0
4445,HP-2024-14444,844.0,3,2,11.0,Suburban,Furnished,Apartment,0,0,0.6,271326.0
4446,HP-2018-14445,1667.0,3,2,38.0,Urban,Unfurnished,Studio,0,1,18.0,358804.0
4447,HP-2019-14446,1585.0,5,3,10.0,Suburban,Unfurnished,Independent House,1,0,5.3,521611.0
4448,HP-2020-14447,2270.0,1,1,2.0,Urban,Semi-Furnished,Apartment,2,1,8.4,429453.0
4449,HP-2021-14448,2537.0,3,1,9.0,Downtown,Semi-Furnished,Independent House,1,0,17.1,556798.0
4450,HP-2022-14449,3248.0,4,2,6.0,Urban,Semi-Furnished,Independent House,0,0,17.0,685738.0
4451,HP-2023-14450,1854.0,3,1,8.0,Suburban,Unfurnished,Apartment,1,1,4.2,421640.0
4452,HP-2024-14451,1852.0,3,2,3.0,Urban,Furnished,Independent House,1,0,2.2,477354.0
4453,HP-2018-14452,3005.0,3,2,8.0,Suburban,Semi-Furnished,Apartment,1,0,2.4,595375.0
4454,HP-2019-14453,2408.0,2,2,2.0,Urban,Unfurnished,Apartment,2,1,11.6,480684.0
4455,HP-2020-14454,3087.0,3,2,16.0,Rural,Semi Furnished,Independent House,2,0,21.2,571102.0
4456,HP-2021-14455,,3,1,11.0,Suburban,Semi-Furnished,Apartment,1,1,0.6,475382.0
4457,HP-2022-14456,1390.0,5,4,1.0,Urban,Unfurnished,Apartment,2,1,0.5,590207.0
4458,HP-2023-14457,1267.0,3,3,26.0,Urban,Semi-Furnished,Villa,2,0,13.8,459184.0
4459,HP-2024-14458,1114.0,5,2,11.0,Urban,Unfurnished,Apartment,1,1,3.9,435321.0
4460,HP-2018-14459,2663.0,4,3,5.0,Suburban,Unfurnished,Independent House,1,1,2.6,658109.0
4461,HP-2019-14460,3032.0,1,1,1.0,Urban,Unfurnished,Villa,1,1,1.7,551569.0
4462,HP-2020-14461,3495.0,4,2,12.0,Suburban,unfurnished,Apartment,1,0,3.4,676194.0
4463,HP-2021-14462,2790.0,1,1,6.0,Urban,Unfurnished,Apartment,3,1,28.5,484077.0
4464,HP-2022-14463,3014.0,6,5,29.0,Downtown,Semi-Furnished,Villa,2,1,30.2,828116.0
4465,HP-2023-14464,1794.0,5,3,0.0,Suburban,#Furnished,Independent House,1,0,3.2,582673.0
4466,HP-2024-14465,1391.0,3,2,0.0,Downtown,Semi-Furnished,Villa,3,0,26.5,488904.0
4467,HP-2018-14466,2795.0,3,2,36.0,Rural,Furnished,Apartment,2,0,2.9,492967.0
4468,HP-2019-14467,2492.0,3,2,40.0,Rural,SEMI-FURNISHED,Villa,3,1,15.4,513692.0
4469,HP-2020-14468,2275.0,3,3,0.0,Urban,Unfurnished,Apartment,1,1,1.9,579817.0
4470,HP-2021-14469,2471.0,3,2,15.0,Downtown,Semi-Furnished,Studio,2,0,14.0,498073.0
4471,HP-2022-14470,2426.0,3,1,3.0,Suburban,Semi-Furnished,Villa,2,1,3.5,549800.0
4472,HP-2023-14471,3099.0,4,1,15.0,Suburban, Furnished,Independent House,2,0,1.7,595108.0
4473,HP-2024-14472,3106.0,2,2,24.0,Rural,Semi-Furnished,Independent House,1,0,21.8,522816.0
4474,HP-2018-14473,2581.0,5,3,1.0,Urban,Furnished,Apartment,2,0,1.9,683001.0
4475,HP-2019-14474,2792.0,4,2,3.0,Suburban,Furnished,Apartment,1,0,38.5,560588.0
4476,HP-2020-14475,2560.0,3,2,0.0,Suburban,semi-furnished,Independent House,2,0,0.9,559904.0
4477,HP-2021-14476,1877.0,5,3,1.0,Urban,Unfurnished,Independent House,2,1,0.5,632906.0
4478,HP-2022-14477,2730.0,2,1,0.0,Rural,Semi-Furnished,Studio,1,0,16.4,435870.0
4479,HP-2023-14478,1224.0,1,1,19.0,Urban,Semi-Furnished,Villa,1,0,7.1,263974.0
4480,HP-2024-14479,2938.0,4,2,4.0,Downtown,Unfurnished,Apartment,2,1,4.4,643752.0
4481,HP-2018-14480,1364.0,3,2,8.0,Rural,Unfurnished,Villa,1,1,0.7,394233.0
4482,HP-2019-14481,2400.0,3,2,19.0,Downtown,Semi-Furnished,Apartment,1,1,6.8,503516.0
4483,HP-2020-14482,1608.0,5,2,8.0,Rural,Semi_Furnished,Apartment,2,0,4.0,449340.0
4484,HP-2021-14483,2587.0,6,4,7.0,Urban,Unfurnished,Apartment,2,1,5.3,753428.0
4485,HP-2022-14484,2176.0,4,3,0.0,Suburban,,Studio,1,0,8.0,537208.0
4486,HP-2023-14485,1084.0,4,2,10.0,Suburban,Semi-Furnished,Apartment,1,0,8.2,360516.0
4487,HP-2024-14486,2494.0,2,2,2.0,Downtown,Furnished,Apartment,2,1,25.9,527767.0
4488,HP-2018-14487,1795.0,2,1,17.0,Urban,Furnished,Apartment,2,0,8.5,359314.0
4489,HP-2019-14488,2817.0,4,3,4.0,Downtown,Unfurnished,Independent House,1,1,,723979.0
4490,HP-2020-14489,2201.0,3,2,13.0,Urban,Semi-Furnished,Apartment,0,1,3.2,491454.0
4491,HP-2021-14490,2477.0,3,1,12.0,Urban,Semi-Furnished,Studio,1,0,5.2,447715.0
4492,HP-2022-14491,1530.0,3,2,12.0,Suburban,Unfurnished,Independent House,3,1,2.4,418109.0
4493,HP-2023-14492,1787.0,4,2,4.0,Suburban,,Apartment,1,0,3.8,459573.0
4494,HP-2024-14493,1879.0,2,1,4.0,Rural,,Villa,1,0,14.8,418187.0
4495,HP-2018-14494,2800.0,4,2,24.0,Downtown,Furnished,Apartment,0,1,15.7,640866.0
4496,HP-2019-14495,3374.0,2,1,0.0,Suburban,Unfurnished,Villa,0,1,7.9,640540.0
4497,HP-2020-14496,1636.0,2,1,2.0,Urban,Semi-Furnished,Villa,2,0,7.0,426223.0
4498,HP-2021-14497,2954.0,3,2,11.0,Urban,Unfurnished,Villa,1,1,4.5,677375.0
4499,HP-2022-14498,681.0,2,1,20.0,Suburban,Semi-Furnished,Studio,1,0,8.1,184476.0
4500,HP-2023-14499,1364.0,5,2,5.0,Urban,Semi-Furnished,Villa,0,0,13.1,498930.0
4501,HP-2024-14500,1529.0,2,1,13.0,Downtown,Furnished ,Independent House,1,1,10.7,431995.0
4502,HP-2018-14501,1253.0,2,1,10.0,Urban,Semi-Furnished,Studio,2,0,0.5,310022.0
4503,HP-2019-14502,1091.0,3,2,1.0,Urban,Unfurnished,Apartment,1,1,10.5,343983.0
4504,HP-2020-14503,2489.0,3,1,12.0,Downtown,Furnished,Studio,2,1,10.2,488817.0
4505,HP-2021-14504,,1,1,20.0,Downtown,Unfurnished,Apartment,0,1,0.8,414484.0
4506,HP-2022-14505,2466.0,1,1,59.0,Urban,Furnished,Apartment,1,1,1.3,353873.0
4507,HP-2023-14506,2683.0,6,3,0.0,Urban,SEMI-FURNISHED,Villa,1,1,12.4,782881.0
4508,HP-2024-14507,2386.0,4,3,13.0,Rural,Furnished,Apartment,3,1,6.5,575355.0
4509,HP-2018-14508,2660.0,3,2,6.0,Downtown,Semi-Furnished,Apartment,1,0,13.8,579154.0
4510,HP-2019-14509,2151.0,3,2,0.0,Downtown,Semi-Furnished,Apartment,2,1,1.6,560187.0
4511,HP-2020-14510,1369.0,3,2,11.0,Urban,Semi-Furnished,Apartment,1,0,0.5,405349.0
4512,HP-2021-14511,2940.0,3,1,2.0,Suburban,Semi-Furnished,Apartment,0,0,1.4,547700.0
4513,HP-2022-14512,1788.0,4,3,6.0,Urban,Semi-Furnished,Apartment,1,0,4.8,519368.0
4514,HP-2023-14513,1545.0,5,3,4.0,Urban,Furnished,Independent House,3,1,5.9,581791.0
4515,HP-2024-14514,2075.0,2,1,5.0,Urban,Unfurnished,Villa,1,0,15.6,438989.0
4516,HP-2018-14515,1561.0,5,3,8.0,Urban,Unfurnished,Villa,2,0,10.1,568888.0
4517,HP-2019-14516,1908.0,2,1,5.0,Rural,Semi-Furnished,Apartment,3,0,37.2,332972.0
4518,HP-2020-14517,2441.0,2,1,10.0,Suburban,Semi-Furnished,Studio,0,0,0.7,408896.0
4519,HP-2021-14518,2444.0,1,2,3.0,Downtown,semi-furnished,Apartment,1,0,1.1,444135.0
4520,HP-2022-14519,1572.0,2,1,12.0,Rural,Semi-Furnished,Apartment,1,1,0.7,347964.0
4521,HP-2023-14520,1859.0,5,3,23.0,Urban,Semi-Furnished,Studio,1,0,6.2,501168.0
4522,HP-2024-14521,2952.0,3,3,3.0,Urban,Semi-Furnished,Independent House,0,1,2.5,652679.0
4523,HP-2018-14522,2547.0,2,2,9.0,Urban,Unfurnished,Studio,2,0,9.2,475121.0
4524,HP-2019-14523,3653.0,6,3,13.0,Rural,Semi-Furnished,Apartment,2,0,1.1,761841.0
4525,HP-2020-14524,3026.0,5,3,10.0,Downtown,Semi-Furnished,Villa,2,1,0.9,823081.0
4526,HP-2021-14525,3001.0,4,2,5.0,Suburban,Furnished,Apartment,3,0,4.9,622896.0
4527,HP-2022-14526,1228.0,5,4,12.0,Downtown, Unfurnished,Studio,0,0,3.8,463024.0
4528,HP-2023-14527,2735.0,2,2,0.0,Urban,Semi-Furnished,Apartment,1,1,14.1,541442.0
4529,HP-2024-14528,2163.0,5,3,6.0,Urban,Furnished,Apartment,1,0,14.5,598899.0
4530,HP-2018-14529,1814.0,4,2,9.0,Suburban,Unfurnished,Apartment,1,0,1.0,501735.0
4531,HP-2019-14530,2318.0,5,2,0.0,Downtown,Unfurnished,Independent House,0,0,13.4,641513.0
4532,HP-2020-14531,2862.0,4,3,9.0,Urban,Semi-Furnished,Apartment,1,0,6.6,650019.0
4533,HP-2021-14532,2551.0,3,2,13.0,Urban,Unfurnished,Studio,2,0,5.6,514933.0
4534,HP-2022-14533,1585.0,4,3,17.0,Suburban,Semi-Furnished,Studio,3,1,0.8,419318.0
4535,HP-2023-14534,2720.0,3,1,1.0,Urban,furnished,Villa,0,0,39.606247229866455,586463.0
4536,HP-2024-14535,1754.0,3,1,56.0,Downtown,,Villa,2,0,0.5,404898.0
4537,HP-2018-14536,2352.0,2,2,11.0,Suburban, Unfurnished,Studio,2,1,2.6,448015.0
4538,HP-2019-14537,1988.0,5,3,5.0,Suburban,Furnished,Studio,1,0,0.8,535711.0
4539,HP-2020-14538,2047.0,3,2,3.0,Rural,Unfurnished,Studio,0,0,6.1,425391.0
4540,HP-2021-14539,2736.0,3,2,10.0,Downtown,Unfurnished,Studio,3,0,8.3,551631.0
4541,HP-2022-14540,1472.0,3,2,26.0,Urban,Unfurnished,Apartment,2,0,17.7,372327.0
4542,HP-2023-14541,3562.0,6,4,9.0,Suburban,Furnished,Apartment,3,0,10.6,856307.0
4543,HP-2024-14542,925.0,3,2,,Urban,Semi-Furnished,Independent House,1,0,26.0,351693.0
4544,HP-2018-14543,1782.0,4,3,5.0,Downtown,Furnished,Apartment,1,1,11.4,536048.0
4545,HP-2019-14544,2459.0,5,3,6.0,Downtown,Semi-Furnished,Apartment,1,0,2.8,689419.0
4546,HP-2020-14545,2609.0,3,2,4.0,Suburban,furnished,Villa,3,1,6.3,627122.0
4547,HP-2021-14546,2130.0,3,2,15.0,Downtown,Semi-Furnished,Independent House,1,0,4.9,517136.0
4548,HP-2022-14547,2160.0,4,2,5.0,Suburban,Furnished,Independent House,0,0,6.7,520414.0
4549,HP-2023-14548,2487.0,5,3,3.0,Downtown,Semi-Furnished,Studio,1,0,6.8,657911.0
4550,HP-2024-14549,2038.0,4,3,6.0,Urban,Furnished,Independent House,1,0,9.7,563840.0
4551,HP-2018-14550,3175.0,2,1,,Urban,Semi-Furnished,Apartment,1,0,0.7,519218.0
4552,HP-2019-14551,2788.0,5,3,16.0,Downtown,Furnished,Apartment,2,1,11.0,719734.0
4553,HP-2020-14552,2811.0,3,2,5.0,Urban,Semi-Furnished,Apartment,1,1,1.2,592797.0
4554,HP-2021-14553,1524.0,4,1,28.0,Downtown,Semi_Furnished,Apartment,1,0,0.5,405980.0
4555,HP-2022-14554,2144.0,5,4,1.0,Downtown,Furnished,Apartment,0,0,5.9,681856.0
4556,HP-2023-14555,1990.0,2,1,1.0,Downtown,Furnished,Apartment,1,0,7.0,429731.0
4557,HP-2024-14556,1496.0,4,1,2.0,Downtown,Unfurnished,Villa,0,1,0.5,498205.0
4558,HP-2018-14557,2452.0,4,3,1.0,Suburban,Semi-Furnished,Villa,1,0,5.8,644441.0
4559,HP-2019-14558,1824.0,5,3,1.0,Rural, Furnished,Independent House,2,0,6.1,574363.0
4560,HP-2020-14559,2659.0,2,1,13.0,Suburban,unfurnished,Studio,1,0,0.5,472008.0
4561,HP-2021-14560,1451.0,3,2,11.0,Suburban,Semi-Furnished,Apartment,1,0,9.9,341896.0
4562,HP-2022-14561,3403.0,5,1,13.0,Suburban,#Furnished,Independent House,1,0,1.9,708703.0
4563,HP-2023-14562,1573.0,1,1,14.0,Rural,UNFURNISHED,Apartment,1,1,12.7,279420.0
4564,HP-2024-14563,2354.0,2,1,17.0,Urban,Unfurnished,Studio,1,0,3.0,412783.0
4565,HP-2018-14564,2754.0,6,4,3.0,Downtown,Semi-Furnished,Apartment,2,0,5.2,786561.0
4566,HP-2019-14565,1801.0,3,2,12.0,Urban,Unfurnished,Apartment,2,1,17.8,411557.0
4567,HP-2020-14566,2797.0,6,4,10.0,Urban,Furnished,Apartment,2,0,13.1,782026.0
4568,HP-2021-14567,1340.0,2,1,35.0,Rural,Unfurnished,Villa,1,1,12.2,280702.0
4569,HP-2022-14568,3216.0,3,1,3.0,Urban,Furnished ,Apartment,1,0,1.4,585266.0
4570,HP-2023-14569,2210.0,4,4,1.0,Downtown,Semi-Furnished,Studio,2,0,0.5,626567.0
4571,HP-2024-14570,1783.0,4,3,13.0,Suburban,Semi-Furnished,Apartment,1,0,7.4,507419.0
4572,HP-2018-14571,1991.0,4,2,16.0,Downtown,Furnished,Apartment,1,0,4.2,518538.0
4573,HP-2019-14572,2766.0,3,2,4.0,Downtown,Unfurnished,Apartment,2,0,19.2,579537.0
4574,HP-2020-14573,1791.0,5,3,10.0,Urban,Furnished,Apartment,1,0,3.4,555234.0
4575,HP-2021-14574,1675.0,2,2,1.0,Suburban,Unfurnished,Independent House,2,0,4.2,416302.0
4576,HP-2022-14575,2045.0,3,1,39.0,Urban,Semi-Furnished,Independent House,1,1,6.0,417824.0
4577,HP-2023-14576,1376.0,2,1,1.0,Suburban,Unfurnished,Apartment,1,0,12.7,298861.0
4578,HP-2024-14577,3474.0,4,1,1.0,Downtown,Furnished,Apartment,2,1,2.5,708733.0
4579,HP-2018-14578,1804.0,3,2,1.0,Urban,Semi-Furnished,Apartment,1,0,22.8,417398.0
4580,HP-2019-14579,2782.0,3,2,7.0,Downtown,Unfurnished,Apartment,1,1,6.2,611426.0
4581,HP-2020-14580,2347.0,3,2,1.0,Urban,Semi-Furnished,Independent House,0,0,52.92079796282691,527980.0
4582,HP-2021-14581,1511.0,1,1,16.0,Urban,Semi-Furnished,Independent House,1,0,6.0,298768.0
4583,HP-2022-14582,2196.0,2,1,,Urban,Furnished,Apartment,0,0,11.8,353366.0
4584,HP-2023-14583,2749.0,4,3,4.0,Urban,Furnished,Villa,1,1,0.5,711515.0
4585,HP-2024-14584,2068.0,3,2,,Suburban,Unfurnished,Independent House,3,1,12.8,494018.0
4586,HP-2018-14585,3035.0,5,3,1.0,Urban,Semi-Furnished,Apartment,2,0,5.9,723869.0
4587,HP-2019-14586,2915.0,4,2,6.0,Rural,Semi-Furnished,Independent House,2,1,4.8,639453.0
4588,HP-2020-14587,2843.0,1,1,4.0,Rural,Furnished,Studio,2,0,0.9,425134.0
4589,HP-2021-14588,1878.0,4,2,3.0,Suburban,Semi-Furnished,Apartment,1,0,10.8,502039.0
4590,HP-2022-14589,1444.0,2,2,12.0,Suburban,Semi-Furnished,Villa,1,1,1.1,417826.0
4591,HP-2023-14590,1770.0,4,1,2.0,Rural,Furnished,Independent House,1,0,1.7,446948.0
4592,HP-2024-14591,2337.0,6,4,24.0,Downtown,Semi-Furnished,Independent House,2,0,1.1,719234.0
4593,HP-2018-14592,2582.0,3,2,13.0,Urban,Furnished,Independent House,1,1,0.5,547788.0
4594,HP-2019-14593,680.0,4,2,15.0,Downtown,,Independent House,1,1,8.7,371453.0
4595,HP-2020-14594,2194.0,2,1,33.0,Urban,Semi-Furnished,Apartment,2,0,2.5,360799.0
4596,HP-2021-14595,2311.0,3,1,34.0,Suburban,Furnished,Studio,0,0,1.3,385041.0
4597,HP-2022-14596,2006.0,5,3,10.0,Suburban,Furnished,Villa,0,0,3.1,644024.0
4598,HP-2023-14597,3104.0,2,2,8.0,Downtown,Furnished,Independent House,1,0,5.5,608057.0
4599,HP-2024-14598,2495.0,3,2,5.0,Urban,Furnished,Apartment,1,0,5.6,507161.0
4600,HP-2018-14599,3117.0,3,2,15.0,Urban,Semi-Furnished,Independent House,1,1,3.7,639352.0
4601,HP-2019-14600,2049.0,4,2,9.0,Rural,Furnished,Villa,1,0,5.5,527285.0
4602,HP-2020-14601,2856.0,3,2,32.0,Downtown,Semi-Furnished,Apartment,1,0,4.5,575330.0
4603,HP-2021-14602,3345.0,5,3,3.0,Suburban,Semi-Furnished,Studio,1,1,13.8,700104.0
4604,HP-2022-14603,3118.0,2,1,4.0,Downtown,Unfurnished,Apartment,1,1,0.5,563841.0
4605,HP-2023-14604,1436.0,3,2,5.0,Downtown,Furnished,Independent House,3,0,16.2,465798.0
4606,HP-2024-14605,2022.0,4,3,20.0,Suburban,Furnished,Apartment,1,0,2.2,476628.0
4607,HP-2018-14606,1958.0,2,2,1.0,Urban,Furnished,Independent House,2,1,10.2,487888.0
4608,HP-2019-14607,2542.0,4,4,7.0,Suburban,Semi-Furnished,Apartment,2,0,4.2,622104.0
4609,HP-2020-14608,2680.0,2,1,7.0,Rural,Semi-Furnished,Independent House,1,0,2.8,495753.0
4610,HP-2021-14609,1613.0,2,2,1.0,Downtown,Semi-Furnished,Studio,1,0,7.6,381169.0
4611,HP-2022-14610,2247.0,2,1,6.0,Suburban,FURNISHED,Independent House,1,0,11.7,429906.0
4612,HP-2023-14611,786.0,5,3,9.0,Urban,Furnished,Apartment,2,0,4.8,439438.0
4613,HP-2024-14612,3209.0,3,2,1.0,Rural,Semi-Furnished,Apartment,1,1,5.0,614213.0
4614,HP-2018-14613,1841.0,4,2,9.0,Suburban,Furnished,Independent House,0,1,0.5,485430.0
4615,HP-2019-14614,2239.0,3,2,38.0,Suburban,#Unfurnished,Apartment,0,0,20.6,392755.0
4616,HP-2020-14615,1983.0,4,3,46.0,Urban,Furnished,Apartment,1,1,15.0,444201.0
4617,HP-2021-14616,3002.0,3,1,9.0,Downtown,Unfurnished,Apartment,1,0,4.1,565812.0
4618,HP-2022-14617,500.0,5,4,9.0,Urban,Furnished,Apartment,3,1,11.6,401861.0
4619,HP-2023-14618,2188.0,4,2,4.0,Suburban,#Unfurnished,Apartment,1,1,3.0,579628.0
4620,HP-2024-14619,2126.0,4,4,60.0,Suburban,Semi-Furnished,Independent House,1,1,10.5,515456.0
4621,HP-2018-14620,1882.0,1,1,50.06150425391125,Downtown,Semi-Furnished,Apartment,2,0,5.8,334919.65821847576
4622,HP-2019-14621,3408.0,3,2,7.0,Suburban,Semi-Furnished,Apartment,2,1,4.9,639996.0
4623,HP-2020-14622,1579.0,3,2,0.0,Suburban,semi-furnished,Independent House,1,0,0.5,450282.0
4624,HP-2021-14623,2740.0,5,3,5.0,Urban,Furnished,Apartment,1,0,26.9,675918.0
4625,HP-2022-14624,,3,2,1.0,Downtown,Unfurnished,Apartment,1,0,14.5,1149656.1834072908
4626,HP-2023-14625,3083.0,3,2,16.0,Urban,Semi-Furnished,Independent House,1,0,12.6,612163.0
4627,HP-2024-14626,1733.0,3,3,10.0,Suburban,Unfurnished,Independent House,1,0,2.9,490958.0
4628,HP-2018-14627,1687.0,2,2,10.0,Suburban,Semi-Furnished,Apartment,1,0,2.7,351942.0
4629,HP-2019-14628,2967.0,2,1,4.0,Downtown,Semi-Furnished,Independent House,0,0,6.8,570125.0
4630,HP-2020-14629,2498.0,5,2,20.0,Downtown,Semi-Furnished,Studio,3,1,15.0,614109.0
4631,HP-2021-14630,1119.0,3,1,0.0,Downtown,Semi-Furnished,Studio,0,0,21.8,287697.0
4632,HP-2022-14631,1822.0,5,3,5.0,Urban,Unfurnished,Independent House,1,0,2.5,561673.0
4633,HP-2023-14632,2470.0,5,2,13.0,Suburban,Unfurnished,Apartment,3,0,7.5,591568.0
4634,HP-2024-14633,2786.0,3,1,29.0,Urban,#Unfurnished,Independent House,2,0,10.3,524394.0
4635,HP-2018-14634,1725.0,3,3,3.0,Suburban,Furnished,Apartment,1,0,2.1,450107.0
4636,HP-2019-14635,500.0,2,1,9.0,Suburban,Unfurnished,Apartment,0,1,4.2,202920.0
4637,HP-2020-14636,2566.0,5,3,,Urban,Furnished,Studio,3,1,1.7,690621.0
4638,HP-2021-14637,1346.0,3,2,25.0,Suburban,Furnished,Independent House,0,0,9.6,361170.0
4639,HP-2022-14638,788.0,3,1,1.0,Rural,Furnished,Independent House,2,0,15.9,290900.0
4640,HP-2023-14639,500.0,3,1,7.0,Downtown,Furnished,Apartment,2,0,16.8,254841.0
4641,HP-2024-14640,2770.0,3,1,2.0,Downtown,,Apartment,0,0,8.9,554669.0
4642,HP-2018-14641,2290.0,3,3,0.0,Downtown,Unfurnished,Studio,2,1,3.4,580372.0
4643,HP-2019-14642,2042.0,3,2,2.0,Suburban,Furnished,Apartment,3,0,8.7,478551.0
4644,HP-2020-14643,3172.0,4,1,45.0,Downtown,semi-furnished,Apartment,2,1,16.0,603626.0
4645,HP-2021-14644,2646.0,5,4,3.0,Urban,Furnished,Independent House,1,1,7.9,748294.0
4646,HP-2022-14645,3331.0,3,2,33.0,Urban,Semi-Furnished,Villa,2,0,4.3,651846.0
4647,HP-2023-14646,1225.0,3,1,3.0,Urban,Semi-Furnished,Apartment,1,0,20.2,331377.0
4648,HP-2024-14647,2176.0,5,3,32.0,Urban,Semi-Furnished,Independent House,2,0,14.4,585072.0
4649,HP-2018-14648,1068.0,2,2,13.0,Suburban,Unfurnished,Apartment,1,0,17.1,290192.0
4650,HP-2019-14649,2039.0,5,3,1.0,Urban,Semi-Furnished,Independent House,0,0,18.7,599747.0
4651,HP-2020-14650,2026.0,2,2,10.0,Rural,Semi-Furnished,Apartment,1,1,4.0,454255.0
4652,HP-2021-14651,2639.0,4,2,5.0,Rural,Unfurnished,Independent House,0,1,15.7,616454.0
4653,HP-2022-14652,2232.0,4,2,6.0,Rural,Semi-Furnished,Apartment,0,1,6.8,489853.0
4654,HP-2023-14653,2636.0,3,1,7.0,Downtown,Semi-Furnished,Villa,0,1,1.758357615118408,630160.0
4655,HP-2024-14654,2692.0,5,2,7.0,Rural,Semi-Furnished,Independent House,1,0,8.1,629811.0
4656,HP-2018-14655,3708.0,2,2,13.0,Suburban,Unfurnished,Studio,1,0,5.1,608230.0
4657,HP-2019-14656,1979.0,3,2,18.0,Suburban,,Independent House,2,0,2.6,494910.0
4658,HP-2020-14657,1541.0,3,2,5.0,Urban,Unfurnished,Apartment,2,0,106.69852923926493,383000.0
4659,HP-2021-14658,2372.0,4,3,,Suburban,Unfurnished,Independent House,1,0,0.5,553769.0
4660,HP-2022-14659,1638.0,2,1,33.0,Downtown,Unfurnished,Independent House,1,1,23.3,360132.0
4661,HP-2023-14660,3237.0,4,2,0.0,Suburban,Unfurnished,Apartment,1,0,1.4,660948.0
4662,HP-2024-14661,2002.0,3,2,0.0,Urban,Unfurnished,Independent House,1,0,3.8,469793.0
4663,HP-2018-14662,1804.0,2,2,,Suburban,Semi-Furnished,Apartment,2,1,4.3,422397.0
4664,HP-2019-14663,1870.0,4,3,11.0,Urban,Semi-Furnished,Villa,2,1,10.5,600499.0
4665,HP-2020-14664,2703.0,2,2,4.0,Downtown,Unfurnished,Studio,0,0,1.9,515060.0
4666,HP-2021-14665,2090.0,3,2,4.0,Suburban,Unfurnished,Apartment,2,0,34.2,449973.0
4667,HP-2022-14666,1751.0,2,1,14.0,Rural,Unfurnished,Villa,2,1,11.1,429730.0
4668,HP-2023-14667,3366.0,3,2,11.0,Rural,semi-furnished,Apartment,1,0,12.5,612758.0
4669,HP-2024-14668,1601.0,4,2,2.0,Urban,Semi-Furnished,Apartment,1,1,0.9,468223.0
4670,HP-2018-14669,,3,2,26.0,Rural,Semi-Furnished,Independent House,1,0,5.2,457985.0
4671,HP-2019-14670,2657.0,3,1,14.0,Rural,Furnished,Apartment,1,1,23.3,491587.0
4672,HP-2020-14671,1058.0,3,2,5.0,Suburban,Semi-Furnished,Independent House,1,1,2.5,398258.0
4673,HP-2021-14672,2536.0,2,2,14.0,Downtown,furnished,Independent House,1,1,,522266.0
4674,HP-2022-14673,1461.0,3,2,1.0,Urban,Unfurnished,Apartment,0,0,5.3,389337.0
4675,HP-2023-14674,2776.0,6,3,8.0,Rural,Unfurnished,Apartment,1,0,21.3,652899.0
4676,HP-2024-14675,1526.0,5,3,2.0,Suburban,Furnished,Apartment,0,1,5.3,530524.0
4677,HP-2018-14676,2685.0,2,1,1.0,Rural,Furnished,Studio,1,0,4.2,421142.0
4678,HP-2019-14677,2974.0,1,1,5.0,Suburban,Unfurnished,Independent House,1,1,8.4,533044.0
4679,HP-2020-14678,2803.0,5,4,2.0,Downtown,Semi-Furnished,Studio,1,1,22.1,750216.0
4680,HP-2021-14679,2376.0,3,2,12.0,Suburban,Semi-Furnished,Independent House,1,0,0.5,518387.0
4681,HP-2022-14680,2038.0,3,3,13.0,Suburban,Semi-Furnished,Apartment,2,1,1.3,478603.0
4682,HP-2023-14681,1797.0,4,3,2.0,Rural,Furnished,Independent House,2,0,1.1,514818.0
4683,HP-2024-14682,3230.0,3,2,0.0,Downtown,Furnished,Independent House,1,1,0.7,715389.0
4684,HP-2018-14683,1710.0,3,2,19.0,Downtown,Unfurnished,Apartment,1,1,2.9,458829.0
4685,HP-2019-14684,1474.0,6,3,0.0,Suburban,Unfurnished,Apartment,2,0,2.1,561038.0
4686,HP-2020-14685,2666.0,4,2,,Rural,Furnished,Independent House,2,0,6.4,553596.0
4687,HP-2021-14686,1643.0,2,2,8.0,Downtown,Furnished,Independent House,1,1,3.2,454551.0
4688,HP-2022-14687,1535.0,2,2,20.0,Urban,Semi-Furnished,Apartment,2,0,4.2,312403.0
4689,HP-2023-14688,1189.0,2,1,22.0,Downtown,Furnished,Villa,1,0,22.8,285306.0
4690,HP-2024-14689,1862.0,4,3,15.0,Urban,Furnished,Independent House,1,1,1.4,573769.0
4691,HP-2018-14690,2142.0,3,3,,Downtown,Furnished,Independent House,3,0,3.9,569202.0
4692,HP-2019-14691,2370.0,1,1,15.0,Urban,Furnished,Villa,1,0,2.4,450451.0
4693,HP-2020-14692,2866.0,5,2,3.0,Suburban,Semi-Furnished,Apartment,3,0,,669075.0
4694,HP-2021-14693,2569.0,2,1,3.0,Downtown,unfurnished,Studio,1,0,10.7,453444.0
4695,HP-2022-14694,2066.0,1,1,10.0,Suburban,Semi-Furnished,Apartment,1,1,13.6,347050.0
4696,HP-2023-14695,2061.0,2,2,14.0,Downtown,Furnished,Apartment,1,1,5.8,443604.0
4697,HP-2024-14696,2557.0,2,2,1.0,Rural, Furnished,Villa,2,1,15.4,546606.0
4698,HP-2018-14697,3091.0,3,3,1.0,Suburban,unfurnished,Apartment,0,0,12.3,612008.0
4699,HP-2019-14698,2288.0,5,2,18.0,Suburban,SEMI-FURNISHED,Villa,2,1,1.4,627754.0
4700,HP-2020-14699,1872.0,5,3,,Urban,Semi-Furnished,Apartment,2,0,2.3,533216.0
4701,HP-2021-14700,1505.0,3,2,11.0,Suburban,Unfurnished,Independent House,1,0,8.9,387668.0
4702,HP-2022-14701,1188.0,3,1,7.0,Urban,Semi-Furnished,Apartment,0,1,29.4,328725.0
4703,HP-2023-14702,2666.0,3,1,22.0,Suburban,Semi-Furnished,Villa,1,0,3.8,529408.0
4704,HP-2024-14703,2605.0,2,2,16.0,Urban,Unfurnished,Apartment,2,0,2.1,476592.0
4705,HP-2018-14704,2604.0,2,1,10.0,Rural,Semi-Furnished,Studio,2,0,16.3,400488.0
4706,HP-2019-14705,2110.0,5,4,5.0,Urban,Semi-Furnished,Apartment,1,1,1.8,640179.0
4707,HP-2020-14706,3185.0,2,1,3.0,Urban,#Semi-Furnished,Independent House,1,1,9.6,586917.0
4708,HP-2021-14707,1861.0,2,1,7.0,Suburban,Unfurnished,Apartment,1,0,0.5,373722.0
4709,HP-2022-14708,2869.0,3,2,4.0,Urban,unfurnished,Studio,1,0,0.5,557020.0
4710,HP-2023-14709,2173.0,3,3,46.21708814495966,Urban,Unfurnished,Villa,1,0,4.8,532078.2862211023
4711,HP-2024-14710,1774.0,1,1,9.0,Downtown,Semi-Furnished,Apartment,2,0,8.5,353347.0
4712,HP-2018-14711,2615.0,2,1,2.0,Suburban,Unfurnished,Studio,3,1,1.2,486261.0
4713,HP-2019-14712,2487.0,3,1,20.0,Urban,Semi-Furnished,Studio,2,1,11.5,458592.0
4714,HP-2020-14713,2450.0,4,2,2.0,Urban,Semi-Furnished,Independent House,1,1,1.1,641299.0
4715,HP-2021-14714,2257.0,2,1,8.0,Suburban,Furnished,Apartment,1,1,6.1,436890.0
4716,HP-2022-14715,2173.0,3,2,16.0,Downtown,#Semi-Furnished,Independent House,0,1,2.9,546185.0
4717,HP-2023-14716,3872.0,3,1,8.0,Suburban,Furnished,Apartment,1,1,11.2,673326.0
4718,HP-2024-14717,3029.0,5,3,5.0,Urban,Unfurnished,Apartment,1,1,13.0,723944.0
4719,HP-2018-14718,2706.0,3,2,8.0,Suburban,Semi-Furnished,Studio,1,1,0.5,518595.0
4720,HP-2019-14719,2278.0,2,1,23.0,Rural,Semi-Furnished,Apartment,2,0,1.7,350305.0
4721,HP-2020-14720,2905.0,3,1,56.0,Suburban,Unfurnished,Villa,1,0,17.9,493214.0
4722,HP-2021-14721,2563.0,4,3,12.0,Urban,Semi-Furnished,Studio,3,0,4.3,600976.0
4723,HP-2022-14722,2218.0,2,1,19.0,Suburban,Unfurnished,Villa,1,1,5.2,451759.0
4724,HP-2023-14723,1988.0,3,2,0.0,Downtown,Unfurnished,Independent House,1,0,1.5,528092.0
4725,HP-2024-14724,2143.0,1,1,25.0,Urban,Furnished,Independent House,1,1,42.2,372155.0
4726,HP-2018-14725,500.0,1,1,37.0,Suburban,semi-furnished,Villa,1,1,20.5,174243.0
4727,HP-2019-14726,2347.0,3,1,,Downtown,Unfurnished,Apartment,3,0,0.5,493753.0
4728,HP-2020-14727,1858.0,3,3,17.0,Urban, Unfurnished,Villa,1,0,6.4,525373.0
4729,HP-2021-14728,3315.0,5,3,9.0,Rural,Unfurnished,Independent House,3,1,16.5,765835.0
4730,HP-2022-14729,2214.0,4,3,4.0,Suburban,Unfurnished,Apartment,1,0,4.5,568719.0
4731,HP-2023-14730,1368.0,3,3,23.0,Suburban,Semi-Furnished,Villa,1,0,4.6,461504.0
4732,HP-2024-14731,2165.0,3,2,11.0,Rural,Furnished ,Apartment,0,1,3.8,492614.0
4733,HP-2018-14732,1468.0,3,2,10.0,Urban,Furnished,Studio,2,0,0.5,396343.0
4734,HP-2019-14733,2531.0,1,1,13.0,Downtown,Furnished,Independent House,0,0,12.5,444101.0
4735,HP-2020-14734,2404.0,5,3,23.0,Downtown,Furnished,Independent House,3,0,4.9,665184.0
4736,HP-2021-14735,2870.0,6,4,16.0,Suburban,Unfurnished,Independent House,1,1,6.1,824572.0
4737,HP-2022-14736,1646.0,2,1,3.0,Urban,Semi-Furnished,Apartment,1,1,2.4,356607.0
4738,HP-2023-14737,2224.0,2,1,8.0,Suburban,Furnished,Independent House,2,0,12.3,448459.0
4739,HP-2024-14738,1244.0,2,1,47.0,Urban,UNFURNISHED,Villa,0,1,12.6,277024.0
4740,HP-2018-14739,2691.0,4,3,10.0,Suburban,,Apartment,0,1,6.4,588975.0
4741,HP-2019-14740,2563.0,4,2,33.0,Downtown,Furnished,Apartment,2,1,18.8,595749.0
4742,HP-2020-14741,2547.0,5,3,20.0,Suburban,Furnished,Villa,1,1,1.0,659849.0
4743,HP-2021-14742,2201.0,4,3,,Suburban,semi-furnished,Independent House,1,1,12.4,537892.0
4744,HP-2022-14743,2490.0,3,1,5.0,Urban,Unfurnished,Independent House,1,1,6.5,557452.0
4745,HP-2023-14744,3323.0,4,3,4.0,Urban,Furnished,Apartment,0,0,8.17811979012208,706422.0
4746,HP-2024-14745,2000.0,4,2,12.0,Rural,Semi-Furnished,Independent House,1,0,1.1,505179.0
4747,HP-2018-14746,2297.0,3,2,7.0,Urban,Furnished,Villa,1,0,2.9,566272.0
4748,HP-2019-14747,1440.0,3,2,19.0,Urban,Furnished,Apartment,2,1,15.5,395861.0
4749,HP-2020-14748,1592.0,4,3,17.0,Rural,Furnished,Apartment,1,0,12.4,421877.0
4750,HP-2021-14749,2268.0,3,1,4.0,Suburban,Furnished,Apartment,2,0,8.3,478410.0
4751,HP-2022-14750,2973.0,4,3,15.0,Downtown,Semi-Furnished,Independent House,0,0,0.8,714529.0
4752,HP-2023-14751,2021.0,4,3,8.0,Urban,Semi-Furnished,Independent House,0,0,24.8,572890.0
4753,HP-2024-14752,2035.0,4,2,5.0,Urban,Furnished,Apartment,1,0,2.9,540693.0
4754,HP-2018-14753,1915.0,4,2,6.0,Suburban,Furnished,Apartment,2,1,7.5,500484.0
4755,HP-2019-14754,1826.0,3,2,27.0,Suburban,Unfurnished,Independent House,2,1,13.0,448611.0
4756,HP-2020-14755,2406.0,4,2,5.0,Rural,,Apartment,0,1,1.1,547303.0
4757,HP-2021-14756,1152.0,3,3,4.0,Suburban,unfurnished,Apartment,0,1,8.4,387580.0
4758,HP-2022-14757,3097.0,2,2,5.0,Urban,Unfurnished,Independent House,2,1,0.5,603332.0
4759,HP-2023-14758,1734.0,1,1,3.0,Suburban,Semi-Furnished,Villa,2,0,0.9,390768.0
4760,HP-2024-14759,2705.0,3,2,9.0,Urban,Furnished,Independent House,2,0,10.3,598137.0
4761,HP-2018-14760,1311.0,4,2,2.0,Urban,Furnished,Villa,1,0,1.3,523425.0
4762,HP-2019-14761,2668.0,6,4,20.0,Suburban,Semi-Furnished,Independent House,1,1,4.7,768590.0
4763,HP-2020-14762,2670.0,3,3,3.0,Urban,Semi-Furnished,Villa,2,0,2.3,665322.0
4764,HP-2021-14763,2469.0,3,1,11.0,Urban,semi-furnished,Villa,1,1,4.4,561378.0
4765,HP-2022-14764,1504.0,2,1,2.0,Rural,unfurnished,Villa,1,1,0.6,362307.0
4766,HP-2023-14765,2375.0,2,2,46.0,Suburban,Semi-Furnished,Independent House,1,0,11.2,442589.0
4767,HP-2024-14766,,4,1,7.0,Urban,Un-furnished,Studio,1,0,0.7,358953.0
4768,HP-2018-14767,2023.0,2,1,21.0,Urban,Semi-Furnished,Apartment,3,1,14.6,358408.0
4769,HP-2019-14768,2921.0,4,2,18.0,Downtown,Furnished,Apartment,3,1,8.7,671698.0
4770,HP-2020-14769,2758.0,4,1,15.0,Rural,Semi-Furnished,Villa,1,0,4.3,587235.0
4771,HP-2021-14770,2211.0,3,2,21.0,Downtown,Unfurnished,Villa,0,1,16.1,549899.0
4772,HP-2022-14771,1518.0,5,4,1.0,Suburban,Furnished,Villa,2,1,1.6,634458.0
4773,HP-2023-14772,6035.545228467065,3,1,14.0,Downtown,Unfurnished,Studio,1,1,2.5,1098797.681181453
4774,HP-2024-14773,2214.0,3,3,4.0,Rural,Furnished,Apartment,1,0,1.2,506179.0
4775,HP-2018-14774,576.0,5,4,18.0,Urban,UNFURNISHED,Studio,1,0,3.8,384250.0
4776,HP-2019-14775,2748.0,5,3,38.0,Rural,Semi-Furnished,Apartment,1,0,34.6,553370.0
4777,HP-2020-14776,2183.0,2,1,28.0,Downtown,Furnished,Studio,0,1,,413745.0
4778,HP-2021-14777,3042.0,1,2,1.0,Suburban,Unfurnished,Independent House,1,1,14.2,562120.0
4779,HP-2022-14778,1433.0,2,2,6.0,Urban,,Apartment,0,1,8.4,314513.0
4780,HP-2023-14779,500.0,3,2,5.0,Suburban,Semi-Furnished,Villa,2,1,0.5,348444.0
4781,HP-2024-14780,2395.0,6,4,,Urban,Unfurnished,Apartment,3,1,,750059.0
4782,HP-2018-14781,2404.0,3,2,1.0,Urban,Un-furnished,Apartment,2,1,28.3,508823.0
4783,HP-2019-14782,1017.0,3,1,6.0,Rural,Semi_Furnished,Apartment,1,0,20.7,243234.0
4784,HP-2020-14783,1515.0,5,3,58.0,Suburban,Unfurnished,Apartment,1,0,5.6,427515.0
4785,HP-2021-14784,4129.0,3,2,10.0,Suburban,Furnished,Villa,2,1,2.0,797798.0
4786,HP-2022-14785,1986.0,3,1,12.0,Urban,Furnished,Independent House,3,1,4.0,449372.0
4787,HP-2023-14786,2712.0,5,3,8.0,Suburban,Furnished,Studio,1,0,7.6,654915.0
4788,HP-2024-14787,,5,4,13.0,Downtown,Semi-Furnished,Apartment,1,0,3.8,587892.0
4789,HP-2018-14788,737.0,5,3,,Urban,Furnished,Villa,1,0,9.9,424227.0
4790,HP-2019-14789,2081.0,3,3,11.0,Suburban,Furnished,Studio,1,0,12.7,456413.0
4791,HP-2020-14790,2014.0,4,3,1.0,Urban,Unfurnished,Apartment,1,1,1.9,590488.0
4792,HP-2021-14791,1920.0,2,1,,Suburban,Furnished,Apartment,3,0,4.2,359638.0
4793,HP-2022-14792,2120.0,4,2,59.0,Rural,Semi-Furnished,Apartment,1,0,25.3,388584.0
4794,HP-2023-14793,2385.0,6,3,6.0,Urban,Semi-Furnished,Studio,1,1,2.3,696917.0
4795,HP-2024-14794,2095.0,3,3,11.0,Urban,Furnished,Villa,3,0,3.4,556201.0
4796,HP-2018-14795,1315.0,4,4,1.0,Suburban,Semi-Furnished,Apartment,1,0,0.5,467388.0
4797,HP-2019-14796,2540.0,3,2,2.0,Suburban,Semi-Furnished,Apartment,2,0,3.2,567323.0
4798,HP-2020-14797,835.0,1,1,25.0,Urban,Semi-Furnished,Villa,0,0,3.7,238681.0
4799,HP-2021-14798,765.0,4,2,4.0,Suburban,Unfurnished,Independent House,3,0,0.8,370782.0
4800,HP-2022-14799,2717.0,2,1,4.0,Urban,Semi-Furnished,Apartment,1,1,0.5,487699.0
4801,HP-2023-14800,,4,2,6.0,Urban,Unfurnished,Villa,3,0,6.9,661228.0
4802,HP-2024-14801,2160.0,2,1,41.0,Urban,Semi-Furnished,Studio,1,1,2.9,354323.0
4803,HP-2018-14802,1223.0,5,4,1.0,Urban,Semi-Furnished,Apartment,1,0,0.5,526675.0
4804,HP-2019-14803,1704.0,3,1,20.0,Suburban,FURNISHED,Apartment,1,1,68.95464526456404,402390.0
4805,HP-2020-14804,2016.0,2,2,5.0,Suburban,Semi-Furnished,Villa,1,1,7.0,497422.0
4806,HP-2021-14805,1083.0,2,2,23.0,Urban,Semi-Furnished,Independent House,1,0,1.5,293912.0
4807,HP-2022-14806,1683.0,5,3,58.0,Urban,Unfurnished,Studio,3,1,16.0,469028.0
4808,HP-2023-14807,2657.0,4,3,5.0,Downtown,Unfurnished,Studio,1,0,2.3,632387.0
4809,HP-2024-14808,3199.0,4,2,2.0,Suburban,Semi-Furnished,Apartment,2,0,2.1,654199.0
4810,HP-2018-14809,1906.0,3,2,2.0,Urban,Semi-Furnished,Independent House,0,1,18.0,504199.0
4811,HP-2019-14810,2730.0,3,2,17.0,Urban,Unfurnished,Independent House,2,1,1.6,625421.0
4812,HP-2020-14811,860.0,2,1,2.0,Downtown,Semi-Furnished,Apartment,1,1,16.9,280875.0
4813,HP-2021-14812,2662.0,3,1,4.0,Urban,furnished,Apartment,3,1,13.0,531569.0
4814,HP-2022-14813,1637.0,2,2,3.0,Suburban,Unfurnished,Independent House,1,1,3.0,415746.0
4815,HP-2023-14814,2415.0,6,4,5.0,Suburban,Unfurnished,Apartment,1,1,0.5,698289.0
4816,HP-2024-14815,2027.0,4,2,1.0,Downtown,Semi-Furnished,Independent House,1,0,0.7,580157.0
4817,HP-2018-14816,3124.0,3,1,23.0,Downtown,Un-furnished,Apartment,2,0,,596491.0
4818,HP-2019-14817,1588.0,2,1,24.0,Downtown,Semi-Furnished,Independent House,2,0,17.7,318731.0
4819,HP-2020-14818,2639.0,4,3,6.0,Suburban,Furnished,Apartment,2,0,4.1,629459.0
4820,HP-2021-14819,2004.0,2,1,11.0,Suburban,Semi-Furnished,Studio,0,0,0.5,337542.0
4821,HP-2022-14820,2089.0,2,2,12.0,Suburban,,Apartment,1,1,6.5,412999.0
4822,HP-2023-14821,2071.0,2,1,17.0,Urban,Semi-Furnished,Studio,3,0,1.9,358028.0
4823,HP-2024-14822,1608.0,3,1,9.0,Rural,Furnished,Apartment,0,1,2.1,334627.0
4824,HP-2018-14823,2190.0,4,2,9.0,Rural,Furnished,Independent House,0,0,1.4,551004.0
4825,HP-2019-14824,2156.0,3,2,12.0,Urban,Unfurnished,Apartment,2,1,11.5,509618.0
4826,HP-2020-14825,2369.0,2,1,15.0,Downtown,Unfurnished,Villa,1,1,0.5,547824.0
4827,HP-2021-14826,2259.0,3,1,5.0,Suburban,Furnished,Villa,2,0,4.6,507098.0
4828,HP-2022-14827,2759.0,4,3,5.0,Suburban,Semi-Furnished,Villa,1,1,0.7,736416.0
4829,HP-2023-14828,2846.0,2,1,4.0,Suburban,Unfurnished,Independent House,3,0,6.4,533821.0
4830,HP-2024-14829,1465.0,2,1,10.0,Urban,Semi-Furnished,Apartment,2,1,3.4,327191.0
4831,HP-2018-14830,2808.0,5,3,5.0,Rural, Furnished,Independent House,2,0,0.5,678185.0
4832,HP-2019-14831,1370.0,6,3,9.0,Downtown,Unfurnished,Studio,1,0,4.9,519620.0
4833,HP-2020-14832,2611.0,6,3,6.0,Suburban,Semi-Furnished,Independent House,1,1,6.8,718070.0
4834,HP-2021-14833,2634.0,4,3,22.0,Downtown,,Studio,2,1,2.3,604660.0
4835,HP-2022-14834,862.0,2,1,1.0,Downtown,Furnished,Apartment,1,0,11.6,285097.0
4836,HP-2023-14835,2265.0,2,1,10.0,Urban,Semi-Furnished,Villa,2,1,3.7,551941.0
4837,HP-2024-14836,1872.0,3,2,10.0,Urban,Unfurnished,Villa,1,0,11.1,493924.0
4838,HP-2018-14837,1669.0,3,2,6.0,Downtown,Unfurnished,Villa,0,0,6.9,490862.0
4839,HP-2019-14838,3146.0,6,4,7.0,Downtown,Semi-Furnished,Villa,1,0,16.3,841269.0
4840,HP-2020-14839,1742.0,4,3,19.0,Rural,Unfurnished,Independent House,1,0,6.3,461935.0
4841,HP-2021-14840,1636.0,4,1,4.0,Urban,Semi-Furnished,Independent House,2,1,1.6,460864.0
4842,HP-2022-14841,2253.0,2,1,25.0,Suburban,Unfurnished,Studio,2,1,,385112.0
4843,HP-2023-14842,2680.0,5,3,27.0,Downtown,Furnished,Apartment,0,0,12.2,674622.0
4844,HP-2024-14843,2101.0,5,2,13.0,Suburban,Furnished,Studio,2,1,28.7,497441.0
4845,HP-2018-14844,3016.0,2,2,18.0,Downtown,Unfurnished,Apartment,2,0,0.8,564305.0
4846,HP-2019-14845,2572.0,5,3,11.0,Urban,Furnished,Apartment,2,0,7.2,650608.0
4847,HP-2020-14846,675.0,3,4,9.0,Urban,Furnished,Independent House,1,1,5.4,410991.0
4848,HP-2021-14847,1829.0,2,1,41.0,Urban,furnished,Villa,1,0,8.9,366856.0
4849,HP-2022-14848,1807.0,4,3,4.0,Suburban,Semi-Furnished,Apartment,2,0,31.4,525510.0
4850,HP-2023-14849,2536.0,4,2,2.0,Urban,Furnished,Independent House,1,1,6.1,617105.0
4851,HP-2024-14850,500.0,2,1,4.0,Rural,Semi-Furnished,Independent House,2,1,9.3,232622.0
4852,HP-2018-14851,3984.0,3,1,11.0,Urban,Unfurnished,Apartment,2,0,3.4,683346.0
4853,HP-2019-14852,2572.0,6,4,2.0,Suburban,Unfurnished,Apartment,2,0,2.8,703406.0
4854,HP-2020-14853,2304.0,4,3,29.0,Rural,Furnished,Apartment,3,0,3.3,548029.0
4855,HP-2021-14854,3027.0,4,3,6.0,Suburban,Furnished,Independent House,2,1,,748982.0
4856,HP-2022-14855,,2,2,23.0,Urban,Furnished,Independent House,0,1,2.7,680880.0
4857,HP-2023-14856,2810.0,2,1,3.0,Urban,Furnished,Apartment,1,1,1.5,511208.0
4858,HP-2024-14857,,3,2,5.0,Suburban,Furnished,Studio,0,1,4.9,531417.0
4859,HP-2018-14858,2291.0,2,1,,Urban,Unfurnished,Villa,1,1,4.9,525711.0
4860,HP-2019-14859,2101.0,2,1,4.0,Rural,Semi-Furnished,Independent House,0,1,11.6,368208.0
4861,HP-2020-14860,1867.0,2,1,8.0,Suburban,Semi-Furnished,Independent House,1,0,5.6,400961.0
4862,HP-2021-14861,1622.0,4,2,35.0,Downtown,SEMI-FURNISHED,Apartment,0,1,5.0,427838.0
4863,HP-2022-14862,1719.0,3,2,6.0,Suburban,Un-furnished,Independent House,1,1,2.1,453871.0
4864,HP-2023-14863,1255.0,5,3,12.0,Rural,Unfurnished,Studio,2,0,15.3,400464.0
4865,HP-2024-14864,2147.0,2,1,7.0,Suburban,Unfurnished,Studio,2,0,0.8,359920.0
4866,HP-2018-14865,1021.0,3,2,1.0,Downtown,Furnished,Apartment,3,0,32.3,359813.0
4867,HP-2019-14866,2334.0,1,1,8.0,Rural,Semi-Furnished,Apartment,1,1,5.2,374859.0
4868,HP-2020-14867,2175.0,3,2,1.0,Rural,Semi-Furnished,Studio,1,0,1.6,445859.0
4869,HP-2021-14868,2303.0,2,2,26.0,Urban,Semi Furnished,Apartment,1,1,3.5,465145.0
4870,HP-2022-14869,1835.0,6,3,17.0,Urban,Unfurnished,Independent House,1,0,0.5,619578.0
4871,HP-2023-14870,4354.0,4,2,6.0,Urban,Furnished,Apartment,1,1,1.5,846750.0
4872,HP-2024-14871,3152.0,3,2,12.0,Urban,Unfurnished,Villa,0,0,3.3,633754.0
4873,HP-2018-14872,1329.0,2,1,1.0,Rural,Furnished,Apartment,1,1,6.5,286166.0
4874,HP-2019-14873,2363.0,4,2,15.0,Urban,Unfurnished,Independent House,2,0,1.1,608903.0
4875,HP-2020-14874,1774.0,4,1,21.0,Urban,Unfurnished,Apartment,2,0,9.0,443211.0
4876,HP-2021-14875,1490.0,2,1,21.0,Urban,Unfurnished,Apartment,1,0,14.9,297495.0
4877,HP-2022-14876,1262.0,3,1,4.0,Rural,Semi-Furnished,Independent House,1,0,6.8,329925.0
4878,HP-2023-14877,2503.0,4,2,4.0,Downtown,semi-furnished,Apartment,1,1,2.8,598818.0
4879,HP-2024-14878,1723.0,4,2,9.0,Suburban,,Apartment,0,1,1.0,452357.0
4880,HP-2018-14879,2877.0,4,2,41.0,Downtown,Semi-Furnished,Apartment,3,0,0.5,612235.0
4881,HP-2019-14880,2896.0,5,3,30.0,Downtown,,Apartment,2,0,10.5,644339.0
4882,HP-2020-14881,3162.0,5,3,5.0,Downtown,UNFURNISHED,Studio,0,1,7.9,773261.0
4883,HP-2021-14882,1603.0,3,2,18.0,Urban,SEMI-FURNISHED,Independent House,1,1,5.2,461609.0
4884,HP-2022-14883,2533.0,3,2,31.0,Downtown,Semi-Furnished,Studio,1,0,0.9,517566.0
4885,HP-2023-14884,2643.0,4,1,4.0,Suburban,Unfurnished,Apartment,1,0,1.9,561743.0
4886,HP-2024-14885,1868.0,4,2,21.0,Downtown,Furnished,Apartment,3,0,13.5,495833.0
4887,HP-2018-14886,1660.0,6,4,4.0,Suburban,Semi-Furnished,Independent House,2,0,5.2,644720.0
4888,HP-2019-14887,3327.0,1,1,5.0,Rural,Semi-Furnished,Apartment,1,1,26.3,480251.0
4889,HP-2020-14888,2359.0,3,2,3.0,Suburban,Unfurnished,Independent House,0,1,45.0,541890.0
4890,HP-2021-14889,2645.0,3,2,8.0,Suburban,Semi-Furnished,Apartment,2,0,12.9,529347.0
4891,HP-2022-14890,1625.0,3,2,22.0,Downtown,,Independent House,1,0,2.4,433928.0
4892,HP-2023-14891,1347.0,2,1,9.0,Suburban,Semi-Furnished,Studio,2,1,2.1,287241.0
4893,HP-2024-14892,1801.0,4,2,2.0,Urban,Furnished,Studio,1,0,2.3,460442.0
4894,HP-2018-14893,2113.0,2,2,3.0,Suburban,Semi-Furnished,Independent House,0,0,34.6,438713.0
4895,HP-2019-14894,1455.0,4,3,10.0,Suburban,Semi-Furnished,Independent House,2,1,3.3,491837.0
4896,HP-2020-14895,2193.0,4,3,11.0,Urban,Furnished,Apartment,1,0,9.8,551205.0
4897,HP-2021-14896,1018.0,3,2,10.0,Downtown,Unfurnished,Villa,1,1,25.6,433354.0
4898,HP-2022-14897,1416.0,3,3,1.0,Downtown,Semi-Furnished,Studio,0,1,13.7,451225.0
4899,HP-2023-14898,2670.0,4,4,17.0,Suburban,Semi-Furnished,Apartment,1,1,7.3,618501.0
4900,HP-2024-14899,2623.0,4,2,29.0,Suburban,Furnished,Villa,2,0,1.5,624694.0
4901,HP-2018-14900,1926.0,5,2,9.0,Urban,Furnished,Villa,1,1,1.5,589334.0
4902,HP-2019-14901,1488.0,5,3,15.0,Rural,unfurnished,Villa,2,1,5.4,521559.0
4903,HP-2020-14902,1481.0,6,5,29.0,Downtown,,Villa,1,0,24.3,637581.0
4904,HP-2021-14903,1939.0,4,1,12.0,Suburban,Unfurnished,Apartment,1,0,,434823.0
4905,HP-2022-14904,2651.0,5,3,13.0,Downtown,Semi-Furnished,Villa,2,0,1.5,742837.0
4906,HP-2023-14905,2850.0,4,2,15.0,Urban,Unfurnished,Apartment,2,1,2.7,636970.0
4907,HP-2024-14906,1852.0,5,3,4.0,Urban,Unfurnished,Villa,1,0,7.1,619390.0
4908,HP-2018-14907,1393.0,1,1,10.0,Urban,Furnished,Apartment,0,0,5.2,220342.0
4909,HP-2019-14908,2387.0,6,4,22.0,Urban,Semi-Furnished,Studio,0,1,1.0,666378.0
4910,HP-2020-14909,1624.0,3,1,4.0,Suburban,Unfurnished,Villa,2,0,,415219.0
4911,HP-2021-14910,1837.0,4,3,27.0,Suburban,Furnished,Independent House,0,0,24.8,469947.0
4912,HP-2022-14911,3128.0,2,2,12.0,Suburban,Semi-Furnished,Apartment,0,0,24.2,496708.0
4913,HP-2023-14912,2779.0,3,2,7.0,Suburban,Semi-Furnished,Villa,1,1,6.6,633042.0
4914,HP-2024-14913,2311.0,3,2,12.0,Urban,Semi-Furnished,Studio,1,1,8.1,513924.0
4915,HP-2018-14914,,3,2,6.0,Downtown,Semi-Furnished,Independent House,2,1,2.0,422577.0
4916,HP-2019-14915,2348.0,2,1,22.0,Urban,Semi-Furnished,Studio,1,0,10.8,348166.0
4917,HP-2020-14916,2944.0,4,2,8.0,Suburban,Semi-Furnished,Apartment,1,1,0.5,625463.0
4918,HP-2021-14917,1937.0,1,1,28.0,Suburban,Furnished,Villa,0,0,2.0,361939.0
4919,HP-2022-14918,3146.0,3,3,9.0,Urban,unfurnished,Independent House,1,0,,680138.0
4920,HP-2023-14919,3105.0,2,1,13.0,Suburban,SEMI-FURNISHED,Apartment,1,1,3.9,516060.0
4921,HP-2024-14920,3365.0,4,2,60.0,Downtown,Unfurnished,Independent House,1,1,15.2,626406.0
4922,HP-2018-14921,2414.0,3,2,2.0,Suburban,Furnished,Villa,1,1,32.4,575083.0
4923,HP-2019-14922,2611.0,3,1,16.0,Suburban,Furnished,Apartment,2,0,8.8,512383.0
4924,HP-2020-14923,3190.0,3,1,2.0,Urban,Semi-Furnished,Villa,2,0,10.9,626641.0
4925,HP-2021-14924,2513.0,4,3,22.0,Suburban,Semi-Furnished,Apartment,1,0,2.4,570218.0
4926,HP-2022-14925,1849.0,2,1,11.0,Downtown,Furnished,Independent House,0,0,5.9,452068.0
4927,HP-2023-14926,1886.0,2,1,33.0,Suburban,Semi-Furnished,Villa,1,0,10.7,357249.0
4928,HP-2024-14927,2367.0,2,1,24.0,Urban,#Semi-Furnished,Apartment,1,1,5.5,420127.0
4929,HP-2018-14928,1297.0,6,3,1.0,Downtown,Furnished,Independent House,2,0,0.7,604557.0
4930,HP-2019-14929,2100.0,3,1,2.0,Urban,Unfurnished,Apartment,3,0,10.8,459327.0
4931,HP-2020-14930,2968.0,4,3,11.0,Downtown,Unfurnished,Independent House,2,0,2.0,738987.0
4932,HP-2021-14931,666.0,2,1,9.0,Rural,Furnished,Apartment,1,0,0.8,216088.0
4933,HP-2022-14932,3274.0,3,2,2.0,Suburban,#Unfurnished,Apartment,2,1,5.2,615658.0
4934,HP-2023-14933,2986.0,2,1,2.0,Rural,Semi-Furnished,Apartment,1,1,0.6,496221.0
4935,HP-2024-14934,1878.0,1,1,,Urban,Semi-Furnished,Studio,2,1,7.9,351461.0
4936,HP-2018-14935,2580.0,3,2,1.0,Urban,Unfurnished,Apartment,1,1,8.2,575026.0
4937,HP-2019-14936,2202.0,3,1,25.0,Urban,Furnished,Apartment,1,0,2.4,437961.0
4938,HP-2020-14937,3061.0,2,1,20.0,Downtown,UNFURNISHED,Apartment,0,1,26.7,526438.0
4939,HP-2021-14938,2888.0,4,1,18.0,Suburban,Furnished ,Apartment,1,0,13.9,548260.0
4940,HP-2022-14939,1220.0,6,3,0.0,Urban,Unfurnished,Apartment,2,0,0.9,555451.0
4941,HP-2023-14940,2611.0,3,2,1.0,Urban,Semi-Furnished,Apartment,2,0,11.0,552872.0
4942,HP-2024-14941,2056.0,4,4,10.0,Downtown,Furnished,Apartment,2,0,3.5,599026.0
4943,HP-2018-14942,2258.0,6,2,60.0,Urban,Furnished,Apartment,3,0,11.1,538836.0
4944,HP-2019-14943,1690.0,5,3,5.0,Urban,Unfurnished,Apartment,0,1,12.9,537758.0
4945,HP-2020-14944,3424.0,3,2,5.0,Urban,Semi-Furnished,Apartment,1,0,1.3,666389.0
4946,HP-2021-14945,2928.0,4,2,2.0,Urban,Unfurnished,Independent House,1,1,8.7,684567.0
4947,HP-2022-14946,1682.0,2,2,13.0,Urban,Semi-Furnished,Villa,2,1,15.9,411359.0
4948,HP-2023-14947,1266.0,3,1,12.0,Suburban,Semi-Furnished,Independent House,1,1,3.1,355531.0
4949,HP-2024-14948,1930.0,3,2,1.0,Suburban,Unfurnished,Independent House,0,1,0.7,491843.0
4950,HP-2018-14949,2504.0,2,1,,Suburban,Furnished,Apartment,1,1,1.652556365869645,485213.0
4951,HP-2019-14950,2368.0,3,3,13.0,Downtown,Furnished,Independent House,3,0,0.9,599469.0
4952,HP-2020-14951,3077.0,2,1,8.0,Rural,furnished,Studio,2,0,0.5,488896.0
4953,HP-2021-14952,2753.0,4,2,13.0,Urban,Furnished,Independent House,1,1,3.2,640228.0
4954,HP-2022-14953,2879.0,3,2,20.0,Urban,Furnished ,Apartment,2,1,2.8,605549.0
4955,HP-2023-14954,2429.0,3,1,14.0,Urban,Furnished,Independent House,0,1,2.748294271485187,496253.0
4956,HP-2024-14955,1227.0,2,1,11.0,Suburban,Semi-Furnished,Independent House,1,1,8.4,295021.0
4957,HP-2018-14956,2063.0,2,1,,Urban,Semi-Furnished,Independent House,2,0,38.5,363806.0
4958,HP-2019-14957,2942.0,4,2,28.0,Downtown,Furnished,Independent House,1,1,18.5,645662.0
4959,HP-2020-14958,2164.0,6,4,6.0,Suburban,Semi-Furnished,Independent House,1,1,2.3,682561.0
4960,HP-2021-14959,2552.0,2,1,2.0,Downtown,Furnished,Apartment,2,0,11.8,520913.0
4961,HP-2022-14960,1977.0,3,1,20.0,Suburban,Unfurnished,Independent House,2,1,22.1,435599.0
4962,HP-2023-14961,1479.0,5,3,3.0,Suburban,Furnished,Villa,3,1,18.9,593397.0
4963,HP-2024-14962,2114.0,2,1,32.0,Downtown,UNFURNISHED,Independent House,0,0,17.3,430491.0
4964,HP-2018-14963,,5,3,0.0,Urban,Semi-Furnished,Apartment,1,1,12.4,650728.0
4965,HP-2019-14964,1741.0,3,2,31.0,Suburban,Unfurnished,Villa,1,0,2.8,449418.0
4966,HP-2020-14965,2035.0,3,2,11.0,Urban,Furnished,Studio,2,0,0.7,465601.0
4967,HP-2021-14966,,3,3,18.0,Suburban,Furnished,Studio,1,0,5.4,408909.0
4968,HP-2022-14967,2983.0,3,2,6.0,Rural,Unfurnished,Apartment,1,1,0.5,591982.0
4969,HP-2023-14968,1994.0,3,3,58.0,Urban,Semi-Furnished,Independent House,0,0,45.0,382155.0
4970,HP-2024-14969,3217.0,5,4,3.0,Suburban,Semi-Furnished,Independent House,2,0,3.5,809292.0
4971,HP-2018-14970,3270.0,4,2,4.0,Downtown,Unfurnished,Villa,1,1,25.4,743398.0
4972,HP-2019-14971,2143.0,4,3,1.0,Suburban,Semi-Furnished,Independent House,0,0,11.9,559672.0
4973,HP-2020-14972,1494.0,4,3,34.0,Urban,Furnished,Apartment,1,0,4.2,425995.0
4974,HP-2021-14973,740.0,3,2,7.0,Rural,Semi-Furnished,Villa,1,1,1.0,342356.0
4975,HP-2022-14974,1170.0,4,3,13.0,Urban,Semi-Furnished,Villa,1,0,2.2,467630.0
4976,HP-2023-14975,1238.0,3,2,14.0,Urban,Unfurnished,Apartment,0,1,8.9,316880.0
4977,HP-2024-14976,3165.0,4,3,25.0,Rural,Unfurnished,Apartment,2,0,14.2,629006.0
4978,HP-2018-14977,,3,3,13.0,Urban,Semi-Furnished,Independent House,0,1,31.1,543757.0
4979,HP-2019-14978,2473.0,4,3,10.0,Downtown,Unfurnished,Apartment,0,0,1.1,618047.0
4980,HP-2020-14979,646.0,5,3,15.0,Urban,Semi-Furnished,Villa,1,1,1.4,504027.0
4981,HP-2021-14980,1361.0,3,1,17.0,Downtown,Unfurnished,Apartment,3,0,0.5,345229.0
4982,HP-2022-14981,,2,1,2.0,Downtown,Furnished,Apartment,0,0,2.4,549927.0
4983,HP-2023-14982,2401.0,3,2,1.0,Suburban,Semi-Furnished,Studio,2,1,13.8,551766.0
4984,HP-2024-14983,2097.0,3,2,1.0,Suburban,furnished,Independent House,2,1,1.8,559938.0
4985,HP-2018-14984,,4,3,6.0,Urban,Semi-Furnished,Apartment,1,1,6.4,626502.0
4986,HP-2019-14985,3345.0,6,4,,Urban,Furnished,Independent House,1,0,4.7,867374.0
4987,HP-2020-14986,2045.0,3,2,11.0,Downtown,Unfurnished,Villa,2,0,3.2,540288.0
4988,HP-2021-14987,2249.0,3,2,38.0,Downtown,Semi-Furnished,Apartment,2,0,7.7,455872.0
4989,HP-2022-14988,2335.0,4,2,5.0,Downtown,Semi-Furnished,Studio,2,0,5.6,593530.0
4990,HP-2023-14989,3874.0,2,2,17.0,Rural, Unfurnished,Apartment,2,0,3.3,636633.0
4991,HP-2024-14990,730.0,3,1,9.0,Rural,Semi-Furnished,Studio,1,1,9.3,235009.0
4992,HP-2018-14991,2678.0,5,4,3.0,Downtown,Semi_Furnished,Apartment,2,0,2.6,719186.0
4993,HP-2019-14992,2120.0,4,2,11.0,Rural,Furnished,Independent House,0,0,8.2,473901.0
4994,HP-2020-14993,2597.0,1,1,41.0,Urban, Unfurnished,Independent House,1,0,25.2,397115.0
4995,HP-2021-14994,1740.0,2,1,2.0,Downtown,Furnished,Studio,2,1,10.4,392830.0
4996,HP-2022-14995,2166.0,4,3,8.0,Downtown,Unfurnished,Apartment,1,0,4.3,574939.0
4997,HP-2023-14996,2698.0,4,3,1.0,Urban,#Unfurnished,Apartment,0,0,11.0,659295.0
4998,HP-2024-14997,4379.0,5,3,5.0,Rural,,Villa,1,1,13.3,937979.0
4999,HP-2018-14998,2766.0,3,2,12.0,Urban,Un-furnished,Apartment,1,0,3.2,542799.0
5000,HP-2019-14999,1606.0,5,4,22.0,Suburban,Semi-Furnished,Studio,2,0,9.8,467475.0
5001,HP-2020-15000,1903.0,3,1,16.0,Urban,Semi-Furnished,Apartment,1,0,4.6,416218.0
5002,HP-2021-15001,1883.0,4,2,7.0,Suburban,Semi-Furnished,Independent House,2,0,13.7,497411.0
5003,HP-2022-15002,943.0,4,3,29.0,Suburban,Semi-Furnished,Villa,1,0,2.8,405371.0
5004,HP-2023-15003,1969.0,2,2,4.0,Suburban,unfurnished,Apartment,0,0,22.2,380799.0
5005,HP-2024-15004,2713.0,6,4,17.0,Downtown,Unfurnished,Villa,1,0,6.8,834725.0
5006,HP-2018-15005,1308.0,2,1,8.0,Downtown,,Independent House,1,0,3.5,366660.0
5007,HP-2019-15006,2934.0,3,2,27.0,Downtown,Semi-Furnished,Apartment,1,0,4.3,570217.0
5008,HP-2020-15007,2541.0,4,2,19.0,Urban, Furnished,Apartment,2,0,3.4,563853.0
5009,HP-2021-15008,1686.0,4,3,28.0,Suburban,Semi-Furnished,Apartment,1,0,1.3,452795.0
5010,HP-2022-15009,5145.897390007249,5,3,3.0,Downtown,Semi-Furnished,Independent House,1,0,0.6,1595800.6633391138
5011,HP-2023-15010,3319.0,3,1,13.0,Downtown,Furnished,Apartment,0,0,3.1,609773.0
5012,HP-2024-15011,2713.0,3,1,16.0,Downtown,Semi-Furnished,Apartment,0,1,4.9,527137.0
5013,HP-2018-15012,2206.0,5,3,16.0,Urban,#Semi-Furnished,Studio,0,0,3.6,544052.0
5014,HP-2019-15013,2034.0,1,1,8.0,Urban,Semi_Furnished,Apartment,2,1,,378028.0
5015,HP-2020-15014,2254.0,5,4,0.0,Rural,Semi-Furnished,Studio,1,1,6.9,596241.0
5016,HP-2021-15015,1842.0,2,1,4.0,Downtown,Unfurnished,Studio,1,1,1.3,401236.0
5017,HP-2022-15016,727.0,5,3,5.0,Urban,Semi-Furnished,Villa,1,1,1.9,505954.0
5018,HP-2023-15017,3630.0,2,1,23.0,Suburban,Semi-Furnished,Apartment,1,1,1.0,598034.0
5019,HP-2024-15018,2309.0,4,2,22.0,Suburban,,Studio,0,1,5.9,486490.0
5020,HP-2018-15019,2479.0,5,4,1.0,Suburban,Semi-Furnished,Apartment,2,1,0.8,715332.0
5021,HP-2019-15020,2159.0,3,1,36.0,Suburban,Semi-Furnished,Apartment,2,0,2.4,424718.0
5022,HP-2020-15021,1685.0,4,3,2.0,Suburban,Furnished,Studio,1,0,4.8,472457.0
5023,HP-2021-15022,2070.0,4,3,6.0,Rural,Semi-Furnished,Apartment,2,0,1.5,567183.0
5024,HP-2022-15023,,4,2,3.0,Rural,Furnished,Independent House,1,1,4.7,431635.0
5025,HP-2023-15024,10092.46019627741,5,3,24.0,Rural,Unfurnished,Apartment,2,0,3.4,1768637.702366092
5026,HP-2024-15025,,3,1,17.0,Downtown,Semi-Furnished,Apartment,3,1,15.8,423860.0
5027,HP-2018-15026,1478.0,2,2,5.0,Urban,#Semi-Furnished,Independent House,1,0,12.7,381491.0
5028,HP-2019-15027,1892.0,1,2,14.0,Suburban,Unfurnished,Studio,1,0,39.5,312402.0
5029,HP-2020-15028,,2,1,2.0,Suburban,Furnished,Apartment,1,0,6.0,537573.0
5030,HP-2021-15029,2210.0,2,3,6.0,Downtown,Unfurnished,Apartment,1,1,6.9,523751.0
5031,HP-2022-15030,1335.0,3,2,6.0,Rural,Semi-Furnished,Apartment,0,1,,360249.0
5032,HP-2023-15031,3078.0,2,1,3.0,Suburban,Unfurnished,Apartment,2,0,4.1,533765.0
5033,HP-2024-15032,2712.0,1,1,25.0,Urban,Furnished,Apartment,0,1,6.5,414334.0
5034,HP-2018-15033,2577.0,1,1,14.0,Urban,,Apartment,1,0,3.8,412558.0
5035,HP-2019-15034,2701.0,5,2,4.0,Suburban,Furnished,Independent House,2,0,6.3,645671.0
5036,HP-2020-15035,,4,1,3.0,Urban,Semi-Furnished,Apartment,2,0,0.7,758049.0
5037,HP-2021-15036,3730.0,3,3,0.0,Rural,Furnished,Independent House,0,1,12.3,718955.0
5038,HP-2022-15037,1719.0,5,3,5.0,Suburban,Unfurnished,Apartment,2,1,33.7,532922.0
5039,HP-2023-15038,3337.0,2,1,9.0,Rural,Furnished ,Studio,3,0,,527523.0
5040,HP-2024-15039,2468.0,6,3,4.0,Urban,Furnished,Apartment,0,0,12.9,685963.0
5041,HP-2018-15040,2549.0,4,3,14.0,Urban,Furnished,Apartment,1,1,2.2,615954.0
5042,HP-2019-15041,1015.0,2,1,6.0,Suburban,Unfurnished,Villa,2,0,1.8,314699.0
5043,HP-2020-15042,2081.0,4,2,5.0,Rural,Unfurnished,Apartment,2,0,9.5,498444.0
5044,HP-2021-15043,,4,3,34.0,Suburban,Unfurnished,Villa,1,0,0.5,496301.0
5045,HP-2022-15044,2780.0,3,1,4.0,Downtown,Furnished,Apartment,1,0,5.0,541589.0
5046,HP-2023-15045,2950.0,5,3,6.0,Suburban,Furnished ,Independent House,2,1,0.5,745271.0
5047,HP-2024-15046,748.0,2,2,6.0,Rural,Semi-Furnished,Apartment,3,0,6.5,265449.0
5048,HP-2018-15047,2185.0,3,2,3.0,Urban,Semi-Furnished,Independent House,2,1,5.0,594381.0
5049,HP-2019-15048,2985.0,2,1,3.0,Suburban,SEMI-FURNISHED,Apartment,3,1,19.8,497094.0
5050,HP-2020-15049,2069.0,2,1,4.0,Urban,Unfurnished,Independent House,2,1,10.2,469489.0
5051,HP-2021-15050,2710.0,2,1,24.0,Urban,Furnished,Independent House,3,0,1.1,505014.0
5052,HP-2022-15051,2446.0,5,4,17.0,Suburban,Semi-Furnished,Apartment,2,0,3.5,635574.0
5053,HP-2023-15052,2439.0,2,1,,Urban,Furnished,Independent House,3,1,21.5,474816.0
5054,HP-2024-15053,2010.0,3,2,7.0,Downtown,Semi-Furnished,Villa,1,1,10.3,540515.0
5055,HP-2018-15054,1348.0,3,2,9.0,Downtown,,Villa,2,0,7.2,439039.0
5056,HP-2019-15055,1415.0,5,4,,Suburban,Unfurnished,Independent House,1,0,6.6,561745.0
5057,HP-2020-15056,2697.0,6,4,1.0,Rural,Semi-Furnished,Apartment,0,0,4.1,747219.0
5058,HP-2021-15057,2214.0,4,2,5.0,Rural,Unfurnished,Villa,1,1,7.0,583868.0
5059,HP-2022-15058,2103.0,6,4,8.0,Rural,Furnished,Studio,1,1,11.8,624458.0
5060,HP-2023-15059,1903.0,4,3,1.0,Suburban,Unfurnished,Independent House,0,1,1.1,550376.0
5061,HP-2024-15060,1986.0,6,2,1.0,Suburban, Unfurnished,Independent House,3,1,28.0,607434.0
5062,HP-2018-15061,2933.0,4,1,4.0,Urban,Unfurnished,Independent House,2,1,2.2,658502.0
5063,HP-2019-15062,1965.0,2,1,5.0,Urban,Semi-Furnished,Independent House,3,0,4.7,418693.0
5064,HP-2020-15063,1261.0,3,1,6.0,Suburban,Semi-Furnished,Studio,3,1,0.5,357896.0
5065,HP-2021-15064,2721.0,4,2,2.0,Suburban,Semi_Furnished,Apartment,1,1,6.4,596974.0
5066,HP-2022-15065,2057.0,3,2,3.0,Suburban,Un-furnished,Apartment,1,0,3.8,449408.0
5067,HP-2023-15066,2222.0,3,2,4.0,Suburban,Furnished,Studio,1,0,2.3,506102.0
5068,HP-2024-15067,3325.0,4,2,1.0,Urban,Furnished,Apartment,1,1,33.9,703319.0
5069,HP-2018-15068,2186.0,5,2,5.0,Downtown,Semi-Furnished,Independent House,2,1,4.5,629619.0
5070,HP-2019-15069,2402.0,1,1,1.0,Suburban,Furnished,Villa,1,1,4.3,455710.0
5071,HP-2020-15070,1375.0,4,1,15.0,Suburban,SEMI-FURNISHED,Villa,1,1,5.0,434742.0
5072,HP-2021-15071,2046.0,4,2,6.0,Suburban,Semi Furnished,Independent House,1,0,1.0,529384.0
5073,HP-2022-15072,2627.0,6,4,5.0,Urban,Furnished,Independent House,1,1,4.0,778652.0
5074,HP-2023-15073,1111.0,5,3,2.0,Rural,Unfurnished,Independent House,0,0,3.3,487921.0
5075,HP-2024-15074,2341.0,4,1,3.0,Urban,Furnished,Villa,2,0,5.0,599219.0
5076,HP-2018-15075,2271.0,3,2,3.0,Suburban,Furnished,Studio,0,0,15.5,453215.0
5077,HP-2019-15076,2229.0,2,1,51.0,Rural,Semi Furnished,Apartment,1,0,1.7,299495.0
5078,HP-2020-15077,2926.0,3,1,22.0,Urban,Furnished,Apartment,0,0,7.5,498101.0
5079,HP-2021-15078,2434.0,4,3,0.0,Suburban,UNFURNISHED,Apartment,2,1,0.5,607728.0
5080,HP-2022-15079,3235.0,5,4,12.0,Suburban,Semi-Furnished,Independent House,1,0,3.0,764485.0
5081,HP-2023-15080,1504.0,4,2,4.0,Urban,Unfurnished,Apartment,0,0,5.1,418062.0
5082,HP-2024-15081,2295.0,2,1,1.0,Suburban,Semi-Furnished,Apartment,1,0,0.6,447415.0
5083,HP-2018-15082,2259.0,4,3,15.0,Suburban,Unfurnished,Apartment,3,1,6.3,588743.0
5084,HP-2019-15083,1452.0,3,2,2.0,Urban,,Villa,3,0,3.0,474717.0
5085,HP-2020-15084,2869.0,1,1,7.0,Suburban,Furnished,Apartment,1,0,39.5,438539.0
5086,HP-2021-15085,3827.0,2,3,12.0,Urban,Furnished,Apartment,2,0,8.0,700335.0
5087,HP-2022-15086,2188.0,2,1,10.0,Rural,Semi-Furnished,Independent House,0,0,2.2,381012.0
5088,HP-2023-15087,2554.0,5,3,46.0,Downtown,Semi-Furnished,Apartment,0,0,0.9,573167.0
5089,HP-2024-15088,2259.0,3,3,18.0,Urban,Furnished,Apartment,1,1,0.5,536328.0
5090,HP-2018-15089,1700.0,3,3,18.0,Downtown,Furnished,Villa,1,0,0.8,531448.0
5091,HP-2019-15090,925.0,6,2,5.0,Suburban,Semi-Furnished,Villa,2,0,9.1,479791.0
5092,HP-2020-15091,1706.0,3,2,0.0,Urban,Semi-Furnished,Villa,3,0,15.4,497458.0
5093,HP-2021-15092,1226.0,1,1,16.0,Urban,Unfurnished,Independent House,0,1,1.4,288677.0
5094,HP-2022-15093,3393.0,3,4,60.0,Suburban,Furnished,Apartment,1,0,4.1,627676.0
5095,HP-2023-15094,6263.367773953929,2,2,6.0,Urban,Semi-Furnished,Villa,1,1,3.5,1242340.9090832975
5096,HP-2024-15095,1958.0,2,1,51.0,Urban,semi-furnished,Apartment,1,1,8.3,320283.0
5097,HP-2018-15096,2822.0,2,1,2.0,Suburban,Furnished,Villa,3,0,1.6,561701.0
5098,HP-2019-15097,1415.0,4,4,4.0,Rural,Semi-Furnished,Studio,2,1,24.5,478470.0
5099,HP-2020-15098,1663.0,2,2,2.0,Suburban,Semi-Furnished,Apartment,2,0,10.4,385236.0
5100,HP-2021-15099,2248.0,3,1,8.0,Suburban,Semi-Furnished,Apartment,1,0,24.8,414380.0
5101,HP-2022-15100,2920.0,5,3,19.0,Rural,Semi-Furnished,Independent House,2,0,2.6,699138.0
5102,HP-2023-15101,2551.0,3,2,5.0,Urban,Furnished,Apartment,1,1,7.1,541623.0
5103,HP-2024-15102,2374.0,5,3,28.0,Urban,Semi-Furnished,Studio,3,0,10.5,566638.0
5104,HP-2018-15103,2255.0,3,1,9.0,Rural,#Furnished,Apartment,0,1,9.9,422990.0
5105,HP-2019-15104,2480.0,3,1,8.0,Suburban,Semi-Furnished,Apartment,1,1,0.5,481061.0
5106,HP-2020-15105,2341.0,4,1,19.0,Urban,Semi-Furnished,Studio,0,0,45.0,418345.0
5107,HP-2021-15106,1479.0,2,2,1.0,Downtown,Furnished,Apartment,1,1,,362296.0
5108,HP-2022-15107,2232.0,2,1,69.00956513731225,Downtown,Furnished,Studio,2,0,1.0,373249.34781043587
5109,HP-2023-15108,1448.0,4,3,3.0,Urban,FURNISHED,Apartment,2,1,6.3,487576.0
5110,HP-2024-15109,2257.0,3,3,4.0,Suburban,Furnished,Studio,2,1,,500186.0
5111,HP-2018-15110,1864.0,4,3,11.0,Urban,Furnished,Apartment,1,1,16.9,529033.0
5112,HP-2019-15111,3978.0,5,3,28.0,Suburban,Semi-Furnished,Apartment,1,1,9.6,763305.0
5113,HP-2020-15112,2172.0,3,2,10.0,Downtown,Furnished,Independent House,2,1,2.0,551699.0
5114,HP-2021-15113,1217.0,4,2,13.0,Urban,Unfurnished,Apartment,2,0,0.5,419262.0
5115,HP-2022-15114,2106.0,3,3,18.0,Downtown,Semi-Furnished,Apartment,1,1,2.8,549239.0
5116,HP-2023-15115,2564.0,6,4,4.0,Downtown,Semi-Furnished,Apartment,2,0,0.5,756324.0
5117,HP-2024-15116,,5,3,21.0,Urban,Furnished,Villa,3,0,1.2,832590.0
5118,HP-2018-15117,1787.0,5,4,6.0,Suburban,Semi-Furnished,Villa,2,1,8.1,644606.0
5119,HP-2019-15118,1092.0,3,3,2.0,Suburban,Semi-Furnished,Villa,1,0,10.9,467141.0
5120,HP-2020-15119,2772.0,4,2,5.0,Suburban,Semi-Furnished,Villa,2,0,5.0,636583.0
5121,HP-2021-15120,1234.0,3,3,3.0,Rural,SEMI-FURNISHED,Apartment,1,0,7.3,350324.0
5122,HP-2022-15121,1895.0,2,1,3.0,Urban,Unfurnished,Apartment,2,0,1.4,399589.0
5123,HP-2023-15122,2020.0,5,3,4.0,Urban,Unfurnished,Apartment,1,0,3.0,568996.0
5124,HP-2024-15123,2151.0,1,1,2.0,Downtown,Semi-Furnished,Apartment,3,0,10.0,397285.0
5125,HP-2018-15124,7375.6217436372235,6,3,13.0,Suburban,Unfurnished,Villa,2,1,3.6,1416776.737358084
5126,HP-2019-15125,1721.0,2,2,10.0,Rural,Unfurnished,Villa,1,0,,412111.0
5127,HP-2020-15126,2008.0,4,2,13.0,Urban,Furnished,Villa,2,0,1.7,568479.0
5128,HP-2021-15127,2190.0,3,1,5.0,Suburban,Semi-Furnished,Studio,1,1,7.2,437776.0
5129,HP-2022-15128,2305.0,3,1,18.0,Suburban,Semi_Furnished,Independent House,1,1,13.3,429978.0
5130,HP-2023-15129,2268.0,2,2,2.0,Rural,Semi_Furnished,Studio,1,1,5.1,430325.0
5131,HP-2024-15130,2505.0,4,2,10.0,Suburban,Unfurnished,Independent House,0,0,,565302.0
5132,HP-2018-15131,2791.0,3,3,4.0,Downtown,Semi-Furnished,Studio,3,0,14.6,606835.0
5133,HP-2019-15132,2475.0,4,3,9.0,Urban,Furnished,Apartment,1,1,0.6,588387.0
5134,HP-2020-15133,2518.0,1,1,5.0,Suburban,SEMI-FURNISHED,Apartment,2,0,5.1,423867.0
5135,HP-2021-15134,1092.0,2,1,19.0,Urban,Unfurnished,Independent House,1,1,2.4,309533.0
5136,HP-2022-15135,2235.0,2,1,27.0,Rural,Unfurnished,Apartment,2,0,22.0,323183.0
5137,HP-2023-15136,2536.0,3,1,16.0,Urban,Furnished,Apartment,1,1,10.7,500479.0
5138,HP-2024-15137,2710.0,4,3,2.0,Suburban,Semi-Furnished,Apartment,1,0,6.7,652306.0
5139,HP-2018-15138,1715.0,5,3,4.0,Urban,Furnished,Villa,3,0,8.8,625352.0
5140,HP-2019-15139,1739.0,2,2,30.0,Rural,Unfurnished,Studio,1,1,6.1,271324.0
5141,HP-2020-15140,1798.0,4,3,7.0,Suburban,Unfurnished,Apartment,2,1,1.3,512701.0
5142,HP-2021-15141,2575.0,4,2,34.0,Rural,Semi-Furnished,Studio,0,1,9.9,483925.0
5143,HP-2022-15142,2924.0,3,2,6.0,Urban,Semi-Furnished,Villa,1,0,5.4,685550.0
5144,HP-2023-15143,1915.0,3,2,36.0,Urban,Unfurnished,Apartment,2,1,8.0,401185.0
5145,HP-2024-15144,2836.0,3,1,31.0,Suburban,Furnished,Independent House,2,0,0.5,521777.0
5146,HP-2018-15145,2286.0,2,1,13.0,Suburban,Unfurnished,Studio,1,0,1.2,365487.0
5147,HP-2019-15146,2113.0,1,1,0.0,Urban,Furnished,Villa,3,0,7.1,467126.0
5148,HP-2020-15147,2052.0,2,1,6.0,Downtown,Semi-Furnished,Apartment,1,1,4.9,428956.0
5149,HP-2021-15148,2723.0,4,3,29.0,Urban,Semi-Furnished,Apartment,1,0,2.1,547732.0
5150,HP-2022-15149,2428.0,2,1,26.0,Suburban,Unfurnished,Villa,1,1,2.2,466781.0
5151,HP-2023-15150,3793.0,2,2,2.0,Suburban,Furnished,Independent House,2,0,8.0,682272.0
5152,HP-2024-15151,1603.0,3,2,6.0,Suburban,#Furnished,Apartment,1,0,,410123.0
5153,HP-2018-15152,2563.0,2,1,22.0,Suburban,Semi-Furnished,Apartment,1,0,4.6,424720.0
5154,HP-2019-15153,1830.0,2,1,10.0,Urban,Semi-Furnished,Independent House,3,0,5.9,421420.0
5155,HP-2020-15154,1591.0,5,2,23.0,Rural,Furnished,Apartment,0,0,2.9,424597.0
5156,HP-2021-15155,2192.0,1,1,21.0,Downtown,Semi Furnished,Independent House,0,0,13.7,385353.0
5157,HP-2022-15156,2296.0,4,3,29.0,Suburban,Furnished,Villa,0,0,0.5,578050.0
5158,HP-2023-15157,4243.0,3,2,1.0,Suburban,Unfurnished,Apartment,1,0,16.1,733827.0
5159,HP-2024-15158,2071.0,4,3,2.0,Urban,Semi-Furnished,Apartment,1,0,10.3,563587.0
5160,HP-2018-15159,1409.0,4,2,1.0,Suburban,Furnished,Studio,0,0,4.7,412381.0
5161,HP-2019-15160,2391.0,2,2,33.0,Suburban,Semi-Furnished,Villa,1,0,20.7,456013.0
5162,HP-2020-15161,748.0,5,3,8.0,Suburban,Furnished,Villa,1,0,9.7,447260.0
5163,HP-2021-15162,2136.0,3,1,1.0,Downtown,Semi-Furnished,Independent House,2,1,21.4,501135.0
5164,HP-2022-15163,2211.0,5,3,5.0,Urban,Semi-Furnished,Apartment,3,0,5.1,635229.0
5165,HP-2023-15164,2756.0,3,1,5.0,Urban,Semi-Furnished,Independent House,2,0,4.8,555897.0
5166,HP-2024-15165,2882.0,6,3,20.0,Suburban,Semi-Furnished,Villa,0,0,6.1,752040.0
5167,HP-2018-15166,1848.0,4,2,16.0,Downtown,Unfurnished,Apartment,0,0,0.5,490350.0
5168,HP-2019-15167,2095.0,6,4,14.0,Urban,Semi-Furnished,Apartment,2,0,19.1,670167.0
5169,HP-2020-15168,1664.0,3,3,0.0,Suburban,Semi-Furnished,Independent House,2,0,8.8,509370.0
5170,HP-2021-15169,1410.0,3,2,29.0,Urban,Furnished,Apartment,1,0,7.7,292484.0
5171,HP-2022-15170,2417.0,4,3,3.0,Downtown,Unfurnished,Studio,1,1,20.9,598373.0
5172,HP-2023-15171,1308.0,5,3,12.0,Suburban,Semi-Furnished,Apartment,2,1,40.5,419173.0
5173,HP-2024-15172,1910.0,6,4,1.0,Downtown,Semi-Furnished,Apartment,1,1,,714148.0
5174,HP-2018-15173,1503.0,3,1,1.0,Suburban,Unfurnished,Villa,1,0,11.1,417183.0
5175,HP-2019-15174,2585.0,4,2,0.0,Downtown,Furnished,Independent House,1,1,6.9,680570.0
5176,HP-2020-15175,,2,2,10.0,Downtown,Furnished,Independent House,2,0,4.9,671167.0
5177,HP-2021-15176,1289.0,3,3,12.0,Downtown,Semi-Furnished,Villa,2,1,30.4,452305.0
5178,HP-2022-15177,903.0,2,2,1.0,Downtown,Semi-Furnished,Apartment,2,0,15.2,293492.0
5179,HP-2023-15178,2113.0,3,3,4.0,Suburban,Semi Furnished,Studio,2,0,9.5,482523.0
5180,HP-2024-15179,2211.0,5,2,23.0,Suburban,Semi-Furnished,Apartment,1,0,3.9,542772.0
5181,HP-2018-15180,2353.0,2,1,1.0,Downtown,Unfurnished,Apartment,2,1,8.8,489192.0
5182,HP-2019-15181,1888.0,4,3,3.0,Suburban,Unfurnished,Apartment,1,1,6.1,532745.0
5183,HP-2020-15182,2060.0,4,3,7.0,Urban,Unfurnished,Villa,1,0,2.3,603696.0
5184,HP-2021-15183,2457.0,2,1,22.0,Rural,Semi-Furnished,Apartment,2,1,4.8,432829.0
5185,HP-2022-15184,2928.0,3,2,4.0,Suburban,Semi-Furnished,Apartment,1,1,1.9,595359.0
5186,HP-2023-15185,831.0,3,2,60.0,Urban,Unfurnished,Apartment,1,0,5.6,218862.0
5187,HP-2024-15186,1942.0,2,1,5.0,Suburban,Furnished,Apartment,3,0,10.2,387598.0
5188,HP-2018-15187,2350.0,4,3,6.0,Rural,unfurnished,Apartment,3,1,0.5,579780.0
5189,HP-2019-15188,1557.0,6,3,2.0,Rural,Semi-Furnished,Apartment,1,0,11.6,528066.0
5190,HP-2020-15189,3412.0,2,1,14.0,Suburban,Unfurnished,Apartment,0,1,0.5,565574.0
5191,HP-2021-15190,1755.0,2,1,3.0,Urban,#Unfurnished,Apartment,1,0,5.8,380504.0
5192,HP-2022-15191,2171.0,3,3,12.0,Downtown,Semi-Furnished,Apartment,3,1,6.8,576364.0
5193,HP-2023-15192,2589.0,4,3,3.0,Suburban,furnished,Villa,1,1,11.5,672306.0
5194,HP-2024-15193,1786.0,3,2,6.0,Urban,Unfurnished,Apartment,3,0,11.5,452249.0
5195,HP-2018-15194,907.0,1,1,,Rural,Semi_Furnished,Independent House,0,0,4.3,155723.0
5196,HP-2019-15195,1900.0,3,2,16.0,Urban,Semi-Furnished,Villa,1,0,0.5,514909.0
5197,HP-2020-15196,2921.0,6,3,2.0,Suburban,Unfurnished,Studio,1,0,9.5,694573.0
5198,HP-2021-15197,1964.0,3,1,11.0,Urban,Unfurnished,Independent House,1,0,5.7,455388.0
5199,HP-2022-15198,1607.0,3,2,12.0,Rural,Furnished,Apartment,3,1,3.2,419252.0
5200,HP-2023-15199,2848.0,6,4,1.0,Urban,Furnished,Independent House,2,1,2.1,834813.0
5201,HP-2024-15200,1968.0,4,3,8.0,Suburban,Furnished,Independent House,1,1,1.0,570940.0
5202,HP-2018-15201,1843.0,4,3,4.0,Rural,semi-furnished,Apartment,1,0,2.8,486960.0
5203,HP-2019-15202,2305.0,3,3,8.0,Urban,Semi-Furnished,Independent House,2,1,4.9,555470.0
5204,HP-2020-15203,2740.0,6,4,18.0,Urban,Furnished,Studio,1,0,5.2,699995.0
5205,HP-2021-15204,3867.0,4,2,2.0,Urban,Furnished,Independent House,2,0,7.0,796608.0
5206,HP-2022-15205,2779.0,5,3,2.0,Suburban,Semi-Furnished,Apartment,1,0,3.6,664027.0
5207,HP-2023-15206,3012.0,4,4,4.0,Suburban,Furnished,Studio,1,1,20.2,681914.0
5208,HP-2024-15207,1846.0,4,3,37.0,Downtown,Unfurnished,Apartment,0,0,5.5,451078.0
5209,HP-2018-15208,1482.0,3,1,17.0,Urban,Semi-Furnished,Apartment,0,1,4.4,321225.0
5210,HP-2019-15209,2244.0,3,1,0.0,Downtown,Unfurnished,Independent House,1,1,0.5,559781.0
5211,HP-2020-15210,2275.0,4,3,6.0,Rural,Unfurnished,Independent House,3,0,7.3,580770.0
5212,HP-2021-15211,,3,1,4.0,Rural,Semi-Furnished,Apartment,0,0,7.4,328225.0
5213,HP-2022-15212,2077.0,3,3,12.0,Suburban,Semi-Furnished,Independent House,1,0,7.0,500731.0
5214,HP-2023-15213,2480.0,2,1,7.0,Rural,Unfurnished,Apartment,1,1,17.5,433215.0
5215,HP-2024-15214,2452.0,4,3,40.0,Rural,Unfurnished,Villa,2,0,11.5,590844.0
5216,HP-2018-15215,2553.0,2,1,3.0,Suburban,,Apartment,2,0,16.2,477621.0
5217,HP-2019-15216,2404.0,5,3,11.0,Urban,Semi-Furnished,Villa,2,0,0.5,687607.0
5218,HP-2020-15217,1845.0,4,2,14.0,Rural,Semi-Furnished,Apartment,0,1,3.1,441265.0
5219,HP-2021-15218,1840.0,2,2,21.0,Downtown,Unfurnished,Apartment,2,0,3.1,410673.0
5220,HP-2022-15219,1361.0,3,2,6.0,Urban,UNFURNISHED,Apartment,2,0,8.6,423066.0
5221,HP-2023-15220,3449.0,3,1,14.0,Rural,Semi-Furnished,Studio,1,1,4.8,549099.0
5222,HP-2024-15221,2209.0,3,1,4.0,Suburban,,Independent House,1,0,12.0,452546.0
5223,HP-2018-15222,2043.0,3,2,7.0,Urban,,Villa,2,1,3.9,571121.0
5224,HP-2019-15223,1550.0,2,1,27.0,Urban,Semi-Furnished,Independent House,1,1,2.0,333116.0
5225,HP-2020-15224,4255.0,6,3,36.0,Urban,Furnished,Studio,1,0,2.8,858695.0
5226,HP-2021-15225,1449.0,1,1,15.0,Suburban,Furnished,Apartment,1,1,1.6,254400.0
5227,HP-2022-15226,1900.0,4,2,6.0,Suburban,Furnished,Independent House,1,1,1.8,533921.0
5228,HP-2023-15227,2491.0,3,2,21.0,Suburban,#Furnished,Villa,1,1,2.0,556050.0
5229,HP-2024-15228,2620.0,4,3,0.0,Suburban,Unfurnished,Independent House,2,0,0.5,640066.0
5230,HP-2018-15229,2871.0,3,3,1.0,Downtown,Furnished,Studio,2,1,10.1,642974.0
5231,HP-2019-15230,3465.0,4,3,64.18528456304317,Urban,Unfurnished,Independent House,1,0,4.1,704355.0073131107
5232,HP-2020-15231,2554.0,4,2,4.0,Rural,#Furnished,Villa,1,0,0.5,622583.0
5233,HP-2021-15232,1461.0,4,3,36.0,Downtown,Unfurnished,Apartment,2,0,3.7,442583.0
5234,HP-2022-15233,2020.0,2,1,7.0,Downtown,Unfurnished,Apartment,2,0,18.9,385492.0
5235,HP-2023-15234,2415.0,4,2,7.0,Suburban,Unfurnished,Apartment,1,1,5.7,564619.0
5236,HP-2024-15235,3648.0,3,2,14.0,Rural,#Unfurnished,Studio,2,1,34.6,613920.0
5237,HP-2018-15236,1222.0,1,2,18.0,Urban,Semi-Furnished,Apartment,2,1,6.2,240541.0
5238,HP-2019-15237,3042.0,3,2,8.0,Urban,Unfurnished,Independent House,1,0,26.3,609474.0
5239,HP-2020-15238,2326.0,3,1,3.0,Downtown,Furnished,Apartment,1,1,1.8,521538.0
5240,HP-2021-15239,2786.0,3,2,63.49592593005606,Downtown,Unfurnished,Villa,0,0,2.7,573394.3174274964
5241,HP-2022-15240,2129.0,4,2,5.0,Urban,Semi-Furnished,Apartment,3,0,9.6,507392.0
5242,HP-2023-15241,1610.0,3,2,2.0,Suburban,Furnished ,Independent House,0,1,34.6,423927.0
5243,HP-2024-15242,2726.0,3,2,12.0,Suburban,Unfurnished,Independent House,1,0,14.0,565414.0
5244,HP-2018-15243,6134.766064494802,2,1,1.0,Suburban,Unfurnished,Apartment,1,0,6.5,964225.8933101577
5245,HP-2019-15244,2880.0,4,2,43.0,Suburban,,Villa,2,1,0.7,602185.0
5246,HP-2020-15245,2191.0,3,2,12.0,Rural,Unfurnished,Apartment,1,1,3.6,445361.0
5247,HP-2021-15246,1780.0,3,2,51.0,Rural,Furnished,Villa,2,1,0.7,412288.0
5248,HP-2022-15247,1109.0,4,2,5.0,Rural,Furnished,Apartment,2,0,3.0,348189.0
5249,HP-2023-15248,2774.0,3,1,43.0,Suburban,Unfurnished,Villa,2,0,2.4,498695.0
5250,HP-2024-15249,2497.0,3,2,2.0,Urban,Furnished,Apartment,2,0,3.9,586290.0
5251,HP-2018-15250,1524.0,3,2,0.0,Suburban,Furnished,Apartment,0,1,14.5,397974.0
5252,HP-2019-15251,1823.0,4,3,0.0,Suburban,Unfurnished,Apartment,3,0,1.3,526219.0
5253,HP-2020-15252,1873.0,4,3,8.0,Urban,Semi-Furnished,Villa,2,1,2.9,594412.0
5254,HP-2021-15253,1162.0,3,2,1.0,Suburban,SEMI-FURNISHED,Villa,3,0,2.4,421484.0
5255,HP-2022-15254,1628.0,2,1,9.0,Suburban,Semi-Furnished,Apartment,2,1,2.8,380353.0
5256,HP-2023-15255,1406.0,2,1,5.0,Rural,Semi-Furnished,Studio,2,0,3.6,287233.0
5257,HP-2024-15256,1911.0,4,2,5.0,Urban,Unfurnished,Apartment,1,0,2.2,545411.0
5258,HP-2018-15257,1683.0,5,3,12.0,Downtown,Semi-Furnished,Apartment,1,1,22.9,557635.0
5259,HP-2019-15258,1061.0,3,1,2.0,Suburban,Unfurnished,Apartment,1,0,4.4,287158.0
5260,HP-2020-15259,3616.0,2,1,17.0,Urban,Furnished,Apartment,0,0,1.0,584461.0
5261,HP-2021-15260,3077.0,4,4,10.0,Urban,semi-furnished,Apartment,2,1,5.0,739385.0
5262,HP-2022-15261,1655.0,5,2,30.0,Urban,Semi-Furnished,Apartment,0,1,1.6,484760.0
5263,HP-2023-15262,2391.0,5,3,5.0,Urban,Semi-Furnished,Independent House,0,0,1.9,653161.0
5264,HP-2024-15263,2492.0,4,4,49.0,Urban,Furnished,Studio,2,1,2.7,597800.0
5265,HP-2018-15264,3034.0,5,3,10.0,Rural,Unfurnished,Independent House,3,1,1.1,717578.0
5266,HP-2019-15265,1627.0,1,1,44.0,Urban,Furnished,Independent House,2,1,10.2,289240.0
5267,HP-2020-15266,,2,2,0.0,Downtown,Furnished,Apartment,2,1,12.6,592717.0
5268,HP-2021-15267,4509.752801044272,2,1,16.0,Rural,Furnished,Apartment,1,1,4.0,594125.3403210172
5269,HP-2022-15268,1265.0,4,2,20.0,Suburban,Unfurnished,Apartment,2,1,9.3,395528.0
5270,HP-2023-15269,2707.0,2,1,1.0,Urban,Furnished,Independent House,1,0,3.9,548218.0
5271,HP-2024-15270,3104.0,3,1,10.0,Suburban,Unfurnished,Independent House,3,1,1.4,626532.0
5272,HP-2018-15271,4012.0,3,1,19.0,Urban,Unfurnished,Apartment,0,0,4.0,671676.0
5273,HP-2019-15272,1360.0,3,2,10.0,Urban,#Furnished,Apartment,2,1,6.5,362597.0
5274,HP-2020-15273,2689.0,5,2,45.135333450185854,Suburban,Semi-Furnished,Independent House,2,0,0.5,664601.959270327
5275,HP-2021-15274,1913.0,2,1,14.0,Suburban,Furnished,Villa,1,0,8.5,400531.0
5276,HP-2022-15275,2748.0,3,2,1.0,Downtown,Semi-Furnished,Apartment,2,1,10.9,621245.0
5277,HP-2023-15276,1171.0,4,3,20.0,Suburban,Semi-Furnished,Apartment,2,0,15.7,406663.0
5278,HP-2024-15277,1316.0,1,1,1.0,Downtown, Unfurnished,Villa,2,0,0.9,366942.0
5279,HP-2018-15278,1657.0,4,2,2.0,Urban,furnished,Independent House,1,1,0.5,485339.0
5280,HP-2019-15279,2255.0,4,3,4.0,Urban,Unfurnished,Studio,1,1,0.6,602907.0
5281,HP-2020-15280,1751.0,5,3,12.0,Suburban,Unfurnished,Apartment,0,0,20.6,533984.0
5282,HP-2021-15281,2661.0,5,3,45.0,Rural,Semi-Furnished,Villa,0,0,11.6,625126.0
5283,HP-2022-15282,2919.0,3,2,2.0,Downtown,Semi-Furnished,Apartment,1,0,14.4,592834.0
5284,HP-2023-15283,2620.0,4,2,2.0,Downtown,Semi-Furnished,Independent House,2,0,5.8,676917.0
5285,HP-2024-15284,3333.0,2,2,6.0,Suburban,Furnished,Apartment,1,0,6.0,576013.0
5286,HP-2018-15285,2491.0,3,1,22.0,Suburban, Unfurnished,Apartment,2,0,2.8,462504.0
5287,HP-2019-15286,1348.0,2,1,8.0,Urban,Semi-Furnished,Independent House,1,0,14.8,348075.0
5288,HP-2020-15287,3154.0,3,1,5.0,Suburban,Furnished,Independent House,1,1,14.2,618895.0
5289,HP-2021-15288,1776.0,5,2,10.0,Suburban,Semi-Furnished,Independent House,0,1,,493927.0
5290,HP-2022-15289,2837.0,3,1,,Suburban,furnished,Independent House,2,0,3.2,574471.0
5291,HP-2023-15290,3302.0,3,2,6.0,Rural,Semi-Furnished,Apartment,2,0,10.7,626166.0
5292,HP-2024-15291,2520.0,3,2,5.0,Downtown,Semi-Furnished,Independent House,1,1,0.5,581605.0
5293,HP-2018-15292,1153.0,3,1,20.0,Urban,Semi-Furnished,Apartment,1,1,15.7,323355.0
5294,HP-2019-15293,1557.0,6,4,31.0,Rural,Semi-Furnished,Villa,1,0,4.7,550324.0
5295,HP-2020-15294,3126.0,3,2,17.0,Urban,Unfurnished,Independent House,2,0,4.7,628684.0
5296,HP-2021-15295,2082.0,4,2,7.0,Urban,,Independent House,2,1,8.8,577886.0
5297,HP-2022-15296,,3,1,8.0,Rural,Unfurnished,Apartment,2,1,8.3,445854.0
5298,HP-2023-15297,2731.0,2,1,2.0,Suburban,Semi-Furnished,Apartment,1,1,2.5,517377.0
5299,HP-2024-15298,2687.0,3,2,16.0,Downtown,Furnished,Apartment,1,1,23.0,532346.0
5300,HP-2018-15299,2395.0,4,2,11.0,Urban,Furnished,Apartment,0,0,34.3,532354.0
5301,HP-2019-15300,2054.0,2,1,28.0,Rural,Semi-Furnished,Studio,0,0,6.0,298172.0
5302,HP-2020-15301,1981.0,2,1,3.0,Downtown,Unfurnished,Studio,1,1,6.6,394844.0
5303,HP-2021-15302,2801.0,2,1,17.0,Suburban,Semi-Furnished,Independent House,0,0,6.5,489578.0
5304,HP-2022-15303,2587.0,4,3,14.0,Downtown,Unfurnished,Apartment,1,0,5.3,622074.0
5305,HP-2023-15304,2020.0,4,3,4.0,Rural,Furnished,Studio,1,0,23.2,503152.0
5306,HP-2024-15305,2957.0,3,2,13.0,Suburban,Unfurnished,Villa,1,1,2.2,650531.0
5307,HP-2018-15306,2110.0,3,2,31.0,Suburban,furnished,Apartment,1,1,0.9,446118.0
5308,HP-2019-15307,1604.0,5,3,30.0,Downtown,Semi-Furnished,Independent House,2,0,21.2,520327.0
5309,HP-2020-15308,1669.0,4,2,15.0,Suburban,Furnished,Independent House,2,1,1.9,491898.0
5310,HP-2021-15309,1515.0,4,3,1.0,Rural,Unfurnished,Apartment,1,0,11.1,436807.0
5311,HP-2022-15310,2009.0,4,1,25.0,Urban,Semi-Furnished,Apartment,2,0,1.8,454429.0
5312,HP-2023-15311,3064.0,4,3,13.0,Suburban,Semi-Furnished,Independent House,3,0,25.8,700116.0
5313,HP-2024-15312,1636.0,3,1,4.0,Downtown, Furnished,Apartment,1,1,12.5,415086.0
5314,HP-2018-15313,2332.0,5,3,46.130437547539124,Suburban,Furnished,Apartment,0,0,20.1,520809.3697279901
5315,HP-2019-15314,1740.0,5,3,1.0,Urban,Furnished,Apartment,2,0,24.1,558612.0
5316,HP-2020-15315,2018.0,1,1,1.0,Suburban,Semi-Furnished,Studio,3,0,0.7,360073.0
5317,HP-2021-15316,1143.0,2,1,17.0,Rural,Furnished,Villa,0,0,4.5,308541.0
5318,HP-2022-15317,2046.0,6,3,3.0,Suburban,Furnished,Independent House,0,1,8.4,669579.0
5319,HP-2023-15318,2064.0,3,2,0.0,Urban,semi-furnished,Independent House,2,0,13.0,512730.0
5320,HP-2024-15319,2578.0,5,3,6.0,Downtown,Furnished,Independent House,1,0,2.2,716054.0
5321,HP-2018-15320,2356.0,3,3,8.0,Suburban,Semi-Furnished,Independent House,3,0,19.7,565158.0
5322,HP-2019-15321,1361.0,2,2,2.0,Suburban,furnished,Apartment,1,0,2.0,343345.0
5323,HP-2020-15322,2959.0,2,1,1.0,Suburban,Unfurnished,Villa,2,0,16.1,523846.0
5324,HP-2021-15323,2347.0,2,2,3.0,Urban,Unfurnished,Apartment,0,0,5.8,457167.0
5325,HP-2022-15324,2339.0,2,2,14.0,Suburban,Semi-Furnished,Independent House,1,0,5.8,476237.0
5326,HP-2023-15325,,3,2,,Suburban,Unfurnished,Studio,3,0,3.7,501879.0
5327,HP-2024-15326,,4,2,10.0,Suburban,Unfurnished,Apartment,1,0,0.9,456713.0
5328,HP-2018-15327,2352.0,6,3,2.0,Urban,Semi-Furnished,Villa,0,0,3.4,724631.0
5329,HP-2019-15328,2533.0,3,1,3.0,Urban,Furnished,Apartment,2,1,4.5,529547.0
5330,HP-2020-15329,977.0,3,2,6.0,Downtown,Furnished,Studio,0,0,5.2,324102.0
5331,HP-2021-15330,1823.0,3,1,1.0,Suburban,Furnished,Independent House,0,1,10.7,451940.0
5332,HP-2022-15331,2022.0,3,2,2.0,Urban,Unfurnished,Studio,1,1,3.5,460818.0
5333,HP-2023-15332,2379.0,3,1,5.0,Urban,Semi-Furnished,Independent House,2,0,4.2,541056.0
5334,HP-2024-15333,3035.0,1,1,5.0,Urban,UNFURNISHED,Apartment,2,1,18.9,524078.0
5335,HP-2018-15334,1660.0,1,1,17.0,Suburban,Semi-Furnished,Studio,2,1,11.2,261034.0
5336,HP-2019-15335,1851.0,2,1,1.0,Suburban,Unfurnished,Independent House,1,1,0.5,407642.0
5337,HP-2020-15336,,2,1,24.0,Urban,Semi-Furnished,Independent House,1,1,13.4,380906.0
5338,HP-2021-15337,1639.0,4,3,,Suburban,Semi-Furnished,Apartment,1,0,36.8,413393.0
5339,HP-2022-15338,1957.0,2,2,17.0,Urban,Semi-Furnished,Apartment,2,0,22.5,390978.0
5340,HP-2023-15339,2740.0,5,4,4.0,Urban,Unfurnished,Independent House,2,0,14.5,718496.0
5341,HP-2024-15340,1462.0,5,1,21.0,Rural, Unfurnished,Apartment,3,0,7.9,416553.0
5342,HP-2018-15341,2499.0,6,3,2.0,Downtown,Furnished,Studio,3,0,2.6,745864.0
5343,HP-2019-15342,1009.0,5,3,2.0,Downtown,Semi-Furnished,Apartment,1,1,8.5,481802.0
5344,HP-2020-15343,1807.0,3,2,1.0,Urban,Furnished,Independent House,1,0,9.5,447928.0
5345,HP-2021-15344,1969.0,3,1,34.0,Urban,Unfurnished,Villa,2,0,2.6,468006.0
5346,HP-2022-15345,3372.0,2,1,4.0,Suburban, Furnished,Apartment,1,0,2.4,553467.0
5347,HP-2023-15346,2008.0,4,2,30.0,Downtown,Semi-Furnished,Apartment,0,0,4.0,468419.0
5348,HP-2024-15347,659.0,5,3,4.0,Suburban,,Apartment,2,0,8.2,398894.0
5349,HP-2018-15348,801.0,5,3,29.0,Suburban,Semi-Furnished,Independent House,1,1,2.8,394435.0
5350,HP-2019-15349,2224.0,3,2,28.0,Urban,Furnished,Apartment,1,1,6.5,479546.0
5351,HP-2020-15350,2630.0,4,3,31.0,Suburban,Semi-Furnished,Studio,1,0,18.4,506777.0
5352,HP-2021-15351,2463.0,2,1,8.0,Downtown,Unfurnished,Independent House,2,0,2.8,488951.0
5353,HP-2022-15352,,1,1,24.0,Suburban,Furnished,Independent House,0,1,27.0,339150.0
5354,HP-2023-15353,3014.0,4,3,36.0,Urban,Unfurnished,Studio,2,1,5.1,625382.0
5355,HP-2024-15354,1822.0,3,1,5.0,Suburban,Furnished,Apartment,1,1,0.9,383404.0
5356,HP-2018-15355,2826.0,6,5,7.0,Downtown,,Independent House,2,1,0.5,909919.0
5357,HP-2019-15356,1058.0,2,1,15.0,Urban,Semi-Furnished,Independent House,1,0,3.3,279810.0
5358,HP-2020-15357,1567.0,5,2,4.0,Suburban,Unfurnished,Apartment,3,1,2.4,477258.0
5359,HP-2021-15358,935.0,3,2,17.0,Rural,Unfurnished,Studio,1,0,14.8,226537.0
5360,HP-2022-15359,2008.0,5,3,1.0,Suburban,Furnished,Villa,3,1,10.7,673388.0
5361,HP-2023-15360,2168.0,4,1,9.0,Urban,Unfurnished,Studio,2,1,17.3,510340.0
5362,HP-2024-15361,2280.0,5,3,2.0,Suburban,Semi-Furnished,Studio,1,1,7.1,606347.0
5363,HP-2018-15362,2243.0,3,2,4.0,Urban,Unfurnished,Independent House,1,0,4.6,534791.0
5364,HP-2019-15363,,5,4,4.0,Urban,Furnished,Villa,1,1,2.5,610637.0
5365,HP-2020-15364,2067.0,2,1,22.0,Urban,Semi-Furnished,Independent House,2,1,7.0,451609.0
5366,HP-2021-15365,1152.0,2,1,3.0,Urban,Furnished,Studio,1,0,,276437.0
5367,HP-2022-15366,3154.0,3,1,20.0,Rural,Unfurnished,Apartment,1,1,4.0,547199.0
5368,HP-2023-15367,1987.0,5,3,19.0,Downtown,Furnished,Apartment,2,1,22.1,586524.0
5369,HP-2024-15368,1858.0,3,1,8.0,Urban,,Apartment,2,1,8.2,443319.0
5370,HP-2018-15369,3312.0,5,2,3.0,Rural,Semi-Furnished,Apartment,0,0,14.5,661709.0
5371,HP-2019-15370,1330.0,4,3,3.0,Downtown,Unfurnished,Apartment,0,1,7.7,501478.0
5372,HP-2020-15371,1412.0,2,1,8.0,Suburban,Unfurnished,Apartment,0,0,3.0,304921.0
5373,HP-2021-15372,,5,3,0.0,Urban,furnished,Apartment,1,1,10.7,528893.0
5374,HP-2022-15373,2152.0,2,1,9.0,Downtown,Semi-Furnished,Apartment,1,1,2.1,440772.0
5375,HP-2023-15374,2502.0,5,3,37.0,Suburban,Unfurnished,Independent House,2,1,7.3,588238.0
5376,HP-2024-15375,2718.0,3,2,2.0,Urban,Furnished,Apartment,1,1,4.1,552870.0
5377,HP-2018-15376,4000.0,3,1,10.0,Urban,Unfurnished,Independent House,0,0,1.3,723654.0
5378,HP-2019-15377,625.0,3,1,39.0,Urban,Semi-Furnished,Apartment,1,1,4.3,229465.0
5379,HP-2020-15378,2626.0,2,1,24.0,Downtown,Semi Furnished,Independent House,3,1,3.0,544741.0
5380,HP-2021-15379,1810.0,3,2,23.0,Urban,Semi-Furnished,Apartment,1,0,1.0,391751.0
5381,HP-2022-15380,1790.0,2,1,21.0,Suburban,Semi-Furnished,Apartment,3,0,13.9,371672.0
5382,HP-2023-15381,,2,2,4.0,Urban,Semi-Furnished,Apartment,0,0,5.5,408435.0
5383,HP-2024-15382,1564.0,2,2,27.0,Suburban,Semi-Furnished,Studio,1,0,3.4,285338.0
5384,HP-2018-15383,3379.0,3,2,34.0,Suburban,Semi-Furnished,Villa,2,0,5.6,649970.0
5385,HP-2019-15384,2790.0,4,2,8.0,Suburban,Semi-Furnished,Studio,1,0,11.2,535667.0
5386,HP-2020-15385,2216.0,3,2,5.0,Urban,unfurnished,Independent House,2,1,0.5,543526.0
5387,HP-2021-15386,3146.0,5,2,6.0,Urban, Unfurnished,Apartment,2,0,6.3,717199.0
5388,HP-2022-15387,1141.0,4,2,5.0,Urban,Unfurnished,Studio,1,1,5.2,395778.0
5389,HP-2023-15388,1269.0,4,3,3.0,Suburban,Unfurnished,Apartment,2,1,17.9,477837.0
5390,HP-2024-15389,675.0,4,2,12.0,Urban,Semi-Furnished,Apartment,2,1,6.5,321670.0
5391,HP-2018-15390,1710.0,3,1,10.0,Suburban,Unfurnished,Villa,2,0,1.2,443112.0
5392,HP-2019-15391,2313.0,4,2,7.0,Urban,Unfurnished,Apartment,1,0,3.9,529121.0
5393,HP-2020-15392,2272.0,2,1,1.0,Rural,Semi-Furnished,Villa,0,0,7.8,480171.0
5394,HP-2021-15393,2305.0,5,2,19.0,Suburban,Unfurnished,Apartment,1,1,0.5,574776.0
5395,HP-2022-15394,1212.0,4,4,2.0,Urban,Furnished,Apartment,3,0,17.3,483542.0
5396,HP-2023-15395,2762.0,2,1,1.0,Urban,Furnished,Independent House,0,0,0.6,525324.0
5397,HP-2024-15396,2368.0,4,2,12.0,Urban,SEMI-FURNISHED,Apartment,1,0,0.5,535002.0
5398,HP-2018-15397,,1,1,6.0,Rural,Unfurnished,Studio,1,0,0.5,415012.0
5399,HP-2019-15398,875.0,2,2,1.0,Urban,Semi-Furnished,Villa,2,1,9.2,370741.0
5400,HP-2020-15399,2418.0,2,1,5.0,Downtown,Furnished,Apartment,1,0,4.9,474336.0
5401,HP-2021-15400,1369.0,4,3,18.0,Suburban,Furnished,Independent House,1,1,0.9,480242.0
5402,HP-2022-15401,,4,2,11.0,Downtown,Furnished,Villa,2,0,15.5,553598.0
5403,HP-2023-15402,2574.0,4,3,5.0,Rural,Semi-Furnished,Villa,0,1,1.8,688915.0
5404,HP-2024-15403,2264.0,1,1,3.0,Rural,Furnished,Apartment,1,0,3.2,386291.0
5405,HP-2018-15404,1604.0,3,2,12.0,Urban,Unfurnished,Studio,1,1,1.6,402833.0
5406,HP-2019-15405,2204.0,4,3,26.0,Downtown,Semi-Furnished,Studio,1,0,20.9,512490.0
5407,HP-2020-15406,1128.0,2,2,12.0,Urban,Semi-Furnished,Apartment,1,1,11.4,322294.0
5408,HP-2021-15407,3005.0,4,2,20.0,Urban,Semi-Furnished,Studio,0,0,10.3,602543.0
5409,HP-2022-15408,2056.0,2,1,9.0,Suburban,Unfurnished,Villa,1,0,0.5,474135.0
5410,HP-2023-15409,2983.0,2,2,15.0,Suburban,Semi-Furnished,Studio,2,0,5.9,519087.0
5411,HP-2024-15410,1831.0,3,3,27.0,Suburban,Semi-Furnished,Apartment,1,0,6.9,423678.0
5412,HP-2018-15411,1833.0,4,2,18.0,Rural,Unfurnished,Independent House,1,0,3.9,464848.0
5413,HP-2019-15412,1665.0,2,1,29.0,Downtown,Furnished,Apartment,1,1,3.1,311608.0
5414,HP-2020-15413,2813.0,2,1,7.0,Suburban,Furnished,Villa,0,0,15.3,515575.0
5415,HP-2021-15414,1703.0,2,1,28.0,Suburban,Semi-Furnished,Independent House,2,0,0.5,347042.0
5416,HP-2022-15415,2651.0,2,1,12.0,Urban,Semi-Furnished,Independent House,1,0,7.9,454281.0
5417,HP-2023-15416,1932.0,2,2,24.0,Suburban,Furnished,Independent House,1,0,4.0,401599.0
5418,HP-2024-15417,817.0,3,2,0.0,Suburban,Semi Furnished,Independent House,2,0,8.8,327674.0
5419,HP-2018-15418,1801.0,4,2,13.0,Downtown,Semi-Furnished,Villa,2,0,1.8,590496.0
5420,HP-2019-15419,1375.0,3,2,23.0,Rural,Unfurnished,Studio,2,0,2.2,306246.0
5421,HP-2020-15420,2224.0,4,2,2.0,Urban,Semi-Furnished,Villa,2,0,7.1,607385.0
5422,HP-2021-15421,1367.0,4,3,13.0,Rural,Semi-Furnished,Apartment,0,0,31.3,377667.0
5423,HP-2022-15422,,2,2,21.0,Downtown,Furnished,Studio,3,0,29.4,502896.0
5424,HP-2023-15423,2136.0,1,1,,Urban,Semi-Furnished,Independent House,3,1,2.3,450681.0
5425,HP-2024-15424,2076.0,5,3,6.0,Suburban,Semi-Furnished,Apartment,1,1,0.9,589073.0
5426,HP-2018-15425,2659.0,2,1,10.0,Suburban,Semi-Furnished,Apartment,2,1,7.1,476702.0
5427,HP-2019-15426,2875.0,2,2,9.0,Suburban, Unfurnished,Studio,1,0,4.4,511968.0
5428,HP-2020-15427,2186.0,1,1,0.0,Urban,Unfurnished,Independent House,2,1,11.5,433984.0
5429,HP-2021-15428,1660.0,4,2,1.0,Suburban,Unfurnished,Apartment,1,1,6.0,483398.0
5430,HP-2022-15429,958.0,4,3,1.0,Urban, Furnished,Independent House,1,0,5.7,436590.0
5431,HP-2023-15430,1720.0,6,4,4.0,Rural,Semi-Furnished,Apartment,0,0,8.3,585248.0
5432,HP-2024-15431,1768.0,5,2,3.0,Rural,Furnished,Studio,1,0,1.1,499012.0
5433,HP-2018-15432,2275.0,3,1,16.0,Suburban,Unfurnished,Independent House,1,0,,473694.0
5434,HP-2019-15433,1958.0,3,2,10.0,Urban,Semi-Furnished,Independent House,1,1,5.4,466002.0
5435,HP-2020-15434,2682.0,3,1,17.0,Suburban,Furnished,Villa,2,1,13.7,572727.0
5436,HP-2021-15435,1771.0,2,1,1.0,Suburban,Semi-Furnished,Apartment,2,0,1.2,346578.0
5437,HP-2022-15436,2160.0,2,1,8.0,Rural,Furnished,Apartment,1,0,2.9,361140.0
5438,HP-2023-15437,3029.0,2,1,5.0,Urban, Unfurnished,Villa,2,0,24.0,589024.0
5439,HP-2024-15438,2439.0,2,1,23.0,Downtown,Semi-Furnished,Studio,1,0,6.4,401458.0
5440,HP-2018-15439,2158.0,2,2,15.0,Suburban,Semi-Furnished,Apartment,2,0,21.2,386484.0
5441,HP-2019-15440,,3,2,24.0,Urban,Semi-Furnished,Studio,1,0,9.3,382637.0
5442,HP-2020-15441,1757.0,6,4,1.0,Urban,semi-furnished,Apartment,2,0,20.9,617758.0
5443,HP-2021-15442,1605.0,4,4,15.0,Downtown,Unfurnished,Apartment,2,1,3.1,521524.0
5444,HP-2022-15443,1821.0,6,3,9.0,Urban,Furnished,Apartment,1,1,0.8,625807.0
5445,HP-2023-15444,2729.0,3,3,21.0,Rural,furnished,Apartment,1,1,13.0,558008.0
5446,HP-2024-15445,2045.0,3,2,8.0,Rural,Semi-Furnished,Apartment,3,1,13.1,474945.0
5447,HP-2018-15446,1255.0,3,2,9.0,Suburban,Furnished ,Apartment,2,0,7.7,337850.0
5448,HP-2019-15447,3438.0,2,2,1.0,Suburban,Unfurnished,Apartment,1,1,6.9,625326.0
5449,HP-2020-15448,2424.0,2,1,13.0,Urban,Semi-Furnished,Villa,1,0,19.7,474097.0
5450,HP-2021-15449,1215.0,5,3,4.0,Rural,Semi-Furnished,Independent House,2,0,1.6,468495.0
5451,HP-2022-15450,1891.0,6,4,0.0,Suburban,Semi-Furnished,Villa,3,0,7.7,697448.0
5452,HP-2023-15451,2278.0,1,1,1.0,Suburban,Furnished,Apartment,1,0,0.5,333142.0
5453,HP-2024-15452,3393.0,2,2,38.0,Rural,Semi-Furnished,Apartment,3,0,1.2,514579.0
5454,HP-2018-15453,1424.0,3,2,5.0,Urban,Semi-Furnished,Independent House,0,0,4.6,390579.0
5455,HP-2019-15454,2883.0,2,1,24.0,Suburban,furnished,Apartment,3,0,13.8,470822.0
5456,HP-2020-15455,3180.0,3,2,39.0,Suburban,Furnished,Villa,2,0,10.6,612907.0
5457,HP-2021-15456,1760.0,2,2,34.0,Urban,Semi-Furnished,Independent House,1,1,29.2,336905.0
5458,HP-2022-15457,2006.0,3,2,26.0,Urban,Semi-Furnished,Studio,1,0,0.5,431434.0
5459,HP-2023-15458,1475.0,3,2,27.0,Suburban,Semi-Furnished,Apartment,2,0,3.8,342790.0
5460,HP-2024-15459,2058.0,3,2,4.0,Suburban,SEMI-FURNISHED,Apartment,1,1,1.4,460831.0
5461,HP-2018-15460,2174.0,2,1,,Urban,Furnished,Apartment,3,0,0.5,411344.0
5462,HP-2019-15461,2662.0,3,2,12.0,Rural,Semi_Furnished,Apartment,2,1,2.5,518794.0
5463,HP-2020-15462,2963.0,6,3,8.0,Urban,Unfurnished,Independent House,1,1,2.2,792304.0
5464,HP-2021-15463,1676.0,3,2,1.0,Suburban,Furnished,Apartment,3,1,4.4,467044.0
5465,HP-2022-15464,823.0,5,2,14.0,Urban,Semi-Furnished,Villa,1,0,1.2,445815.0
5466,HP-2023-15465,5696.998636953132,5,4,10.0,Urban,Furnished ,Apartment,2,0,5.4,1246688.902173531
5467,HP-2024-15466,2405.0,6,4,24.0,Suburban,Semi-Furnished,Studio,2,1,20.2,660719.0
5468,HP-2018-15467,2375.0,4,2,11.0,Suburban,Semi-Furnished,Apartment,3,0,11.0,545572.0
5469,HP-2019-15468,1971.0,4,3,10.0,Downtown,Furnished,Independent House,0,0,14.8,536819.0
5470,HP-2020-15469,2287.0,5,3,7.0,Suburban,Furnished,Apartment,1,0,13.1,587059.0
5471,HP-2021-15470,3261.0,2,2,7.0,Urban,Unfurnished,Apartment,1,1,3.9,593470.0
5472,HP-2022-15471,2467.0,3,2,37.0,Suburban,Semi-Furnished,Villa,1,0,9.9,508501.0
5473,HP-2023-15472,1939.0,6,3,2.0,Suburban,Semi-Furnished,Villa,1,1,11.2,668835.0
5474,HP-2024-15473,1850.0,4,2,7.0,Urban,Semi-Furnished,Villa,2,0,1.8,544763.0
5475,HP-2018-15474,2081.0,6,3,13.0,Rural,Furnished,Apartment,1,1,15.7,620368.0
5476,HP-2019-15475,3346.0,4,3,7.0,Suburban,,Studio,1,0,4.9,677156.0
5477,HP-2020-15476,2072.0,5,4,4.0,Urban,Semi-Furnished,Apartment,1,0,0.5,641293.0
5478,HP-2021-15477,2186.0,4,3,4.0,Downtown,Unfurnished,Apartment,1,0,8.2,584488.0
5479,HP-2022-15478,1862.0,4,3,3.0,Downtown,Semi-Furnished,Studio,2,0,9.0,548234.0
5480,HP-2023-15479,,3,1,5.0,Downtown,Unfurnished,Studio,0,0,6.4,552575.0
5481,HP-2024-15480,3572.0,5,3,25.0,Suburban,semi-furnished,Independent House,1,0,1.9,787153.0
5482,HP-2018-15481,2515.0,5,3,8.0,Suburban,Semi-Furnished,Apartment,1,1,5.3,593115.0
5483,HP-2019-15482,2258.0,5,3,3.0,Downtown,Semi-Furnished,Apartment,0,1,4.1,652244.0
5484,HP-2020-15483,2226.0,4,1,6.0,Downtown,Semi_Furnished,Independent House,0,1,29.4,546820.0
5485,HP-2021-15484,531.0,3,2,1.0,Suburban,Un-furnished,Villa,2,1,13.9,349203.0
5486,HP-2022-15485,2722.0,1,1,28.0,Downtown,Semi-Furnished,Apartment,2,0,11.5,408601.0
5487,HP-2023-15486,2294.0,5,3,6.0,Urban,Semi-Furnished,Independent House,1,0,1.6,641972.0
5488,HP-2024-15487,2500.0,4,4,47.0,Urban,Furnished,Apartment,1,1,3.2,562740.0
5489,HP-2018-15488,1702.0,3,1,5.0,Rural,Semi-Furnished,Villa,3,1,3.8,464608.0
5490,HP-2019-15489,1931.0,2,1,22.0,Rural,Semi-Furnished,Independent House,0,1,,373847.0
5491,HP-2020-15490,1912.0,5,4,4.0,Downtown,Semi-Furnished,Studio,1,1,0.5,597320.0
5492,HP-2021-15491,2915.0,5,3,1.0,Suburban,,Villa,1,1,7.2,771363.0
5493,HP-2022-15492,1935.0,4,3,0.0,Urban,Semi-Furnished,Independent House,2,1,3.5,582837.0
5494,HP-2023-15493,3658.0,4,2,11.0,Suburban,Semi-Furnished,Apartment,3,1,6.6,760256.0
5495,HP-2024-15494,2502.0,3,2,4.0,Downtown,Unfurnished,Independent House,1,0,0.5,600737.0
5496,HP-2018-15495,1307.0,3,1,7.0,Urban,Unfurnished,Apartment,1,0,3.1,339185.0
5497,HP-2019-15496,2110.0,1,1,20.0,Downtown,Semi-Furnished,Studio,2,1,11.7,355342.0
5498,HP-2020-15497,1744.0,5,2,3.0,Downtown,Semi-Furnished,Apartment,3,1,5.6,597627.0
5499,HP-2021-15498,664.0,2,2,4.0,Suburban,Furnished,Studio,2,0,12.4,220989.0
5500,HP-2022-15499,3320.0,4,2,22.0,Rural,Furnished,Apartment,2,0,9.6,589165.0
5501,HP-2023-15500,2692.0,3,2,8.0,Rural,Furnished,Apartment,2,1,15.4,560012.0
5502,HP-2024-15501,2573.0,3,2,21.0,Downtown,Unfurnished,Apartment,0,0,0.5,545871.0
5503,HP-2018-15502,2316.0,5,2,6.0,Urban,Furnished,Villa,1,0,2.4,645448.0
5504,HP-2019-15503,3296.4700264681387,1,1,6.0,Rural,Unfurnished,Independent House,0,0,6.4,555568.1880893257
5505,HP-2020-15504,,4,3,2.0,Urban,Semi-Furnished,Apartment,1,1,22.6,518947.0
5506,HP-2021-15505,2789.0,2,1,30.0,Suburban,Unfurnished,Apartment,2,0,9.1,428860.0
5507,HP-2022-15506,1464.0,1,1,27.0,Downtown,Unfurnished,Apartment,2,0,4.9,270129.0
5508,HP-2023-15507,500.0,3,1,50.0,Urban,Unfurnished,Apartment,2,1,1.1,198810.0
5509,HP-2024-15508,2041.0,2,1,6.0,Suburban,Semi-Furnished,Studio,2,0,5.4,378138.0
5510,HP-2018-15509,2101.0,4,3,20.0,Suburban,Unfurnished,Independent House,0,0,4.7,551790.0
5511,HP-2019-15510,2295.0,3,2,6.0,Suburban,Semi-Furnished,Apartment,2,1,12.1,514207.0
5512,HP-2020-15511,2710.0,1,1,7.0,Rural,Furnished,Apartment,1,1,4.3,448990.0
5513,HP-2021-15512,2646.0,1,1,21.0,Downtown,Semi-Furnished,Apartment,2,0,3.1,469429.0
5514,HP-2022-15513,2381.0,4,2,2.0,Urban,Unfurnished,Villa,1,1,0.8,650649.0
5515,HP-2023-15514,3037.0,4,2,3.0,Urban,Unfurnished,Villa,1,1,0.5,722905.0
5516,HP-2024-15515,1137.0,3,2,5.0,Rural,Furnished,Villa,1,1,4.6,394440.0
5517,HP-2018-15516,2553.0,3,2,19.0,Suburban,furnished,Villa,1,0,3.4,525972.0
5518,HP-2019-15517,2639.0,4,2,6.0,Urban,Furnished,Apartment,0,0,6.5,583792.0
5519,HP-2020-15518,1332.0,4,3,5.0,Suburban,Semi Furnished,Studio,1,1,10.0,419055.0
5520,HP-2021-15519,1148.0,2,1,60.0,Urban,Unfurnished,Apartment,1,0,0.5,177101.0
5521,HP-2022-15520,1678.0,4,3,6.0,Urban,Semi_Furnished,Villa,2,0,5.5,566708.0
5522,HP-2023-15521,1737.0,4,3,3.0,Suburban,Semi-Furnished,Apartment,2,0,15.8,456409.0
5523,HP-2024-15522,2727.0,4,2,12.0,Suburban,Furnished,Apartment,3,0,4.9,589280.0
5524,HP-2018-15523,1770.0,4,2,19.0,Urban,#Unfurnished,Independent House,2,0,5.9,497263.0
5525,HP-2019-15524,1601.0,6,4,1.0,Downtown,Unfurnished,Apartment,1,0,5.3,606920.0
5526,HP-2020-15525,1772.0,2,1,12.0,Rural,Semi-Furnished,Apartment,2,1,4.0,366539.0
5527,HP-2021-15526,2983.0,6,4,0.0,Downtown,,Apartment,1,0,0.9,827952.0
5528,HP-2022-15527,2209.0,3,1,9.0,Suburban,Unfurnished,Independent House,1,0,1.1,497213.0
5529,HP-2023-15528,2075.0,4,2,4.0,Downtown,Semi-Furnished,Villa,2,1,1.6,636926.0
5530,HP-2024-15529,,2,2,4.0,Downtown,Semi-Furnished,Apartment,0,0,12.6,456945.0
5531,HP-2018-15530,3104.0,3,2,8.0,Downtown,Semi-Furnished,Apartment,1,1,2.6,672178.0
5532,HP-2019-15531,1676.0,4,3,31.0,Urban,Furnished ,Villa,2,0,23.7,529428.0
5533,HP-2020-15532,,4,3,15.0,Urban,Semi-Furnished,Independent House,2,0,13.3,736709.0
5534,HP-2021-15533,,1,1,33.0,Downtown,Semi_Furnished,Independent House,2,0,9.2,400197.0
5535,HP-2022-15534,2088.0,3,2,13.0,Urban,Unfurnished,Studio,1,1,10.2,442556.0
5536,HP-2023-15535,3951.0,2,1,0.0,Suburban,Semi-Furnished,Apartment,2,0,0.5,632341.0
5537,HP-2024-15536,1461.0,6,4,4.0,Urban,Furnished,Apartment,2,1,6.7,595107.0
5538,HP-2018-15537,1952.0,5,3,28.0,Urban,Semi-Furnished,Independent House,2,0,22.6,572231.0
5539,HP-2019-15538,1337.0,1,1,12.0,Suburban,Semi-Furnished,Villa,2,0,0.5,358834.0
5540,HP-2020-15539,2867.0,5,3,48.0,Rural,Furnished,Independent House,1,0,2.8,644945.0
5541,HP-2021-15540,3382.0,5,3,2.0,Downtown,Semi-Furnished,Independent House,0,1,0.5,828377.0
5542,HP-2022-15541,3369.0,3,2,4.0,Urban,Semi-Furnished,Independent House,2,0,6.7,699535.0
5543,HP-2023-15542,3057.0,4,2,5.0,Rural,Furnished,Apartment,2,0,1.0,615549.0
5544,HP-2024-15543,2062.0,3,2,5.0,Suburban,Semi-Furnished,Apartment,1,1,5.2,466538.0
5545,HP-2018-15544,1944.0,4,2,3.0,Urban,Furnished,Apartment,2,0,10.2,492520.0
5546,HP-2019-15545,1030.0,3,2,7.0,Suburban,Semi-Furnished,Independent House,1,0,1.4,338619.0
5547,HP-2020-15546,3625.0,3,2,12.0,Urban,Semi-Furnished,Apartment,1,0,11.3,672477.0
5548,HP-2021-15547,2528.0,3,1,4.0,Suburban,Semi-Furnished,Villa,1,1,0.5,596678.0
5549,HP-2022-15548,1856.0,2,1,1.0,Downtown,,Apartment,0,0,1.3,418050.0
5550,HP-2023-15549,3130.0,5,3,15.0,Downtown,Furnished,Apartment,1,1,2.6,777798.0
5551,HP-2024-15550,1519.0,3,2,7.0,Suburban,Furnished,Apartment,2,0,12.7,401548.0
5552,HP-2018-15551,2485.0,3,2,10.0,Urban,Furnished ,Independent House,1,0,15.2,543752.0
5553,HP-2019-15552,2079.0,5,3,7.0,Urban,Furnished,Independent House,0,1,2.0,622410.0
5554,HP-2020-15553,2647.0,3,2,27.0,Rural, Furnished,Independent House,3,0,0.8,539173.0
5555,HP-2021-15554,2155.0,3,2,10.0,Urban,Unfurnished,Apartment,1,0,15.1,441327.0
5556,HP-2022-15555,1184.0,6,4,31.0,Suburban,Semi-Furnished,Independent House,2,0,8.4,513679.0
5557,HP-2023-15556,2253.0,5,4,9.0,Suburban,Furnished,Villa,3,0,1.4,691253.0
5558,HP-2024-15557,2934.0,2,1,4.0,Urban,Furnished,Independent House,1,1,6.5,584764.0
5559,HP-2018-15558,2180.0,3,2,5.0,Rural,Furnished,Apartment,2,1,16.5,445753.0
5560,HP-2019-15559,2743.0,6,3,9.0,Urban,Semi-Furnished,Apartment,3,0,0.6,753583.0
5561,HP-2020-15560,1468.0,3,2,9.0,Downtown,Furnished,Studio,2,1,0.7,426984.0
5562,HP-2021-15561,2182.0,3,3,14.0,Downtown,FURNISHED,Independent House,1,0,2.6,568314.0
5563,HP-2022-15562,1763.0,2,2,3.0,Downtown,Semi-Furnished,Studio,1,0,8.5,388724.0
5564,HP-2023-15563,2723.0,2,1,13.0,Downtown,Unfurnished,Apartment,1,0,1.6,471812.0
5565,HP-2024-15564,2222.0,4,2,18.0,Downtown,SEMI-FURNISHED,Apartment,2,1,13.6,561225.0
5566,HP-2018-15565,2683.0,4,3,14.0,Suburban,Furnished,Apartment,2,0,11.1,617546.0
5567,HP-2019-15566,2961.0,6,3,8.0,Rural,Semi-Furnished,Apartment,2,0,6.6,727539.0
5568,HP-2020-15567,2684.0,4,2,,Rural,Semi-Furnished,Independent House,1,1,1.0,517827.0
5569,HP-2021-15568,2391.0,2,2,6.0,Suburban,Unfurnished,Villa,1,1,35.5,486597.0
5570,HP-2022-15569,1501.0,1,1,1.0,Suburban,Semi-Furnished,Apartment,1,1,5.4,282255.0
5571,HP-2023-15570,2198.0,6,4,21.0,Suburban,Unfurnished,Apartment,0,0,4.8,639724.0
5572,HP-2024-15571,1827.0,3,3,3.0,Urban,Furnished,Apartment,2,1,43.4,456828.0
5573,HP-2018-15572,1959.0,3,1,15.0,Urban,Unfurnished,Studio,1,0,16.0,366954.0
5574,HP-2019-15573,1938.0,5,2,2.0,Urban,Furnished,Apartment,1,1,,539891.0
5575,HP-2020-15574,1514.0,4,2,0.0,Downtown,Semi-Furnished,Apartment,2,0,4.3,495584.0
5576,HP-2021-15575,830.0,2,1,2.0,Suburban,Unfurnished,Independent House,0,0,0.8,266836.0
5577,HP-2022-15576,1732.0,5,3,6.0,Rural,Unfurnished,Independent House,3,0,20.9,566325.0
5578,HP-2023-15577,6966.054370072638,6,3,1.0,Downtown,Unfurnished,Studio,0,0,14.9,1261682.077896775
5579,HP-2024-15578,1256.0,2,1,3.0,Urban,Semi-Furnished,Apartment,3,0,3.0,341274.0
5580,HP-2018-15579,2211.0,5,4,17.0,Urban,Semi-Furnished,Apartment,1,1,11.2,652793.0
5581,HP-2019-15580,3530.0,3,2,18.0,Suburban,Semi-Furnished,Apartment,0,1,11.5,650906.0
5582,HP-2020-15581,2916.0,3,2,20.0,Rural,Semi-Furnished,Apartment,2,1,2.1,554343.0
5583,HP-2021-15582,3350.0,5,2,22.0,Downtown,Semi-Furnished,Apartment,2,0,7.6,728052.0
5584,HP-2022-15583,2474.0,6,4,7.0,Downtown,Furnished,Apartment,1,0,2.4,743768.0
5585,HP-2023-15584,3017.0,3,3,24.0,Downtown,Furnished,Studio,2,1,12.5,599326.0
5586,HP-2024-15585,1693.0,2,1,9.0,Suburban,Furnished,Villa,3,0,1.3,395051.0
5587,HP-2018-15586,1749.0,2,2,8.0,Urban,Semi-Furnished,Villa,1,0,8.8,450113.0
5588,HP-2019-15587,500.0,3,2,15.0,Urban,Semi-Furnished,Villa,2,0,3.2,321636.0
5589,HP-2020-15588,3030.0,1,1,3.0,Suburban,Unfurnished,Apartment,1,1,0.5,505940.0
5590,HP-2021-15589,3278.0,3,2,19.0,Urban,Furnished ,Apartment,1,0,1.1,607533.0
5591,HP-2022-15590,1813.0,2,2,7.0,Downtown,,Villa,1,0,8.5,450004.0
5592,HP-2023-15591,2022.0,3,2,2.0,Suburban,Furnished,Independent House,1,1,2.2,482684.0
5593,HP-2024-15592,1672.0,1,1,2.0,Urban,Semi-Furnished,Independent House,0,0,8.0,321857.0
5594,HP-2018-15593,2468.0,5,2,,Downtown,Semi-Furnished,Villa,1,1,4.3,728440.0
5595,HP-2019-15594,2987.0,2,1,27.0,Downtown,#Semi-Furnished,Studio,1,0,9.4,470903.0
5596,HP-2020-15595,980.0,3,2,99.67389482794627,Urban,Furnished,Independent House,2,0,5.4,250169.30553248638
5597,HP-2021-15596,2487.0,5,3,5.0,Rural,Unfurnished,Apartment,2,0,3.0,593509.0
5598,HP-2022-15597,2006.0,4,2,4.0,Suburban,Semi-Furnished,Apartment,1,0,1.3,503327.0
5599,HP-2023-15598,2279.0,2,3,3.0,Downtown,Unfurnished,Apartment,1,1,3.3,536580.0
5600,HP-2024-15599,2521.0,2,2,21.0,Rural,SEMI-FURNISHED,Villa,3,1,8.1,541064.0
5601,HP-2018-15600,2068.0,4,3,3.0,Urban,Unfurnished,Apartment,1,1,10.8,568496.0
5602,HP-2019-15601,2127.0,3,1,31.0,Rural,Unfurnished,Apartment,1,1,1.4,404182.0
5603,HP-2020-15602,2050.0,4,2,13.0,Downtown,Furnished,Studio,1,0,8.7,535293.0
5604,HP-2021-15603,2879.0,3,2,27.0,Urban,semi-furnished,Apartment,2,0,1.6,555948.0
5605,HP-2022-15604,2493.0,3,1,10.0,Downtown,Semi-Furnished,Apartment,0,1,2.0,549898.0
5606,HP-2023-15605,,3,3,14.0,Rural,Unfurnished,Apartment,1,0,6.1,497561.0
5607,HP-2024-15606,1310.0,4,3,12.0,Downtown,Semi-Furnished,Studio,2,0,2.7,441653.0
5608,HP-2018-15607,1935.0,5,3,21.0,Downtown,semi-furnished,Villa,1,1,8.7,637964.0
5609,HP-2019-15608,2829.0,1,2,22.0,Urban,Furnished,Independent House,1,1,24.9,480640.0
5610,HP-2020-15609,2226.0,3,2,11.0,Urban,Semi-Furnished,Independent House,3,0,1.3,528940.0
5611,HP-2021-15610,2662.0,1,2,12.0,Suburban,Furnished,Studio,0,1,6.8,417017.0
5612,HP-2022-15611,3437.0,3,2,31.0,Suburban,Unfurnished,Apartment,2,1,20.5,596100.0
5613,HP-2023-15612,2927.0,5,3,32.0,Rural,Furnished,Apartment,1,0,1.6,638263.0
5614,HP-2024-15613,5546.1458710874695,3,3,13.0,Suburban,Furnished,Apartment,0,1,3.7,1100694.638983487
5615,HP-2018-15614,1842.0,5,4,0.0,Urban,Furnished,Apartment,1,0,1.1,614638.0
5616,HP-2019-15615,500.0,4,3,1.0,Urban,Semi-Furnished,Apartment,2,1,8.2,377984.0
5617,HP-2020-15616,2082.0,5,3,,Urban,Semi-Furnished,Studio,0,0,8.8,557259.0
5618,HP-2021-15617,1972.0,4,3,1.0,Urban, Furnished,Apartment,1,1,8.7,552148.0
5619,HP-2022-15618,2473.0,2,1,3.0,Suburban,Furnished,Villa,3,1,6.2,553881.0
5620,HP-2023-15619,2092.0,2,1,3.0,Urban,Unfurnished,Villa,2,1,11.0,473182.0
5621,HP-2024-15620,1976.0,3,1,11.0,Rural,Semi_Furnished,Apartment,1,1,0.5,399440.0
5622,HP-2018-15621,954.0,2,1,10.0,Suburban,,Studio,0,0,25.3,194750.0
5623,HP-2019-15622,1542.0,3,2,4.0,Rural,Furnished,Independent House,1,1,2.0,435400.0
5624,HP-2020-15623,,3,3,3.0,Suburban,Unfurnished,Independent House,1,1,4.5821205209511575,601347.0
5625,HP-2021-15624,3401.0,6,4,17.0,Suburban,Semi-Furnished,Apartment,3,0,22.7,807111.0
5626,HP-2022-15625,2132.0,3,2,33.0,Suburban,Unfurnished,Independent House,3,0,14.2,454022.0
5627,HP-2023-15626,2429.0,4,3,1.0,Rural,semi-furnished,Apartment,1,0,11.6,579775.0
5628,HP-2024-15627,2867.0,5,3,2.0,Downtown,Unfurnished,Apartment,0,1,0.9,731661.0
5629,HP-2018-15628,1632.0,5,2,,Suburban,Semi-Furnished,Apartment,3,1,13.2,495667.0
5630,HP-2019-15629,2457.0,2,1,20.0,Suburban,Semi-Furnished,Apartment,2,1,7.5,449503.0
5631,HP-2020-15630,1682.0,3,1,19.0,Urban,Semi-Furnished,Villa,1,0,10.5,429795.0
5632,HP-2021-15631,2805.0,3,2,15.0,Downtown,Unfurnished,Villa,1,0,30.6,625140.0
5633,HP-2022-15632,2306.0,3,1,26.0,Rural,Furnished,Apartment,1,1,1.7,467424.0
5634,HP-2023-15633,2409.0,3,2,3.0,Urban,,Villa,3,1,5.6,580996.0
5635,HP-2024-15634,1652.0,5,4,1.0,Suburban,Semi-Furnished,Independent House,1,0,11.2,568386.0
5636,HP-2018-15635,,3,1,11.0,Suburban,Unfurnished,Apartment,2,1,4.5,506800.0
5637,HP-2019-15636,3659.0,3,2,21.0,Rural,Furnished,Apartment,0,0,0.5,602056.0
5638,HP-2020-15637,1494.0,6,4,10.0,Urban,Furnished,Villa,3,0,3.704612720576529,690026.0
5639,HP-2021-15638,1962.0,2,1,40.0,Urban,Furnished ,Villa,1,1,7.4,352392.0
5640,HP-2022-15639,2362.0,3,3,19.0,Urban,Semi-Furnished,Apartment,1,1,2.7,549100.0
5641,HP-2023-15640,2750.0,4,2,14.0,Urban,Furnished,Apartment,0,0,4.510648558242532,560631.0
5642,HP-2024-15641,1808.0,2,1,1.0,Downtown,Unfurnished,Apartment,1,1,3.3,414730.0
5643,HP-2018-15642,500.0,4,4,1.0,Urban,Furnished,Villa,1,0,1.8,455249.0
5644,HP-2019-15643,3151.0,2,2,18.0,Suburban,Semi_Furnished,Studio,2,1,0.5,560093.0
5645,HP-2020-15644,2732.0,5,4,3.0,Rural,Furnished,Independent House,1,0,1.3,709811.0
5646,HP-2021-15645,980.0,3,3,0.0,Urban,Unfurnished,Apartment,0,1,17.2,370804.0
5647,HP-2022-15646,,3,1,29.0,Urban,Unfurnished,Independent House,1,1,0.5,377209.0
5648,HP-2023-15647,3298.0,4,3,27.0,Rural,Unfurnished,Studio,1,0,11.9,652473.0
5649,HP-2024-15648,3213.0,2,1,3.0,Downtown,unfurnished,Studio,1,1,11.2,571726.0
5650,HP-2018-15649,2857.0,3,1,18.0,Urban,Unfurnished,Studio,1,0,6.6,511968.0
5651,HP-2019-15650,2077.0,3,2,1.0,Urban,Semi-Furnished,Independent House,1,0,1.9,538815.0
5652,HP-2020-15651,2258.0,3,1,,Rural,Unfurnished,Apartment,1,1,16.8,441006.0
5653,HP-2021-15652,2108.0,3,2,12.0,Urban,Furnished,Studio,0,1,5.2,465389.0
5654,HP-2022-15653,2990.0,4,3,17.0,Downtown,Semi-Furnished,Studio,1,0,1.5,666626.0
5655,HP-2023-15654,1587.0,3,2,0.0,Urban,Furnished,Apartment,0,1,4.5,405714.0
5656,HP-2024-15655,1636.0,4,3,5.0,Suburban,Furnished,Villa,2,1,1.7,574701.0
5657,HP-2018-15656,2907.0,3,2,3.0,Rural,Semi_Furnished,Studio,1,0,3.8,574443.0
5658,HP-2019-15657,2169.0,2,1,60.0,Urban,Unfurnished,Studio,1,1,5.5,344463.0
5659,HP-2020-15658,3165.0,4,2,13.0,Urban,#Semi-Furnished,Villa,2,0,3.6,745387.0
5660,HP-2021-15659,1730.0,5,3,6.0,Suburban,Semi-Furnished,Independent House,1,0,8.6,592750.0
5661,HP-2022-15660,2162.0,3,2,1.0,Suburban,Unfurnished,Villa,1,1,22.0,517787.0
5662,HP-2023-15661,1554.0,3,2,11.0,Urban,Semi-Furnished,Independent House,0,1,3.4,429712.0
5663,HP-2024-15662,2205.0,3,2,12.0,Suburban,Furnished,Apartment,2,1,3.5,474494.0
5664,HP-2018-15663,1165.0,3,2,20.0,Urban,Semi-Furnished,Apartment,2,1,10.7,414732.0
5665,HP-2019-15664,1859.0,4,2,4.0,Urban,Furnished ,Independent House,2,1,6.1,551371.0
5666,HP-2020-15665,1195.0,1,1,48.0,Suburban,Semi-Furnished,Independent House,2,0,4.5,167443.0
5667,HP-2021-15666,2686.0,4,3,7.0,Rural,,Independent House,2,1,13.4,619690.0
5668,HP-2022-15667,2702.0,2,1,4.0,Urban,Furnished,Apartment,2,0,17.7,487058.0
5669,HP-2023-15668,989.0,3,2,5.0,Suburban,Semi-Furnished,Independent House,1,0,7.1,324647.0
5670,HP-2024-15669,3134.0,5,4,9.0,Urban,Unfurnished,Independent House,1,1,1.6,839416.0
5671,HP-2018-15670,,3,2,33.0,Urban,Furnished,Villa,3,1,5.0,777569.0
5672,HP-2019-15671,2232.0,2,1,16.0,Urban, Unfurnished,Independent House,3,0,5.6,456956.0
5673,HP-2020-15672,1751.0,6,4,10.0,Suburban,Semi-Furnished,Villa,1,1,4.5,657615.0
5674,HP-2021-15673,4177.0,5,3,2.0,Urban,Unfurnished,Apartment,1,0,,852471.0
5675,HP-2022-15674,1277.0,4,2,2.0,Suburban,#Semi-Furnished,Apartment,2,0,5.1,420105.0
5676,HP-2023-15675,2214.0,3,3,8.0,Rural,Unfurnished,Apartment,1,1,4.7,506664.0
5677,HP-2024-15676,2326.0,2,1,65.80693556681683,Urban,Furnished,Villa,1,1,1.9,447962.6533714896
5678,HP-2018-15677,3142.0,5,4,17.0,Downtown,Unfurnished,Independent House,2,1,18.7,804061.0
5679,HP-2019-15678,2452.0,3,2,3.0,Urban,Unfurnished,Independent House,0,0,17.3,541867.0
5680,HP-2020-15679,1851.0,5,3,1.0,Urban,Unfurnished,Villa,1,0,11.4,640855.0
5681,HP-2021-15680,1534.0,3,1,6.0,Urban,Unfurnished,Apartment,2,1,4.1,436845.0
5682,HP-2022-15681,1961.0,3,3,30.0,Suburban,Unfurnished,Apartment,1,0,3.7,398169.0
5683,HP-2023-15682,1495.0,6,3,9.0,Urban,UNFURNISHED,Apartment,3,0,10.1,580481.0
5684,HP-2024-15683,2233.0,3,1,5.0,Downtown,Unfurnished,Apartment,3,1,7.5,504003.0
5685,HP-2018-15684,1805.0,2,1,5.0,Urban,Semi-Furnished,Apartment,2,1,7.3,398668.0
5686,HP-2019-15685,1154.0,2,1,2.0,Suburban,Unfurnished,Studio,3,1,1.1,290783.0
5687,HP-2020-15686,3079.0,3,2,8.0,Downtown,Semi-Furnished,Independent House,1,0,7.7,660942.0
5688,HP-2021-15687,1852.0,1,1,19.0,Urban,Unfurnished,Independent House,1,0,18.6,304444.0
5689,HP-2022-15688,1312.0,3,2,42.0,Suburban,Unfurnished,Independent House,2,0,0.7,355783.0
5690,HP-2023-15689,2082.0,3,2,8.0,Urban,unfurnished,Apartment,1,1,16.12534679755984,492025.0
5691,HP-2024-15690,2248.0,4,3,2.0,Urban,Unfurnished,Studio,1,1,5.7,600561.0
5692,HP-2018-15691,977.0,3,1,14.0,Downtown,Furnished,Studio,2,1,9.3,336104.0
5693,HP-2019-15692,2432.0,6,3,17.0,Urban,UNFURNISHED,Villa,2,0,0.8,738103.0
5694,HP-2020-15693,1467.0,2,2,,Downtown,#Furnished,Apartment,2,1,16.5,415878.0
5695,HP-2021-15694,3398.0,4,3,23.0,Urban,Semi-Furnished,Studio,2,1,0.5,716151.0
5696,HP-2022-15695,2567.0,2,2,21.0,Suburban,Unfurnished,Apartment,2,1,15.6,492967.0
5697,HP-2023-15696,1920.0,4,2,8.0,Urban,Unfurnished,Independent House,2,1,0.5,575544.0
5698,HP-2024-15697,1678.0,6,4,10.0,Suburban,Unfurnished,Independent House,1,1,1.3,619018.0
5699,HP-2018-15698,2127.0,4,2,15.0,Suburban,Semi Furnished,Apartment,0,0,12.9,482908.0
5700,HP-2019-15699,2629.0,3,2,14.0,Urban,Furnished,Studio,2,1,15.7,503450.0
5701,HP-2020-15700,2182.0,3,2,0.0,Suburban,Semi-Furnished,Studio,0,0,32.3,423196.0
5702,HP-2021-15701,2048.0,5,4,2.0,Urban,Semi-Furnished,Studio,3,1,1.0,635076.0
5703,HP-2022-15702,2241.0,5,2,2.0,Downtown,Semi-Furnished,Apartment,2,1,6.0,642862.0
5704,HP-2023-15703,1777.0,6,5,17.0,Suburban,Semi_Furnished,Apartment,2,1,0.6,646727.0
5705,HP-2024-15704,1960.0,3,2,7.0,Downtown,Unfurnished,Studio,3,0,1.4,477067.0
5706,HP-2018-15705,740.0,6,3,9.0,Downtown,Semi-Furnished,Apartment,2,0,1.5,505635.0
5707,HP-2019-15706,2882.0,2,1,18.0,Urban, Unfurnished,Independent House,0,0,0.5,528640.0
5708,HP-2020-15707,2409.0,3,1,5.0,Urban,Semi-Furnished,Independent House,1,1,17.9,529027.0
5709,HP-2021-15708,1659.0,2,1,17.0,Urban,Semi-Furnished,Apartment,1,0,1.1,346565.0
5710,HP-2022-15709,3529.0,3,1,7.0,Urban,Furnished,Studio,1,0,7.9,621687.0
5711,HP-2023-15710,2261.0,4,2,6.0,Urban,Unfurnished,Apartment,1,1,,591387.0
5712,HP-2024-15711,1475.0,5,3,5.0,Suburban,Semi-Furnished,Independent House,2,0,1.8,537372.0
5713,HP-2018-15712,2800.0,4,2,40.0,Suburban,#Unfurnished,Apartment,1,1,45.0,500965.0
5714,HP-2019-15713,2479.0,4,2,18.0,Urban,Semi-Furnished,Apartment,1,0,3.4,555480.0
5715,HP-2020-15714,2476.0,3,1,0.0,Urban,#Unfurnished,Apartment,1,0,18.8,478853.0
5716,HP-2021-15715,1902.0,4,2,38.0,Urban,Furnished,Independent House,1,1,23.7,460907.0
5717,HP-2022-15716,2515.0,3,3,18.0,Urban, Unfurnished,Studio,1,1,23.8,531232.0
5718,HP-2023-15717,2017.0,5,2,2.0,Suburban,Unfurnished,Villa,1,0,11.2,589398.0
5719,HP-2024-15718,2589.0,4,2,1.0,Downtown,Unfurnished,Independent House,2,0,2.3,651594.0
5720,HP-2018-15719,867.0,4,3,4.0,Urban,Semi_Furnished,Villa,1,1,1.0,471697.0
5721,HP-2019-15720,1896.0,3,2,12.0,Downtown,Unfurnished,Villa,0,0,6.7,506051.0
5722,HP-2020-15721,3406.0,5,4,12.0,Suburban,Semi-Furnished,Independent House,1,0,3.6,782204.0
5723,HP-2021-15722,1663.0,3,2,4.0,Suburban,Semi-Furnished,Independent House,2,1,14.2,473430.0
5724,HP-2022-15723,1777.0,3,2,7.0,Urban,Unfurnished,Studio,2,1,10.9,459261.0
5725,HP-2023-15724,1886.0,4,3,3.0,Urban,#Semi-Furnished,Independent House,3,1,2.6,612569.0
5726,HP-2024-15725,1350.0,3,2,1.0,Downtown,,Apartment,2,0,0.5,441219.0
5727,HP-2018-15726,654.0,5,3,9.0,Rural,Semi-Furnished,Villa,1,0,,423357.0
5728,HP-2019-15727,2039.0,3,2,5.0,Downtown,Semi-Furnished,Apartment,1,1,6.7,511194.0
5729,HP-2020-15728,2295.0,3,3,9.0,Urban,Unfurnished,Villa,0,0,0.7,574491.0
5730,HP-2021-15729,2163.0,5,3,35.0,Urban,Unfurnished,Villa,2,0,8.6,615024.0
5731,HP-2022-15730,2099.0,3,2,2.0,Suburban,Unfurnished,Villa,1,1,8.9,541433.0
5732,HP-2023-15731,2230.0,3,1,0.0,Downtown,Furnished,Apartment,2,1,1.5,497618.0
5733,HP-2024-15732,2916.0,3,1,1.0,Urban,Semi-Furnished,Studio,1,0,7.3,544089.0
5734,HP-2018-15733,2067.0,3,2,7.0,Downtown,Semi-Furnished,Independent House,1,0,7.5,512805.0
5735,HP-2019-15734,1798.0,4,1,15.0,Suburban,Semi-Furnished,Villa,1,0,5.2,482834.0
5736,HP-2020-15735,2003.0,2,1,10.0,Downtown,Furnished,Independent House,2,1,24.5,438108.0
5737,HP-2021-15736,2606.0,5,3,8.0,Suburban,Furnished,Apartment,1,1,0.9,666806.0
5738,HP-2022-15737,3188.0,4,4,5.0,Suburban,Furnished,Apartment,2,0,4.2,734220.0
5739,HP-2023-15738,1760.0,2,1,4.0,Urban,Semi-Furnished,Apartment,0,0,17.2,324559.0
5740,HP-2024-15739,2269.0,4,2,6.0,Downtown,Semi-Furnished,Independent House,1,1,3.9,604907.0
5741,HP-2018-15740,2437.0,4,2,11.0,Downtown,semi-furnished,Apartment,0,1,4.4,573386.0
5742,HP-2019-15741,1505.0,2,1,2.0,Rural,Semi-Furnished,Independent House,1,1,8.8,364340.0
5743,HP-2020-15742,2214.0,3,1,18.0,Urban,Semi-Furnished,Independent House,0,1,8.8,506060.0
5744,HP-2021-15743,1174.0,3,2,10.0,Suburban,unfurnished,Apartment,1,1,0.5,355934.0
5745,HP-2022-15744,962.0,4,2,4.0,Rural,,Apartment,1,0,4.9,350731.0
5746,HP-2023-15745,2457.0,4,3,8.0,Suburban,Furnished,Apartment,2,0,3.2,563598.0
5747,HP-2024-15746,1931.0,3,1,39.0,Urban,Semi-Furnished,Studio,1,0,7.9,350176.0
5748,HP-2018-15747,2342.0,4,2,0.0,Rural,Furnished,Independent House,0,1,6.5,560952.0
5749,HP-2019-15748,2187.0,4,2,3.0,Urban,semi-furnished,Apartment,2,0,8.4,568804.0
5750,HP-2020-15749,1517.0,4,3,7.0,Urban,#Furnished,Independent House,2,0,8.5,507865.0
5751,HP-2021-15750,2168.0,4,3,12.0,Suburban,Furnished,Independent House,1,0,2.4,553309.0
5752,HP-2022-15751,1337.0,3,2,3.0,Urban,Furnished,Apartment,2,0,2.3,373170.0
5753,HP-2023-15752,3174.0,5,4,32.0,Urban,Furnished,Apartment,2,0,3.7,733949.0
5754,HP-2024-15753,1251.0,4,2,12.0,Suburban,Semi-Furnished,Independent House,1,0,,407268.0
5755,HP-2018-15754,2063.0,5,2,25.0,Suburban,Semi-Furnished,Apartment,1,1,9.2,541821.0
5756,HP-2019-15755,1470.0,3,3,5.0,Rural,Semi-Furnished,Apartment,0,0,27.965946765919586,398838.0
5757,HP-2020-15756,2599.0,2,2,21.0,Downtown,Semi_Furnished,Apartment,0,0,2.0,489453.0
5758,HP-2021-15757,1968.0,3,2,6.0,Downtown,Semi-Furnished,Apartment,3,0,17.2,499851.0
5759,HP-2022-15758,1837.0,3,2,3.0,Suburban,Semi-Furnished,Apartment,1,1,4.9,481378.0
5760,HP-2023-15759,2797.0,4,3,29.0,Urban,Unfurnished,Villa,1,0,1.1,646542.0
5761,HP-2024-15760,2221.0,3,2,1.0,Suburban,Furnished,Independent House,3,0,1.9,525788.0
5762,HP-2018-15761,,5,2,34.0,Downtown,Furnished,Studio,2,1,6.2,631230.0
5763,HP-2019-15762,1513.0,4,2,7.0,Suburban,Unfurnished,Studio,1,1,,410540.0
5764,HP-2020-15763,1217.0,4,3,59.0,Urban,SEMI-FURNISHED,Studio,2,1,15.2,350252.0
5765,HP-2021-15764,2275.0,2,1,9.0,Suburban,Unfurnished,Apartment,2,0,5.5,435967.0
5766,HP-2022-15765,1977.0,6,4,17.0,Suburban,Semi-Furnished,Independent House,2,0,19.7,642396.0
5767,HP-2023-15766,2639.0,5,3,0.0,Urban,Furnished,Independent House,0,1,0.9,730670.0
5768,HP-2024-15767,2144.0,4,2,8.0,Rural,Semi-Furnished,Studio,1,1,8.8,476109.0
5769,HP-2018-15768,2344.0,3,1,16.0,Suburban,Semi-Furnished,Independent House,1,1,17.4,511960.0
5770,HP-2019-15769,1064.0,3,2,18.0,Downtown,Semi-Furnished,Apartment,0,1,2.8,345446.0
5771,HP-2020-15770,,2,1,2.0,Urban,Semi-Furnished,Independent House,1,1,1.2,629997.0
5772,HP-2021-15771,2085.0,3,2,7.0,Suburban,Unfurnished,Apartment,2,1,4.9,499037.0
5773,HP-2022-15772,2688.0,2,1,7.0,Rural,Semi-Furnished,Villa,1,0,26.0,500219.0
5774,HP-2023-15773,1615.0,3,1,1.0,Urban,Semi-Furnished,Independent House,1,1,8.0,439633.0
5775,HP-2024-15774,2416.0,4,3,7.0,Urban,Un-furnished,Independent House,2,1,8.3,644605.0
5776,HP-2018-15775,1288.0,3,2,,Suburban,Furnished,Apartment,1,0,8.9,320502.0
5777,HP-2019-15776,2516.0,3,1,4.0,Suburban,Semi_Furnished,Independent House,2,0,0.5,518206.0
5778,HP-2020-15777,1951.0,5,3,7.0,Suburban,Unfurnished,Independent House,2,0,4.7,585897.0
5779,HP-2021-15778,2220.0,2,2,39.0,Suburban,Unfurnished,Independent House,3,1,0.6,448489.0
5780,HP-2022-15779,,4,3,0.0,Downtown,Semi-Furnished,Villa,1,1,3.0,735149.0
5781,HP-2023-15780,1337.0,2,2,11.0,Suburban,Semi-Furnished,Villa,2,1,13.8,361752.0
5782,HP-2024-15781,1721.0,1,1,16.0,Urban,Semi-Furnished,Independent House,2,1,,339711.0
5783,HP-2018-15782,2520.0,2,2,17.0,Rural,Semi-Furnished,Studio,2,0,43.4,388112.0
5784,HP-2019-15783,3669.0,4,4,15.0,Urban,Furnished,Apartment,2,1,1.5,809796.0
5785,HP-2020-15784,2103.0,3,1,16.0,Suburban,furnished,Independent House,1,0,4.0,450246.0
5786,HP-2021-15785,2614.0,5,2,1.0,Urban,Semi-Furnished,Independent House,1,1,60.73817008720312,709648.0
5787,HP-2022-15786,2125.0,3,2,9.0,Rural,Semi-Furnished,Apartment,2,0,1.9,436709.0
5788,HP-2023-15787,10441.007190935758,1,1,18.0,Rural,Semi-Furnished,Apartment,2,0,1.3,1113749.7505093243
5789,HP-2024-15788,977.0,4,2,1.0,Suburban,Unfurnished,Apartment,2,0,4.5,388586.0
5790,HP-2018-15789,2266.0,2,1,0.0,Urban,Furnished,Independent House,0,0,3.9,467097.0
5791,HP-2019-15790,1062.0,4,2,20.0,Downtown,Furnished,Apartment,1,1,31.4,368452.0
5792,HP-2020-15791,500.0,2,2,15.0,Urban,Unfurnished,Apartment,1,0,4.9,202286.0
5793,HP-2021-15792,2408.0,3,2,6.0,Downtown,Unfurnished,Apartment,2,0,,538286.0
5794,HP-2022-15793,2298.0,4,3,34.0,Rural,Unfurnished,Independent House,2,1,17.5,504607.0
5795,HP-2023-15794,2001.0,6,4,17.0,Suburban,Furnished,Apartment,1,0,1.4,607640.0
5796,HP-2024-15795,2126.0,3,2,41.0,Rural,Furnished,Studio,2,1,10.1,366943.0
5797,HP-2018-15796,4369.0,5,3,32.0,Urban,Semi-Furnished,Villa,0,1,2.6,923097.0
5798,HP-2019-15797,2019.0,2,2,8.0,Rural,Unfurnished,Apartment,1,0,0.8,404607.0
5799,HP-2020-15798,2557.0,4,2,17.0,Urban,Furnished,Independent House,1,0,16.6,562569.0
5800,HP-2021-15799,1745.0,4,2,13.0,Urban,unfurnished,Apartment,2,1,2.8,465393.0
5801,HP-2022-15800,2407.0,2,1,20.0,Rural,Furnished,Villa,2,1,3.4,444513.0
5802,HP-2023-15801,2033.0,3,2,19.0,Suburban,Furnished,Apartment,1,0,3.1,450900.0
5803,HP-2024-15802,1913.0,2,1,2.0,Downtown,Furnished,Apartment,1,0,1.8,428941.0
5804,HP-2018-15803,3473.0,3,3,56.45545362836845,Downtown,Furnished,Villa,2,1,4.6,763296.2155517023
5805,HP-2019-15804,3024.0,2,3,4.0,Suburban,Unfurnished,Apartment,1,0,4.5,604929.0
5806,HP-2020-15805,2296.0,4,2,20.0,Urban,Semi-Furnished,Independent House,3,0,4.2,601702.0
5807,HP-2021-15806,587.0,6,4,20.0,Downtown,Furnished,Villa,2,1,19.8,520609.0
5808,HP-2022-15807,1947.0,1,1,8.0,Urban,#Furnished,Villa,1,1,3.3,410641.0
5809,HP-2023-15808,,3,2,10.0,Urban,Semi-Furnished,Apartment,1,0,0.5,750555.0
5810,HP-2024-15809,2039.0,4,3,21.0,Suburban,Furnished,Studio,1,0,1.6,436137.0
5811,HP-2018-15810,2972.0,5,2,4.0,Rural,Furnished,Apartment,1,1,10.2,652467.0
5812,HP-2019-15811,3209.0,3,2,1.0,Downtown,Furnished,Independent House,2,0,7.1,707308.0
5813,HP-2020-15812,2353.0,3,1,8.0,Urban,Furnished,Independent House,0,0,24.2,476435.0
5814,HP-2021-15813,1611.0,3,3,,Downtown,Unfurnished,Apartment,2,1,9.5,459851.0
5815,HP-2022-15814,500.0,3,2,19.0,Rural,Semi-Furnished,Independent House,1,1,1.7,226263.0
5816,HP-2023-15815,2679.0,2,1,5.0,Urban,Unfurnished,Independent House,3,0,1.0,538483.0
5817,HP-2024-15816,1630.0,3,2,1.0,Urban,unfurnished,Studio,0,1,5.9,406494.0
5818,HP-2018-15817,2323.0,2,1,12.0,Urban,Unfurnished,Apartment,2,0,8.8,425415.0
5819,HP-2019-15818,1325.0,3,2,22.0,Suburban,Furnished,Apartment,2,0,1.4,328328.0
5820,HP-2020-15819,2014.0,3,2,13.0,Urban,Semi Furnished,Independent House,0,0,7.4,505546.0
5821,HP-2021-15820,2224.0,3,1,7.0,Suburban,#Semi-Furnished,Independent House,1,0,16.0,467361.0
5822,HP-2022-15821,2388.0,2,2,2.0,Downtown,semi-furnished,Independent House,2,0,10.4,539103.0
5823,HP-2023-15822,1420.0,5,4,29.0,Suburban,Semi-Furnished,Apartment,1,1,8.7,530679.0
5824,HP-2024-15823,3038.0,5,2,4.0,Rural,Furnished,Apartment,1,0,12.5,631842.0
5825,HP-2018-15824,1782.0,2,1,3.0,Suburban,Semi-Furnished,Apartment,3,0,0.9,375968.0
5826,HP-2019-15825,2617.539551230321,3,3,20.0,Urban,Furnished,Villa,0,0,1.8,840326.8415174893
5827,HP-2020-15826,2124.0,4,3,48.0,Suburban,Unfurnished,Studio,1,1,,451137.0
5828,HP-2021-15827,2224.0,2,1,13.0,Rural,,Apartment,2,0,1.3,392091.0
5829,HP-2022-15828,2312.0,3,2,12.0,Urban,Semi-Furnished,Independent House,2,0,19.6,517247.0
5830,HP-2023-15829,3153.0,3,4,5.0,Urban,Unfurnished,Independent House,1,0,2.0,751698.0
5831,HP-2024-15830,2034.0,5,3,0.0,Downtown,Furnished,Apartment,1,0,8.7,647671.0
5832,HP-2018-15831,2116.0,5,3,3.0,Urban,Unfurnished,Independent House,2,0,9.4,635295.0
5833,HP-2019-15832,1428.0,4,3,11.0,Downtown,Semi-Furnished,Villa,1,0,8.3,507632.0
5834,HP-2020-15833,2774.0,3,2,2.0,Suburban,Unfurnished,Independent House,2,1,6.5,604929.0
5835,HP-2021-15834,2329.0,5,3,26.0,Downtown,Furnished,Studio,1,1,5.3,624055.0
5836,HP-2022-15835,1906.0,5,3,3.0,Suburban,Unfurnished,Independent House,2,0,4.4,582463.0
5837,HP-2023-15836,,6,3,9.0,Urban,Furnished,Apartment,1,0,19.9,488484.0
5838,HP-2024-15837,3211.0,2,1,9.0,Suburban,Semi Furnished,Studio,3,0,0.5,539241.0
5839,HP-2018-15838,1341.0,2,2,11.0,Urban,Semi-Furnished,Apartment,0,1,0.5,321005.0
5840,HP-2019-15839,1786.0,4,1,5.0,Downtown,Semi-Furnished,Villa,1,0,5.4,519438.0
5841,HP-2020-15840,2451.0,3,2,25.0,Suburban,Semi-Furnished,Independent House,1,1,3.2,512411.0
5842,HP-2021-15841,1362.0,1,1,7.0,Downtown,UNFURNISHED,Villa,1,0,4.2,333172.0
5843,HP-2022-15842,1155.0,2,1,14.0,Suburban,Unfurnished,Independent House,1,0,45.0,225832.0
5844,HP-2023-15843,713.0,5,3,12.0,Downtown,Semi-Furnished,Apartment,2,0,11.9,417029.0
5845,HP-2024-15844,2705.0,5,3,1.0,Urban,Semi-Furnished,Apartment,2,0,16.8,674877.0
5846,HP-2018-15845,1818.0,3,3,12.0,Urban,Semi-Furnished,Independent House,1,0,3.7,519794.0
5847,HP-2019-15846,4249.0,5,3,10.0,Urban,Semi-Furnished,Independent House,1,0,2.2,909286.0
5848,HP-2020-15847,1504.0,4,2,27.0,Downtown,Furnished,Studio,2,0,11.7,418357.0
5849,HP-2021-15848,,4,3,26.0,Suburban, Unfurnished,Independent House,1,1,13.2,474763.0
5850,HP-2022-15849,1804.0,3,1,2.0,Suburban,Unfurnished,Apartment,1,1,6.4,399830.0
5851,HP-2023-15850,2370.0,2,1,1.0,Rural,Semi-Furnished,Apartment,1,0,18.1,424658.0
5852,HP-2024-15851,1871.0,3,1,4.0,Suburban,,Villa,1,0,27.4,437552.0
5853,HP-2018-15852,,3,2,52.0,Suburban,Unfurnished,Studio,1,0,5.1,423535.0
5854,HP-2019-15853,1515.0,3,2,0.0,Rural,Unfurnished,Independent House,2,1,2.0,442974.0
5855,HP-2020-15854,1233.0,2,1,13.0,Suburban,Semi-Furnished,Independent House,1,0,5.8,338665.0
5856,HP-2021-15855,941.0,6,4,11.0,Downtown,Semi-Furnished,Studio,2,1,36.5,495503.0
5857,HP-2022-15856,643.0,2,1,12.0,Suburban,Semi-Furnished,Apartment,1,1,2.8,177139.0
5858,HP-2023-15857,1837.0,2,2,3.0,Urban,Semi-Furnished,Apartment,1,0,7.7,412688.0
5859,HP-2024-15858,1989.0,3,1,3.0,Downtown,Semi-Furnished,Independent House,1,1,9.5,512929.0
5860,HP-2018-15859,1758.0,3,2,7.0,Rural,Unfurnished,Apartment,3,1,1.9,425412.0
5861,HP-2019-15860,3070.0,3,1,1.0,Suburban,Unfurnished,Independent House,1,1,7.1,599223.0
5862,HP-2020-15861,3060.0,4,3,1.0,Suburban,Furnished,Apartment,1,1,3.0,665416.0
5863,HP-2021-15862,1966.0,3,2,1.0,Suburban,Furnished,Apartment,1,0,15.4,451987.0
5864,HP-2022-15863,944.0,4,3,10.0,Rural,Furnished,Apartment,0,1,10.0,399718.0
5865,HP-2023-15864,1803.0,4,2,6.0,Rural,Unfurnished,Independent House,0,1,14.0,508814.0
5866,HP-2024-15865,1780.0,1,1,4.0,Urban,Semi-Furnished,Apartment,1,1,1.8,349995.0
5867,HP-2018-15866,1740.0,4,1,5.0,Downtown,Semi-Furnished,Apartment,1,1,0.5,477259.0
5868,HP-2019-15867,1712.0,5,2,3.0,Suburban,Semi_Furnished,Apartment,3,0,,516356.0
5869,HP-2020-15868,1743.0,1,1,6.0,Urban,Unfurnished,Apartment,1,0,3.9,313432.0
5870,HP-2021-15869,1929.0,3,2,3.0,Suburban,Semi-Furnished,Independent House,2,1,1.6,491399.0
5871,HP-2022-15870,1755.0,5,3,14.0,Urban,Semi-Furnished,Apartment,1,0,0.8,544161.0
5872,HP-2023-15871,2346.0,3,1,2.0,Rural,Furnished,Apartment,1,0,5.8,475163.0
5873,HP-2024-15872,2452.0,3,3,36.0,Urban,Semi-Furnished,Villa,3,0,1.3,580382.0
5874,HP-2018-15873,1563.0,6,4,1.0,Rural,Furnished,Apartment,2,0,6.7,577741.0
5875,HP-2019-15874,3090.0,2,1,34.0,Rural,Unfurnished,Studio,2,0,10.4,428374.0
5876,HP-2020-15875,1514.0,2,1,21.0,Urban,Unfurnished,Independent House,2,0,6.1,354797.0
5877,HP-2021-15876,1068.0,5,4,14.0,Downtown,Furnished,Apartment,3,0,18.7,519149.0
5878,HP-2022-15877,,5,3,29.0,Suburban,Furnished,Apartment,1,1,1.4,584875.0
5879,HP-2023-15878,1628.0,3,2,2.0,Rural,Furnished,Studio,0,0,5.4,360001.0
5880,HP-2024-15879,2425.0,3,1,2.0,Downtown,Furnished,Independent House,0,1,1.4,578303.0
5881,HP-2018-15880,517.0,5,3,3.0,Downtown,Unfurnished,Independent House,2,0,16.7,437757.0
5882,HP-2019-15881,3175.0,4,2,61.879328145491975,Rural,Unfurnished,Independent House,2,1,21.5,649994.4574119418
5883,HP-2020-15882,2671.0,3,3,4.0,Urban,Semi-Furnished,Independent House,2,1,4.1,656697.0
5884,HP-2021-15883,1150.0,1,1,10.0,Suburban,Furnished,Apartment,0,0,2.9,242505.0
5885,HP-2022-15884,1165.0,3,4,0.0,Downtown,Semi-Furnished,Apartment,3,0,2.6,466508.0
5886,HP-2023-15885,3371.0,5,3,6.0,Urban,Unfurnished,Independent House,1,1,15.7,809932.0
5887,HP-2024-15886,1684.0,5,3,3.0,Rural,Unfurnished,Studio,2,1,9.2,525432.0
5888,HP-2018-15887,1616.0,6,4,11.0,Downtown,Furnished,Apartment,0,1,17.0,634374.0
5889,HP-2019-15888,614.0,5,4,51.0,Suburban,#Semi-Furnished,Independent House,3,0,1.0,393481.0
5890,HP-2020-15889,1954.0,4,2,9.0,Urban,Semi-Furnished,Studio,1,1,5.2,513181.0
5891,HP-2021-15890,2041.0,3,2,7.0,Urban,Semi-Furnished,Apartment,1,0,9.0,456276.0
5892,HP-2022-15891,2701.0,4,2,6.0,Urban,Semi-Furnished,Apartment,3,0,18.2,603945.0
5893,HP-2023-15892,1221.0,4,2,18.0,Suburban,Semi-Furnished,Apartment,3,0,,360035.0
5894,HP-2024-15893,1136.0,3,1,1.0,Downtown,SEMI-FURNISHED,Apartment,1,0,,349325.0
5895,HP-2018-15894,2516.0,2,1,39.0,Suburban,Furnished,Independent House,3,1,19.5,417011.0
5896,HP-2019-15895,2905.0,5,3,6.0,Suburban,Semi-Furnished,Apartment,2,1,0.5,717359.0
5897,HP-2020-15896,1100.0,3,2,5.0,Urban, Unfurnished,Apartment,0,1,,377069.0
5898,HP-2021-15897,2957.0,3,2,44.0,Urban,Furnished,Villa,1,1,4.9,608963.0
5899,HP-2022-15898,2226.0,4,3,33.0,Rural,Unfurnished,Villa,1,0,1.3,564854.0
5900,HP-2023-15899,2964.0,4,2,12.0,Urban,FURNISHED,Studio,1,1,4.0,621840.0
5901,HP-2024-15900,2151.0,2,1,0.0,Urban,Semi-Furnished,Studio,2,0,10.3,404826.0
5902,HP-2018-15901,500.0,5,3,17.0,Downtown,Unfurnished,Studio,1,1,3.7,363956.0
5903,HP-2019-15902,2094.0,3,2,5.0,Suburban,Semi-Furnished,Apartment,2,1,3.0,454878.0
5904,HP-2020-15903,2942.0,2,1,6.0,Urban,Unfurnished,Apartment,2,0,12.2,490537.0
5905,HP-2021-15904,1574.0,3,2,2.0,Rural,SEMI-FURNISHED,Apartment,2,0,35.9,352774.0
5906,HP-2022-15905,1928.0,4,3,9.0,Suburban,Semi-Furnished,Apartment,3,0,12.1,535973.0
5907,HP-2023-15906,2077.0,6,2,16.0,Urban,Semi-Furnished,Apartment,2,1,15.0,577592.0
5908,HP-2024-15907,500.0,4,3,4.0,Downtown,Semi-Furnished,Independent House,1,1,22.4,384850.0
5909,HP-2018-15908,3370.0,5,3,34.0,Urban,Unfurnished,Villa,2,1,12.9,778822.0
5910,HP-2019-15909,1569.0,2,1,3.0,Suburban,Semi-Furnished,Apartment,3,0,31.4,341498.0
5911,HP-2020-15910,2554.0,2,1,1.0,Downtown,Unfurnished,Independent House,0,0,11.0,510631.0
5912,HP-2021-15911,2139.0,3,3,12.0,Rural,Unfurnished,Apartment,3,1,8.7,502070.0
5913,HP-2022-15912,3080.0,3,2,23.0,Suburban,Unfurnished,Apartment,0,0,9.5,555843.0
5914,HP-2023-15913,2484.0,5,3,37.0,Urban,Semi-Furnished,Apartment,1,1,18.4,618869.0
5915,HP-2024-15914,2036.0,4,3,17.0,Suburban,Semi-Furnished,Studio,2,1,9.2,510307.0
5916,HP-2018-15915,1575.0,6,3,,Rural,Unfurnished,Studio,2,1,11.5,506225.0
5917,HP-2019-15916,2758.0,3,1,46.0,Downtown,Furnished,Apartment,2,0,1.9,495315.0
5918,HP-2020-15917,889.0,3,2,30.0,Suburban,Furnished,Studio,1,0,19.5,255949.0
5919,HP-2021-15918,2652.0,3,1,2.0,Urban,Furnished,Apartment,2,1,4.7,562469.0
5920,HP-2022-15919,1431.0,2,2,10.0,Suburban,Furnished,Independent House,2,0,,372641.0
5921,HP-2023-15920,3077.0,4,2,10.0,Rural,semi-furnished,Independent House,1,1,12.9,651767.0
5922,HP-2024-15921,2313.0,3,2,7.0,Suburban, Unfurnished,Villa,1,0,3.5,517871.0
5923,HP-2018-15922,2651.0,3,3,50.0,Urban,Furnished ,Apartment,2,1,1.6,495611.0
5924,HP-2019-15923,2257.0,3,1,1.0,Suburban,Unfurnished,Apartment,1,1,2.4,494544.0
5925,HP-2020-15924,973.0,1,1,12.0,Suburban,Semi-Furnished,Apartment,1,1,0.5,232582.0
5926,HP-2021-15925,1597.0,3,2,3.0,Suburban,Semi-Furnished,Independent House,0,0,0.8,418159.0
5927,HP-2022-15926,2671.0,3,2,9.0,Urban,Unfurnished,Independent House,2,0,7.2,589029.0
5928,HP-2023-15927,2317.0,1,1,18.0,Urban,Unfurnished,Villa,1,0,16.1,432494.0
5929,HP-2024-15928,3027.0,3,1,3.0,Downtown,Furnished,Apartment,1,0,4.8,624671.0
5930,HP-2018-15929,2482.0,3,2,6.0,Suburban,Furnished,Studio,1,0,7.9,489311.0
5931,HP-2019-15930,1523.0,3,3,36.0,Rural,Unfurnished,Studio,0,1,13.3,341500.0
5932,HP-2020-15931,1643.0,2,1,17.0,Downtown,Furnished,Apartment,1,0,3.5,384717.0
5933,HP-2021-15932,2272.0,3,2,10.0,Suburban,Furnished,Apartment,1,0,8.5,470662.0
5934,HP-2022-15933,580.0,4,2,3.0,Urban,Semi-Furnished,Independent House,1,0,3.5,363016.0
5935,HP-2023-15934,3371.0,4,3,7.0,Downtown,Unfurnished,Apartment,1,0,8.2,715350.0
5936,HP-2024-15935,2509.0,4,2,18.0,Urban,Semi-Furnished,Independent House,3,0,2.0,583975.0
5937,HP-2018-15936,3059.0,3,1,21.0,Rural,Semi-Furnished,Apartment,0,0,30.5,496178.0
5938,HP-2019-15937,1094.0,3,1,3.0,Urban,Semi-Furnished,Villa,2,1,0.6,431770.0
5939,HP-2020-15938,3071.0,4,1,13.0,Urban, Unfurnished,Apartment,2,1,5.6,647735.0
5940,HP-2021-15939,10131.666858063614,3,1,1.0,Urban,#Furnished,Apartment,1,0,2.7,1213710.1970049082
5941,HP-2022-15940,1275.0,4,3,0.0,Suburban,furnished,Independent House,1,0,7.3,465478.0
5942,HP-2023-15941,2740.0,3,3,10.0,Downtown,Furnished,Studio,3,0,4.5,613763.0
5943,HP-2024-15942,2201.0,3,2,3.0,Urban,Furnished ,Independent House,2,0,2.9,498146.0
5944,HP-2018-15943,1119.0,4,3,1.0,Suburban,Furnished,Apartment,0,0,2.3,421826.0
5945,HP-2019-15944,,2,1,16.0,Urban,unfurnished,Apartment,1,1,1.6,498458.0
5946,HP-2020-15945,2784.0,3,2,8.0,Suburban,Unfurnished,Apartment,1,0,12.2,563000.0
5947,HP-2021-15946,1779.0,2,1,19.0,Urban, Unfurnished,Villa,2,0,2.0,368884.0
5948,HP-2022-15947,3016.0,3,3,13.0,Suburban,#Furnished,Apartment,3,0,11.9,619122.0
5949,HP-2023-15948,1033.0,2,1,16.0,Suburban,Semi-Furnished,Independent House,0,0,5.3,258607.0
5950,HP-2024-15949,1154.0,4,3,4.0,Urban,Semi-Furnished,Villa,1,0,0.6,504170.0
5951,HP-2018-15950,2296.0,4,3,4.0,Downtown,Unfurnished,Apartment,1,0,1.4,608948.0
5952,HP-2019-15951,2218.0,4,3,11.0,Suburban,Unfurnished,Villa,3,0,17.9,602554.0
5953,HP-2020-15952,1698.0,3,1,3.0,Suburban,Unfurnished,Villa,1,1,7.4,415824.0
5954,HP-2021-15953,2767.0,6,4,20.0,Suburban,Semi-Furnished,Villa,2,1,1.6,806867.0
5955,HP-2022-15954,2572.0,4,2,9.0,Downtown,Semi-Furnished,Studio,1,1,9.7,600723.0
5956,HP-2023-15955,2801.0,3,2,3.0,Suburban,,Apartment,2,0,13.9,550224.0
5957,HP-2024-15956,2114.0,5,2,12.0,Rural,Furnished,Apartment,1,0,3.2,544994.0
5958,HP-2018-15957,2622.0,4,2,35.0,Rural,Furnished,Apartment,3,1,6.5,503487.0
5959,HP-2019-15958,1888.0,4,2,1.0,Downtown,Semi-Furnished,Apartment,1,0,2.8,495064.0
5960,HP-2020-15959,3638.0,2,1,1.0,Rural,Unfurnished,Apartment,2,0,0.7,594040.0
5961,HP-2021-15960,,3,1,22.0,Rural,Furnished,Studio,1,1,4.1,307469.0
5962,HP-2022-15961,3674.0,5,3,1.0,Urban,Semi-Furnished,Apartment,2,0,11.1,830327.0
5963,HP-2023-15962,2224.0,3,2,0.0,Rural,Semi-Furnished,Apartment,1,0,4.9,465014.0
5964,HP-2024-15963,1237.0,4,3,5.0,Urban,Semi-Furnished,Independent House,0,0,4.2,491475.0
5965,HP-2018-15964,3158.0,4,3,8.0,Urban,SEMI-FURNISHED,Villa,1,1,,751904.0
5966,HP-2019-15965,2288.0,5,3,10.0,Rural, Unfurnished,Independent House,1,1,4.9,626617.0
5967,HP-2020-15966,2796.0,3,2,8.0,Urban,SEMI-FURNISHED,Apartment,1,1,3.1,548569.0
5968,HP-2021-15967,3057.0,4,2,29.0,Suburban,UNFURNISHED,Independent House,1,0,7.6,615411.0
5969,HP-2022-15968,2437.0,2,1,18.0,Rural,Furnished,Apartment,1,1,0.5,414268.0
5970,HP-2023-15969,,4,4,49.0,Urban,Semi-Furnished,Studio,1,1,13.2,477742.0
5971,HP-2024-15970,2883.0,4,3,8.0,Urban,Semi-Furnished,Studio,1,1,1.5,623840.0
5972,HP-2018-15971,2201.0,1,1,1.0,Suburban,Furnished,Apartment,1,0,8.0,362036.0
5973,HP-2019-15972,2680.0,4,2,37.0,Downtown,Furnished,Independent House,0,1,4.8,625631.0
5974,HP-2020-15973,692.0,3,2,0.0,Downtown,Semi-Furnished,Villa,1,1,11.9,425787.0
5975,HP-2021-15974,2513.0,2,1,18.0,Rural,Unfurnished,Apartment,2,1,14.0,403671.0
5976,HP-2022-15975,1753.0,3,2,0.0,Urban,Furnished,Independent House,1,1,1.8,481928.0
5977,HP-2023-15976,3357.0,2,1,17.0,Suburban,Furnished,Apartment,2,1,9.0,522116.0
5978,HP-2024-15977,2636.0,3,2,33.0,Downtown,Semi-Furnished,Apartment,1,1,1.7,501536.0
5979,HP-2018-15978,2368.0,3,2,6.0,Downtown,,Studio,3,0,1.1,528050.0
5980,HP-2019-15979,2540.0,4,2,3.0,Urban,Furnished,Independent House,0,0,21.3,581015.0
5981,HP-2020-15980,1501.0,4,2,3.0,Urban,Unfurnished,Villa,2,0,1.4,558577.0
5982,HP-2021-15981,3336.0,4,3,8.0,Urban,Furnished,Independent House,1,0,2.1,750649.0
5983,HP-2022-15982,3594.0,1,1,2.0,Rural,Furnished,Apartment,0,1,1.1,537875.0
5984,HP-2023-15983,2475.0,5,3,13.0,Rural,semi-furnished,Apartment,1,0,5.1,609568.0
5985,HP-2024-15984,3313.0,4,2,6.0,Urban,Furnished,Studio,1,0,20.2,665222.0
5986,HP-2018-15985,1802.0,1,1,5.0,Urban,Furnished,Apartment,1,0,2.5,351856.0
5987,HP-2019-15986,1642.0,4,2,7.0,Suburban,Semi-Furnished,Apartment,1,0,6.2,447952.0
5988,HP-2020-15987,2229.0,2,2,9.0,Rural,unfurnished,Apartment,3,1,4.2,446365.0
5989,HP-2021-15988,2504.0,4,2,61.86977411773208,Rural,Semi-Furnished,Apartment,1,1,3.3,526691.3504418134
5990,HP-2022-15989,,3,2,15.0,Suburban,Semi-Furnished,Apartment,1,1,6.8,436948.0
5991,HP-2023-15990,2576.0,3,2,26.0,Urban,Unfurnished,Villa,2,0,6.5,563704.0
5992,HP-2024-15991,2414.0,5,2,4.0,Urban,Furnished,Apartment,2,0,3.6,637157.0
5993,HP-2018-15992,1501.0,3,1,2.0,Suburban,Semi-Furnished,Villa,0,1,15.2,415379.0
5994,HP-2019-15993,2563.0,2,1,17.0,Rural,Furnished,Apartment,2,0,0.5,405882.0
5995,HP-2020-15994,2804.0,5,2,2.0,Urban,Semi Furnished,Independent House,1,1,0.7,712660.0
5996,HP-2021-15995,2320.0,5,2,1.0,Downtown,Semi-Furnished,Independent House,0,1,37.5,642950.0
5997,HP-2022-15996,3007.0,4,3,12.0,Urban,Semi-Furnished,Villa,1,0,11.0,690203.0
5998,HP-2023-15997,1348.0,3,2,3.0,Suburban,Semi-Furnished,Villa,0,0,13.0,411300.0
5999,HP-2024-15998,2528.0,2,2,2.0,Downtown,Unfurnished,Independent House,1,0,7.4,534942.0
6000,HP-2018-15999,1381.0,4,2,48.0,Downtown,Furnished,Villa,1,1,4.4,488458.0
6001,HP-2019-16000,1420.0,2,1,4.0,Downtown,Unfurnished,Apartment,1,0,7.9,340942.0
6002,HP-2020-16001,1758.0,2,1,28.0,Downtown,Furnished,Independent House,1,0,0.8,404360.0
6003,HP-2021-16002,1541.0,3,1,2.0,Urban,Semi-Furnished,Independent House,2,0,11.3,419954.0
6004,HP-2022-16003,1816.0,2,2,21.0,Suburban,Furnished,Apartment,2,0,6.2,370702.0
6005,HP-2023-16004,2050.0,1,1,8.0,Downtown,Unfurnished,Independent House,2,1,25.1,408405.0
6006,HP-2024-16005,2786.0,3,1,1.0,Urban,Unfurnished,Independent House,2,0,8.1,578076.0
6007,HP-2018-16006,1975.0,2,1,16.0,Suburban,Semi-Furnished,Independent House,2,0,1.3,395450.0
6008,HP-2019-16007,1090.0,2,1,27.0,Rural,Unfurnished,Apartment,2,0,5.2,198587.0
6009,HP-2020-16008,2998.0,2,1,2.0,Rural,Unfurnished,Apartment,1,0,0.5,499491.0
6010,HP-2021-16009,1614.0,2,1,,Downtown,Unfurnished,Villa,1,0,10.9,370984.0
6011,HP-2022-16010,2159.0,4,3,7.0,Urban,Unfurnished,Apartment,1,0,5.6,563152.0
6012,HP-2023-16011,2513.0,4,4,17.0,Rural,Furnished,Independent House,1,1,3.7,610073.0
6013,HP-2024-16012,2340.0,3,2,,Rural,Semi-Furnished,Studio,0,0,27.7,413970.0
6014,HP-2018-16013,2966.0,3,3,,Downtown,Unfurnished,Studio,1,0,22.6,626017.0
6015,HP-2019-16014,2535.0,1,1,2.0,Urban,Furnished,Studio,3,0,24.4,432497.0
6016,HP-2020-16015,1597.0,2,1,8.0,Suburban,Unfurnished,Apartment,1,0,2.0,329112.0
6017,HP-2021-16016,3725.0,3,2,33.0,Downtown,Furnished,Independent House,1,1,10.4,698696.0
6018,HP-2022-16017,2336.0,3,2,5.0,Downtown,Semi-Furnished,Apartment,0,1,23.3,512390.0
6019,HP-2023-16018,2097.0,4,2,12.0,Urban,Furnished,Apartment,2,0,6.8,530784.0
6020,HP-2024-16019,2875.0,4,3,0.0,Urban,Semi-Furnished,Independent House,1,0,1.9,697256.0
6021,HP-2018-16020,2375.0,3,3,15.0,Downtown,Unfurnished,Independent House,0,0,13.6,552967.0
6022,HP-2019-16021,2479.0,2,1,11.0,Downtown,Furnished,Independent House,3,0,17.0,504931.0
6023,HP-2020-16022,3945.0,4,2,15.0,Suburban,Semi-Furnished,Villa,2,1,30.988901191032735,774695.0
6024,HP-2021-16023,2007.0,3,2,28.0,Suburban,Semi-Furnished,Independent House,2,1,2.8,468430.0
6025,HP-2022-16024,1978.0,4,4,2.0,Downtown,Unfurnished,Villa,3,0,1.7,662962.0
6026,HP-2023-16025,2282.0,3,2,4.0,Urban,Furnished,Studio,1,1,7.8,494566.0
6027,HP-2024-16026,2950.0,4,2,60.0,Urban,Furnished,Villa,2,1,5.3,654625.0
6028,HP-2018-16027,1145.0,5,2,2.0,Suburban,#Furnished,Apartment,1,1,8.8,433595.0
6029,HP-2019-16028,824.0,5,2,15.0,Urban,Furnished,Apartment,2,0,0.9,408527.0
6030,HP-2020-16029,1789.0,3,2,15.0,Downtown,Semi-Furnished,Apartment,0,0,1.2,458376.0
6031,HP-2021-16030,1056.0,3,2,14.0,Downtown,#Unfurnished,Apartment,0,0,3.6,359208.0
6032,HP-2022-16031,1903.0,3,2,3.0,Downtown,Semi-Furnished,Villa,1,0,2.4,549511.0
6033,HP-2023-16032,2552.0,5,3,3.0,Rural,,Apartment,0,0,7.7,595493.0
6034,HP-2024-16033,1576.0,3,1,13.0,Urban,Un-furnished,Villa,1,1,3.7,432440.0
6035,HP-2018-16034,1201.0,2,1,2.0,Urban, Furnished,Villa,1,0,9.2,332266.0
6036,HP-2019-16035,2249.0,3,2,13.0,Urban,Furnished,Independent House,2,1,11.7,528105.0
6037,HP-2020-16036,2804.0,2,1,8.0,Downtown,Semi-Furnished,Apartment,0,1,1.7,518464.0
6038,HP-2021-16037,1014.0,3,3,6.0,Suburban,Furnished,Apartment,1,0,20.2,324392.0
6039,HP-2022-16038,2774.0,3,1,4.0,Urban,Semi-Furnished,Apartment,2,0,12.4,551112.0
6040,HP-2023-16039,2772.0,3,2,35.0,Urban,Furnished,Apartment,2,1,7.9,527368.0
6041,HP-2024-16040,2868.0,2,2,,Rural,Unfurnished,Villa,0,1,19.2,545830.0
6042,HP-2018-16041,3053.0,5,3,10.0,Downtown,Semi-Furnished,Independent House,1,1,2.5,752401.0
6043,HP-2019-16042,,4,2,36.0,Suburban,Semi-Furnished,Apartment,2,1,4.4,689817.0
6044,HP-2020-16043,1951.0,5,2,13.0,Rural,Furnished,Apartment,0,1,0.7,506904.0
6045,HP-2021-16044,2277.0,3,3,38.0,Downtown,furnished,Independent House,1,1,4.9,532409.0
6046,HP-2022-16045,1908.0,4,2,1.0,Urban,,Villa,1,0,5.6,573060.0
6047,HP-2023-16046,2201.0,3,2,22.0,Suburban,Unfurnished,Villa,3,1,7.7,538740.0
6048,HP-2024-16047,3273.0,2,2,5.0,Suburban,Semi-Furnished,Apartment,1,1,0.5,605616.0
6049,HP-2018-16048,1258.0,2,1,20.0,Downtown,#Unfurnished,Studio,1,0,0.5,287478.0
6050,HP-2019-16049,1597.0,3,2,23.0,Urban,Furnished,Independent House,2,0,4.4,436121.0
6051,HP-2020-16050,3164.0,2,2,4.0,Suburban,Furnished,Apartment,1,0,1.7,596627.0
6052,HP-2021-16051,2914.0,6,3,6.0,Suburban,,Apartment,1,1,11.4,739075.0
6053,HP-2022-16052,1946.0,1,2,16.0,Rural,Semi-Furnished,Apartment,0,0,8.8,295231.0
6054,HP-2023-16053,2798.0,3,1,1.0,Rural,Unfurnished,Independent House,3,1,3.2,568321.0
6055,HP-2024-16054,2439.0,3,1,17.0,Suburban,Semi-Furnished,Villa,2,1,0.5,535762.0
6056,HP-2018-16055,3250.0,3,2,1.0,Suburban,#Semi-Furnished,Apartment,2,1,,631703.0
6057,HP-2019-16056,2252.0,4,4,30.0,Rural,Unfurnished,Studio,0,0,9.4,451060.0
6058,HP-2020-16057,2918.0,2,1,4.0,Downtown,Semi-Furnished,Independent House,0,1,37.0,549002.0
6059,HP-2021-16058,4049.0,4,2,10.0,Rural,Semi-Furnished,Studio,1,0,3.2,716096.0
6060,HP-2022-16059,2619.0,3,2,1.0,Rural,Furnished,Villa,1,0,13.0,609420.0
6061,HP-2023-16060,2235.0,4,2,4.0,Downtown,Semi-Furnished,Apartment,2,0,16.1,595167.0
6062,HP-2024-16061,2706.0,4,3,6.0,Urban,Unfurnished,Apartment,1,0,0.5,649767.0
6063,HP-2018-16062,1944.0,5,3,8.0,Urban,Unfurnished,Villa,2,0,19.8,637628.0
6064,HP-2019-16063,3872.0,5,3,0.0,Suburban,unfurnished,Apartment,1,0,5.0,805927.0
6065,HP-2020-16064,2326.0,4,2,26.0,Downtown, Furnished,Apartment,1,1,26.6,535035.0
6066,HP-2021-16065,2009.0,3,1,0.0,Urban,Furnished,Studio,2,0,6.2,432492.0
6067,HP-2022-16066,1615.0,3,2,18.0,Urban,Unfurnished,Studio,1,1,2.1,396284.0
6068,HP-2023-16067,2968.0,4,2,8.0,Suburban,Unfurnished,Villa,2,0,29.4,647139.0
6069,HP-2024-16068,2807.0,5,3,9.0,Rural,Semi-Furnished,Villa,0,0,2.2,710274.0
6070,HP-2018-16069,1852.0,2,1,3.0,Suburban,Furnished,Apartment,2,0,17.1,335322.0
6071,HP-2019-16070,2604.0,3,1,11.0,Urban,Furnished,Apartment,3,0,1.5,579009.0
6072,HP-2020-16071,1144.0,4,2,9.0,Urban,#Unfurnished,Independent House,1,0,9.0,445467.0
6073,HP-2021-16072,2329.0,3,3,2.0,Urban,furnished,Apartment,1,0,4.2,574280.0
6074,HP-2022-16073,2517.0,3,1,3.0,Rural,Furnished,Apartment,0,0,28.6,421113.0
6075,HP-2023-16074,3395.0,3,3,1.0,Rural,Semi-Furnished,Villa,2,0,1.6,696937.0
6076,HP-2024-16075,1660.0,4,2,1.0,Suburban,Furnished,Apartment,1,0,4.2,463166.0
6077,HP-2018-16076,1305.0,6,3,0.0,Suburban,Furnished,Independent House,0,0,8.2,542790.0
6078,HP-2019-16077,1573.0,3,1,3.0,Downtown,Furnished,Independent House,2,1,30.4,468989.0
6079,HP-2020-16078,1264.0,2,1,14.0,Urban,Unfurnished,Apartment,2,0,2.9,304810.0
6080,HP-2021-16079,3136.0,2,2,,Suburban,Furnished,Independent House,3,0,4.0,604338.0
6081,HP-2022-16080,3284.0,1,1,5.0,Suburban,Unfurnished,Villa,1,0,,590058.0
6082,HP-2023-16081,2424.0,3,2,,Rural,Semi-Furnished,Apartment,1,1,2.3,515728.0
6083,HP-2024-16082,3055.0,3,2,10.0,Downtown,Unfurnished,Studio,2,0,13.6,602032.0
6084,HP-2018-16083,2294.0,2,1,5.0,Suburban, Unfurnished,Apartment,1,0,0.8,439258.0
6085,HP-2019-16084,2133.0,4,1,14.0,Rural,Semi_Furnished,Apartment,2,1,9.8,452075.0
6086,HP-2020-16085,1967.0,4,2,16.0,Downtown,Unfurnished,Independent House,2,0,6.1,562756.0
6087,HP-2021-16086,1983.0,3,3,11.0,Downtown,Furnished,Apartment,1,0,2.2,521199.0
6088,HP-2022-16087,1117.0,3,2,4.0,Suburban,Semi-Furnished,Independent House,0,0,5.4,344577.0
6089,HP-2023-16088,2385.0,6,2,9.0,Urban,Semi-Furnished,Villa,0,1,14.2,732315.0
6090,HP-2024-16089,,3,2,3.0,Urban,Unfurnished,Villa,1,0,4.7,547496.0
6091,HP-2018-16090,2722.0,4,2,28.0,Rural,Semi-Furnished,Studio,1,0,1.0,483139.0
6092,HP-2019-16091,2265.0,3,1,17.0,Urban,Furnished,Studio,2,0,0.5,428403.0
6093,HP-2020-16092,2086.0,4,1,8.0,Suburban,Semi-Furnished,Studio,1,1,12.0,438337.0
6094,HP-2021-16093,1590.0,4,3,40.0,Suburban,Unfurnished,Independent House,1,0,3.2,445342.0
6095,HP-2022-16094,2251.0,4,2,9.0,Suburban,Furnished,Apartment,1,0,21.4,534375.0
6096,HP-2023-16095,,5,2,5.0,Suburban,Semi-Furnished,Apartment,1,0,7.7,631757.0
6097,HP-2024-16096,3771.8557326766354,5,3,1.0,Urban,Semi-Furnished,Apartment,0,0,4.6,984674.6388970286
6098,HP-2018-16097,2261.0,4,2,9.0,Urban,FURNISHED,Apartment,0,1,6.6,562989.0
6099,HP-2019-16098,2363.0,2,1,24.0,Urban,#Semi-Furnished,Villa,1,0,4.9,420583.0
6100,HP-2020-16099,1697.0,3,2,24.0,Urban,Unfurnished,Independent House,0,0,18.9,421590.0
6101,HP-2021-16100,1789.0,4,2,11.0,Urban, Unfurnished,Apartment,1,0,4.9,462902.0
6102,HP-2022-16101,2361.0,4,2,6.0,Downtown,Semi-Furnished,Studio,2,1,0.9,592549.0
6103,HP-2023-16102,1407.0,2,1,13.0,Urban,Semi-Furnished,Independent House,1,0,7.3,330898.0
6104,HP-2024-16103,,2,1,17.0,Urban,Semi-Furnished,Apartment,0,1,36.92987274145295,486380.0
6105,HP-2018-16104,1573.0,4,2,6.0,Downtown,Furnished,Apartment,3,0,11.6,492099.0
6106,HP-2019-16105,2944.0,3,3,8.0,Urban,Semi-Furnished,Apartment,2,0,21.7,622298.0
6107,HP-2020-16106,3836.0,3,2,14.0,Rural,,Apartment,0,0,4.7,668659.0
6108,HP-2021-16107,1597.0,4,3,25.0,Suburban,Furnished,Studio,0,0,3.5,384656.0
6109,HP-2022-16108,2574.0,3,2,19.0,Rural,UNFURNISHED,Villa,2,0,5.4,571062.0
6110,HP-2023-16109,1691.0,2,1,0.0,Urban,Unfurnished,Apartment,1,0,18.4,348389.0
6111,HP-2024-16110,2929.0,2,1,2.0,Urban,Furnished,Apartment,0,1,31.3,492554.0
6112,HP-2018-16111,1314.0,2,2,23.0,Suburban,Unfurnished,Independent House,1,0,28.4,312621.0
6113,HP-2019-16112,2536.0,3,2,22.0,Urban,#Semi-Furnished,Studio,3,1,2.1,495400.0
6114,HP-2020-16113,1589.0,3,2,6.0,Suburban,Semi-Furnished,Apartment,1,0,5.5,413721.0
6115,HP-2021-16114,2055.0,3,2,11.0,Suburban,SEMI-FURNISHED,Independent House,1,0,2.4,478355.0
6116,HP-2022-16115,1478.0,2,1,28.0,Suburban,Semi-Furnished,Studio,1,0,,248607.0
6117,HP-2023-16116,2776.0,2,3,29.0,Rural,Unfurnished,Villa,0,0,0.5,497834.0
6118,HP-2024-16117,1614.0,2,1,18.0,Urban,Furnished,Studio,1,0,1.4,321368.0
6119,HP-2018-16118,2586.0,6,3,3.0,Suburban,Semi-Furnished,Apartment,3,0,4.0,711637.0
6120,HP-2019-16119,1959.0,3,2,,Suburban,Semi-Furnished,Independent House,0,1,3.6,457221.0
6121,HP-2020-16120,2120.0,5,3,1.0,Downtown,FURNISHED,Apartment,3,0,2.6,629766.0
6122,HP-2021-16121,2303.0,5,3,27.0,Urban,Unfurnished,Independent House,1,0,2.1,631968.0
6123,HP-2022-16122,1667.0,3,1,2.0,Suburban,Unfurnished,Apartment,1,1,11.1,398387.0
6124,HP-2023-16123,2347.0,4,3,13.0,Suburban,Semi-Furnished,Villa,0,0,2.8,611283.0
6125,HP-2024-16124,3271.0,2,2,11.0,Rural,Furnished,Apartment,1,1,9.8,539821.0
6126,HP-2018-16125,1655.0,4,2,18.0,Downtown,Unfurnished,Independent House,1,0,3.7,499870.0
6127,HP-2019-16126,3020.0,3,2,10.0,Urban,,Villa,2,0,13.0,658278.0
6128,HP-2020-16127,3249.0,5,2,1.0,Suburban, Furnished,Studio,1,1,1.5,727906.0
6129,HP-2021-16128,1629.0,2,1,15.0,Downtown,Semi-Furnished,Independent House,1,0,1.4,360956.0
6130,HP-2022-16129,1181.0,4,2,6.0,Suburban,Furnished,Independent House,2,1,9.1,422655.0
6131,HP-2023-16130,2411.0,2,1,5.0,Suburban,Furnished,Villa,0,1,19.7,520685.0
6132,HP-2024-16131,1817.0,5,2,57.0,Suburban,Furnished,Apartment,1,1,1.2,440978.0
6133,HP-2018-16132,3508.0,3,2,11.0,Suburban,Semi-Furnished,Independent House,0,1,,683249.0
6134,HP-2019-16133,2224.0,4,3,15.0,Urban,Unfurnished,Villa,1,0,21.8,616887.0
6135,HP-2020-16134,1638.0,3,3,9.0,Downtown,Furnished,Apartment,2,1,,526463.0
6136,HP-2021-16135,1397.0,3,1,18.0,Suburban,Semi-Furnished,Studio,0,0,2.3,272227.0
6137,HP-2022-16136,2963.0,4,3,17.0,Urban,Unfurnished,Apartment,3,1,21.2,702783.0
6138,HP-2023-16137,1800.0,5,3,13.0,Suburban,Semi Furnished,Apartment,2,0,13.0,528114.0
6139,HP-2024-16138,2231.0,1,1,60.0,Urban,Unfurnished,Apartment,1,0,3.4,290719.0
6140,HP-2018-16139,2869.0,5,3,7.0,Urban,Un-furnished,Apartment,0,1,24.7,685221.0
6141,HP-2019-16140,1861.0,4,1,15.0,Downtown,Unfurnished,Apartment,2,1,6.7,511861.0
6142,HP-2020-16141,2168.0,4,2,19.0,Downtown,Semi-Furnished,Apartment,2,1,0.6,572352.0
6143,HP-2021-16142,2188.0,3,1,6.0,Suburban,Furnished,Apartment,1,0,9.7,436301.0
6144,HP-2022-16143,2678.0,3,1,7.0,Downtown,,Villa,3,0,6.2,596675.0
6145,HP-2023-16144,2614.0,5,3,42.0,Suburban,Semi-Furnished,Apartment,3,1,6.8,606728.0
6146,HP-2024-16145,2046.0,3,2,0.0,Urban,Semi-Furnished,Independent House,1,0,41.1,457917.0
6147,HP-2018-16146,2245.0,3,2,5.0,Suburban,Semi-Furnished,Apartment,2,1,1.3,526720.0
6148,HP-2019-16147,1940.0,1,1,8.0,Urban,Unfurnished,Studio,1,1,8.6,319848.0
6149,HP-2020-16148,1166.0,2,1,0.0,Downtown,Unfurnished,Studio,1,1,,309326.0
6150,HP-2021-16149,2380.0,4,3,28.0,Suburban,Furnished,Independent House,1,1,2.5,602867.0
6151,HP-2022-16150,3525.0,4,2,4.0,Downtown,Semi Furnished,Villa,1,1,9.5,817027.0
6152,HP-2023-16151,1581.0,4,3,4.0,Suburban,UNFURNISHED,Independent House,2,0,8.8,515308.0
6153,HP-2024-16152,1659.0,2,1,21.0,Downtown,Semi-Furnished,Apartment,0,1,15.5,325599.0
6154,HP-2018-16153,1590.0,3,2,4.0,Downtown,Unfurnished,Apartment,1,0,16.9,436024.0
6155,HP-2019-16154,2707.0,3,2,13.0,Urban,#Semi-Furnished,Villa,2,0,6.6,599254.0
6156,HP-2020-16155,2514.0,3,2,21.0,Urban,Semi-Furnished,Apartment,1,0,3.2,518038.0
6157,HP-2021-16156,2089.0,5,3,19.0,Rural,SEMI-FURNISHED,Studio,1,1,6.0,507443.0
6158,HP-2022-16157,4653.170573617014,4,2,18.0,Suburban,Furnished,Studio,1,1,3.6,871059.2380169805
6159,HP-2023-16158,2265.0,2,2,1.0,Suburban,Unfurnished,Apartment,1,0,2.6,457902.0
6160,HP-2024-16159,1105.0,5,2,1.0,Urban,semi-furnished,Independent House,2,1,,495860.0
6161,HP-2018-16160,2300.0,3,2,4.0,Suburban,semi-furnished,Independent House,1,1,8.6,542101.0
6162,HP-2019-16161,2810.0,4,3,0.0,Urban,Unfurnished,Studio,1,1,7.1,648832.0
6163,HP-2020-16162,1324.0,2,1,8.0,Downtown,Semi-Furnished,Independent House,1,0,24.7,335714.0
6164,HP-2021-16163,1127.0,4,3,6.0,Urban,Semi-Furnished,Independent House,0,1,2.8,490433.0
6165,HP-2022-16164,3306.0,2,1,10.0,Suburban,Unfurnished,Independent House,1,1,3.7,604478.0
6166,HP-2023-16165,1772.0,3,1,4.0,Urban,Unfurnished,Apartment,0,1,8.8,426074.0
6167,HP-2024-16166,2995.0,1,1,8.0,Suburban,Unfurnished,Studio,1,0,,442916.0
6168,HP-2018-16167,2092.0,2,2,5.0,Rural,Semi-Furnished,Apartment,1,0,0.5,402814.0
6169,HP-2019-16168,2087.0,2,1,3.0,Urban,Semi-Furnished,Apartment,0,0,3.0,423522.0
6170,HP-2020-16169,2507.0,2,2,13.0,Urban,Semi-Furnished,Apartment,0,0,2.3,457050.0
6171,HP-2021-16170,1581.0,2,1,13.0,Suburban,Furnished,Apartment,1,0,14.7,333012.0
6172,HP-2022-16171,2293.0,4,3,21.0,Downtown,Furnished,Independent House,2,0,16.1,613609.0
6173,HP-2023-16172,1933.0,1,2,25.0,Rural,Semi-Furnished,Apartment,2,1,2.7,352133.0
6174,HP-2024-16173,,4,1,15.0,Urban,Furnished,Independent House,0,0,0.9,401491.0
6175,HP-2018-16174,2436.0,2,1,14.0,Downtown,Unfurnished,Apartment,2,0,1.8,464658.0
6176,HP-2019-16175,2016.0,5,3,1.0,Suburban,Unfurnished,Apartment,3,0,1.6,613910.0
6177,HP-2020-16176,2090.0,5,3,1.0,Urban,Furnished,Apartment,1,0,2.2,581588.0
6178,HP-2021-16177,1353.0,2,2,20.0,Urban,Furnished,Studio,2,1,2.1,311405.0
6179,HP-2022-16178,3314.0,4,2,3.0,Rural,Unfurnished,Independent House,1,0,5.2,677301.0
6180,HP-2023-16179,2814.0,1,2,5.0,Downtown,Unfurnished,Apartment,3,1,3.1,519173.0
6181,HP-2024-16180,2875.0,5,3,2.0,Urban,Unfurnished,Independent House,1,0,6.6,744677.0
6182,HP-2018-16181,1986.0,3,1,3.0,Rural,Semi-Furnished,Studio,3,1,,439506.0
6183,HP-2019-16182,990.0,1,1,18.0,Urban,Furnished,Apartment,1,0,13.5,160391.0
6184,HP-2020-16183,3567.0,3,1,4.0,Urban,Unfurnished,Independent House,1,0,24.1,648341.0
6185,HP-2021-16184,2157.0,2,2,7.0,Downtown,Unfurnished,Studio,2,1,4.1,465068.0
6186,HP-2022-16185,1676.0,3,1,2.0,Rural,Unfurnished,Apartment,2,0,0.5,383643.0
6187,HP-2023-16186,2492.0,4,3,14.0,Suburban,Furnished ,Villa,2,0,2.2,660169.0
6188,HP-2024-16187,3017.0,3,2,16.0,Downtown,Semi-Furnished,Apartment,2,1,0.9,623581.0
6189,HP-2018-16188,2184.0,3,1,5.0,Rural,Unfurnished,Studio,2,0,3.4,432795.0
6190,HP-2019-16189,3095.0,2,1,18.0,Urban,Furnished,Apartment,2,1,8.3,536071.0
6191,HP-2020-16190,2958.0,2,2,3.0,Urban,Unfurnished,Studio,1,0,5.9,523979.0
6192,HP-2021-16191,1447.0,2,2,14.0,Urban,furnished,Villa,1,0,2.2,406081.0
6193,HP-2022-16192,1728.0,4,2,16.0,Downtown,Semi-Furnished,Apartment,1,0,11.7,447571.0
6194,HP-2023-16193,2870.0,2,1,42.0,Suburban,Semi-Furnished,Villa,2,0,1.1,491928.0
6195,HP-2024-16194,500.0,4,3,3.0,Urban,Unfurnished,Studio,1,0,2.1,331551.0
6196,HP-2018-16195,2095.0,3,1,1.0,Suburban,Furnished,Apartment,0,0,9.0,417563.0
6197,HP-2019-16196,1198.0,2,2,4.0,Suburban,Unfurnished,Studio,0,1,,343507.0
6198,HP-2020-16197,1866.0,4,2,2.0,Downtown,Unfurnished,Apartment,3,1,9.1,570218.0
6199,HP-2021-16198,1991.0,3,1,2.0,Downtown,Semi-Furnished,Apartment,0,1,30.2,449647.0
6200,HP-2022-16199,1949.0,3,2,5.0,Urban,Semi-Furnished,Apartment,0,0,14.2,454288.0
6201,HP-2023-16200,1813.0,4,2,6.0,Suburban,Semi-Furnished,Studio,1,0,1.4,460935.0
6202,HP-2024-16201,,3,1,28.0,Urban,Unfurnished,Studio,1,0,5.9,312692.0
6203,HP-2018-16202,3804.0,3,2,3.0,Downtown,Furnished,Studio,1,0,4.4,736277.0
6204,HP-2019-16203,3507.0,3,1,43.0,Downtown,Semi-Furnished,Apartment,0,1,38.3,578734.0
6205,HP-2020-16204,1387.0,4,3,20.0,Downtown,Furnished,Studio,0,1,26.7,388537.0
6206,HP-2021-16205,3307.0,1,1,26.0,Urban,,Apartment,2,0,1.1,512124.0
6207,HP-2022-16206,1920.0,3,1,32.0,Suburban,Semi-Furnished,Apartment,2,0,19.2,341659.0
6208,HP-2023-16207,2290.0,2,1,17.0,Downtown,Furnished,Apartment,0,1,,431594.0
6209,HP-2024-16208,2156.0,2,2,19.0,Downtown,FURNISHED,Studio,2,0,3.1,449954.0
6210,HP-2018-16209,1738.0,3,2,7.0,Rural,Furnished,Independent House,2,1,3.5,417653.0
6211,HP-2019-16210,2889.0,5,4,9.0,Urban,Furnished,Apartment,2,1,2.7,781766.0
6212,HP-2020-16211,2288.0,5,3,,Urban,Unfurnished,Independent House,1,0,15.4,609692.0
6213,HP-2021-16212,1866.0,2,1,6.0,Suburban,Semi-Furnished,Apartment,1,0,3.2,366907.0
6214,HP-2022-16213,1287.0,3,2,1.0,Suburban,UNFURNISHED,Apartment,2,1,13.6,397279.0
6215,HP-2023-16214,1574.0,4,3,17.0,Urban,Semi_Furnished,Apartment,1,1,41.4,469433.0
6216,HP-2024-16215,1051.0,2,2,10.0,Suburban,#Furnished,Apartment,1,0,,273412.0
6217,HP-2018-16216,2209.0,4,2,20.0,Downtown,Unfurnished,Apartment,1,0,3.4,547043.0
6218,HP-2019-16217,1362.0,4,2,1.0,Suburban,Furnished,Villa,2,1,9.9,479712.0
6219,HP-2020-16218,2014.0,5,3,12.0,Urban,semi-furnished,Apartment,1,0,6.1,588345.0
6220,HP-2021-16219,3159.0,1,1,3.0,Rural,,Independent House,1,0,12.4,507049.0
6221,HP-2022-16220,3040.0,2,2,28.0,Suburban,Furnished,Villa,2,0,1.3,601536.0
6222,HP-2023-16221,2177.0,5,2,1.0,Suburban,,Independent House,2,0,8.1,605055.0
6223,HP-2024-16222,5639.196116120394,4,3,22.0,Rural,Furnished,Apartment,1,0,11.9,1093848.2623224817
6224,HP-2018-16223,3516.0,5,2,1.0,Urban,#Semi-Furnished,Apartment,1,0,11.5,735310.0
6225,HP-2019-16224,2565.0,2,1,0.0,Suburban,Semi-Furnished,Apartment,2,0,26.5,449590.0
6226,HP-2020-16225,1971.0,4,3,3.0,Downtown,Unfurnished,Apartment,0,0,0.5,570385.0
6227,HP-2021-16226,1202.0,3,2,5.0,Suburban,Semi-Furnished,Independent House,2,1,3.4,415910.0
6228,HP-2022-16227,2476.0,1,1,12.0,Downtown,Semi-Furnished,Independent House,2,0,5.2,491437.0
6229,HP-2023-16228,2781.0,3,1,2.0,Rural,Semi-Furnished,Apartment,1,0,3.0,519537.0
6230,HP-2024-16229,1758.0,4,2,7.0,Urban,Semi-Furnished,Villa,1,0,3.0,536570.0
6231,HP-2018-16230,2404.0,2,2,3.0,Urban,Semi-Furnished,Apartment,0,0,1.5,488790.0
6232,HP-2019-16231,1945.0,3,1,23.0,Suburban,Furnished,Independent House,2,1,13.4,416356.0
6233,HP-2020-16232,2071.0,4,2,1.0,Suburban,Semi-Furnished,Villa,1,0,19.1,582091.0
6234,HP-2021-16233,500.0,3,2,5.0,Urban,Unfurnished,Independent House,1,0,,295887.0
6235,HP-2022-16234,2045.0,5,2,12.0,Urban,Furnished,Apartment,1,1,1.3,557787.0
6236,HP-2023-16235,2879.0,3,2,,Rural,Unfurnished,Villa,1,1,,563821.0
6237,HP-2024-16236,1758.0,3,2,24.0,Suburban,Furnished,Villa,1,0,5.7,447701.0
6238,HP-2018-16237,2237.0,6,4,27.0,Urban,Semi_Furnished,Apartment,1,1,12.5,670573.0
6239,HP-2019-16238,1671.0,5,3,1.0,Rural,Unfurnished,Studio,2,1,0.6,551649.0
6240,HP-2020-16239,2452.0,1,1,22.0,Downtown,Unfurnished,Apartment,1,1,8.1,412837.0
6241,HP-2021-16240,2048.0,4,2,18.0,Suburban,Semi_Furnished,Apartment,1,0,1.3,476631.0
6242,HP-2022-16241,,2,1,28.0,Downtown,Furnished,Independent House,2,1,28.5,298506.0
6243,HP-2023-16242,3133.0,1,1,4.0,Suburban,Unfurnished,Studio,2,0,18.3,465636.0
6244,HP-2024-16243,2850.0,3,2,29.0,Downtown,FURNISHED,Apartment,2,1,23.9,563287.0
6245,HP-2018-16244,1777.0,3,2,6.0,Urban,UNFURNISHED,Independent House,0,0,0.9,464684.0
6246,HP-2019-16245,2548.0,4,2,12.0,Urban,Unfurnished,Apartment,1,0,5.4,596885.0
6247,HP-2020-16246,2576.0,4,2,7.0,Urban,Unfurnished,Apartment,1,0,1.4,595850.0
6248,HP-2021-16247,,6,3,7.0,Urban,Semi-Furnished,Apartment,2,0,7.3,706840.0
6249,HP-2022-16248,1014.0,4,3,9.0,Suburban,Unfurnished,Villa,2,0,2.1,445426.0
6250,HP-2023-16249,2905.0,3,2,5.0,Suburban,Semi-Furnished,Apartment,2,0,11.8,551198.0
6251,HP-2024-16250,1801.0,4,2,19.0,Urban,Semi-Furnished,Apartment,0,1,8.3,456440.0
6252,HP-2018-16251,1950.0,6,4,12.0,Rural,Semi-Furnished,Apartment,2,1,6.8,633512.0
6253,HP-2019-16252,4047.0,4,3,,Downtown,Semi-Furnished,Apartment,2,0,14.0,775335.0
6254,HP-2020-16253,2411.0,4,3,3.0,Suburban,Semi-Furnished,Apartment,0,1,5.5,587649.0
6255,HP-2021-16254,1930.0,5,4,42.0,Rural,Unfurnished,Apartment,1,1,2.5,538483.0
6256,HP-2022-16255,656.0,2,1,13.0,Rural,Semi-Furnished,Studio,1,0,7.8,130224.0
6257,HP-2023-16256,3173.0,4,3,3.0,Urban,Unfurnished,Independent House,1,1,25.2,723203.0
6258,HP-2024-16257,1258.0,5,4,17.0,Suburban, Furnished,Apartment,1,1,7.4,477432.0
6259,HP-2018-16258,1498.0,6,5,2.0,Downtown,,Apartment,2,0,7.9,608283.0
6260,HP-2019-16259,1968.0,2,2,1.0,Urban,Furnished,Apartment,2,0,21.8,409014.0
6261,HP-2020-16260,3191.0,3,2,9.0,Urban,Furnished,Apartment,3,0,5.8,613266.0
6262,HP-2021-16261,2741.0,4,2,10.0,Urban,Unfurnished,Studio,1,1,44.9,571872.0
6263,HP-2022-16262,2090.0,2,1,3.0,Urban,Unfurnished,Villa,1,0,1.4,482690.0
6264,HP-2023-16263,2416.0,4,2,,Rural,Semi_Furnished,Apartment,2,1,6.2,533748.0
6265,HP-2024-16264,1780.0,3,1,35.0,Downtown,Semi-Furnished,Villa,1,0,1.9,460958.0
6266,HP-2018-16265,2298.0,3,3,4.0,Urban,Semi-Furnished,Villa,0,1,4.8,622274.0
6267,HP-2019-16266,2251.0,3,2,2.0,Downtown,Furnished,Independent House,2,1,1.5,579064.0
6268,HP-2020-16267,2878.0,3,3,59.0,Urban,Unfurnished,Apartment,1,1,2.0,542081.0
6269,HP-2021-16268,2877.0,3,1,4.0,Suburban,Unfurnished,Apartment,0,1,6.15471475288525,529083.0
6270,HP-2022-16269,2546.0,3,2,14.0,Urban,semi-furnished,Apartment,0,0,3.1,473675.0
6271,HP-2023-16270,1946.0,3,2,3.0,Urban,,Apartment,3,1,1.2,502136.0
6272,HP-2024-16271,2719.0,2,1,10.0,Urban,Furnished,Villa,1,1,13.3,522946.0
6273,HP-2018-16272,,1,2,6.0,Downtown,Semi-Furnished,Independent House,1,1,2.0,464997.0
6274,HP-2019-16273,1443.0,2,2,39.0,Urban,Unfurnished,Apartment,3,1,4.3,332918.0
6275,HP-2020-16274,1918.0,4,3,7.0,Downtown,Unfurnished,Apartment,1,0,0.5,518304.0
6276,HP-2021-16275,2259.0,4,2,,Urban,Semi-Furnished,Independent House,0,1,0.9,578780.0
6277,HP-2022-16276,2837.0,2,1,35.0,Suburban,Furnished,Independent House,1,0,18.1,466396.0
6278,HP-2023-16277,2072.0,2,1,54.0,Rural,Unfurnished,Villa,0,0,,287689.0
6279,HP-2024-16278,1354.0,4,2,1.0,Urban,Semi-Furnished,Villa,0,0,14.7,490688.0
6280,HP-2018-16279,2240.0,3,2,22.0,Suburban,Furnished,Villa,2,0,4.2,556002.0
6281,HP-2019-16280,2279.0,6,5,6.0,Suburban,Semi-Furnished,Apartment,1,1,1.2,722799.0
6282,HP-2020-16281,2330.0,4,4,11.0,Urban,Semi-Furnished,Studio,2,1,0.9,627618.0
6283,HP-2021-16282,2844.0,3,3,6.0,Urban,Unfurnished,Apartment,1,1,7.4,604176.0
6284,HP-2022-16283,2913.0,3,2,6.0,Downtown,Furnished,Apartment,1,1,14.1,629764.0
6285,HP-2023-16284,1784.0,3,2,2.0,Urban,Semi-Furnished,Apartment,1,1,18.4,458942.0
6286,HP-2024-16285,1769.0,2,1,10.0,Urban,Furnished,Apartment,0,1,2.7,369460.0
6287,HP-2018-16286,1472.0,2,1,9.0,Downtown,Furnished,Apartment,1,1,3.1,359265.0
6288,HP-2019-16287,2689.0,2,1,3.0,Rural,Unfurnished,Independent House,1,0,0.9,494460.0
6289,HP-2020-16288,3214.0,4,4,9.0,Urban,Unfurnished,Independent House,1,0,11.9,748758.0
6290,HP-2021-16289,1979.0,3,3,,Downtown,Semi-Furnished,Apartment,2,1,2.6,458017.0
6291,HP-2022-16290,2031.0,1,1,15.0,Rural,Unfurnished,Apartment,0,1,5.2,308689.0
6292,HP-2023-16291,3227.0,4,2,8.0,Urban,Unfurnished,Independent House,1,1,21.1,695262.0
6293,HP-2024-16292,2554.0,3,2,30.0,Suburban,Unfurnished,Apartment,2,1,11.2,475810.0
6294,HP-2018-16293,2505.0,3,2,10.0,Urban,Semi-Furnished,Independent House,1,1,0.5,573211.0
6295,HP-2019-16294,1366.0,2,1,2.0,Downtown,Semi-Furnished,Apartment,2,0,0.5,349418.0
6296,HP-2020-16295,,3,2,10.0,Urban,Unfurnished,Studio,2,0,12.4,520219.0
6297,HP-2021-16296,1550.0,6,3,2.0,Urban,Semi-Furnished,Apartment,3,1,6.4,610481.0
6298,HP-2022-16297,1406.0,2,1,18.0,Downtown,Semi-Furnished,Apartment,1,0,10.2,320811.0
6299,HP-2023-16298,1957.0,3,2,41.0,Downtown,Furnished,Independent House,3,1,1.4,471404.0
6300,HP-2024-16299,1790.0,2,1,5.0,Suburban,Semi-Furnished,Independent House,2,1,16.4,396624.0
6301,HP-2018-16300,2045.0,2,1,7.0,Downtown,Semi-Furnished,Apartment,2,0,11.9,435905.0
6302,HP-2019-16301,1191.0,3,2,7.0,Rural,Furnished,Villa,3,0,17.7,372113.0
6303,HP-2020-16302,2871.0,4,1,4.0,Rural,Semi-Furnished,Independent House,1,1,3.3,576122.0
6304,HP-2021-16303,2989.0,5,4,19.0,Downtown,Semi-Furnished,Apartment,2,0,2.6,734089.0
6305,HP-2022-16304,837.0,2,1,12.0,Rural,Semi-Furnished,Villa,1,0,1.3,269524.0
6306,HP-2023-16305,2885.0,3,1,1.0,Rural,Unfurnished,Apartment,1,0,21.3,501859.0
6307,HP-2024-16306,1633.0,4,2,22.0,Downtown,Furnished,Studio,1,1,1.6,428956.0
6308,HP-2018-16307,2800.0,3,2,2.0,Rural,Semi-Furnished,Apartment,0,1,1.0,577349.0
6309,HP-2019-16308,2152.0,3,3,46.0,Downtown, Unfurnished,Villa,1,0,1.7,509184.0
6310,HP-2020-16309,2220.0,2,1,,Suburban,Furnished,Independent House,3,1,11.8,457110.0
6311,HP-2021-16310,2070.0,3,2,11.0,Suburban,Furnished,Apartment,2,1,17.6,475718.0
6312,HP-2022-16311,3048.0,3,2,1.0,Urban,Semi-Furnished,Villa,2,0,13.3,685532.0
6313,HP-2023-16312,,4,3,5.0,Urban,Furnished,Apartment,2,0,6.6,470732.0
6314,HP-2024-16313,2625.0,4,3,19.0,Downtown,Furnished,Independent House,1,1,40.8,620307.0
6315,HP-2018-16314,2971.0,2,1,8.0,Suburban,Unfurnished,Apartment,1,0,0.6,513332.0
6316,HP-2019-16315,2701.0,2,1,28.0,Downtown,Semi-Furnished,Apartment,1,0,16.2,455416.0
6317,HP-2020-16316,3827.0,5,4,10.0,Rural,Furnished,Independent House,0,0,4.5,840778.0
6318,HP-2021-16317,1830.0,3,4,32.0,Suburban,Unfurnished,Villa,2,0,4.9,538562.0
6319,HP-2022-16318,2870.0,5,2,49.0,Urban,SEMI-FURNISHED,Independent House,2,0,1.1,607423.0
6320,HP-2023-16319,2126.0,2,1,7.0,Suburban,Unfurnished,Apartment,1,1,0.5,417264.0
6321,HP-2024-16320,3063.0,3,1,10.0,Urban,Semi-Furnished,Villa,0,0,3.0,623049.0
6322,HP-2018-16321,2195.0,3,3,22.0,Suburban,Unfurnished,Independent House,1,1,1.5,544398.0
6323,HP-2019-16322,1928.0,5,2,3.0,Suburban,Furnished,Independent House,1,1,5.3,607480.0
6324,HP-2020-16323,3114.0,2,2,24.0,Downtown,Semi-Furnished,Apartment,1,0,1.3,592899.0
6325,HP-2021-16324,1856.0,2,1,11.0,Suburban,Unfurnished,Independent House,1,1,1.2,412430.0
6326,HP-2022-16325,1211.0,3,2,16.0,Urban,Furnished,Apartment,1,0,16.8,325734.0
6327,HP-2023-16326,1838.0,5,3,60.93853442478758,Urban,unfurnished,Apartment,3,1,,557730.0659293674
6328,HP-2024-16327,2633.0,5,4,17.0,Downtown,Unfurnished,Villa,1,0,26.6,751735.0
6329,HP-2018-16328,3174.0,6,3,4.0,Suburban,unfurnished,Independent House,2,0,9.1,776072.0
6330,HP-2019-16329,2278.0,6,4,20.0,Suburban,Unfurnished,Independent House,2,0,51.39803906624634,679317.0
6331,HP-2020-16330,3123.0,1,1,9.0,Urban,Semi-Furnished,Apartment,1,0,14.5,470452.0
6332,HP-2021-16331,1249.0,1,1,4.0,Downtown,Semi-Furnished,Independent House,2,0,8.6,291249.0
6333,HP-2022-16332,1890.0,2,2,37.0,Rural,Unfurnished,Apartment,1,1,3.2,341680.0
6334,HP-2023-16333,1998.0,3,1,17.0,Urban,Furnished,Independent House,0,1,1.4,470093.0
6335,HP-2024-16334,2120.0,5,3,51.0,Downtown,Semi-Furnished,Apartment,0,1,2.2,558625.0
6336,HP-2018-16335,2259.0,5,3,5.0,Urban,,Apartment,2,1,14.7,635567.0
6337,HP-2019-16336,2684.0,2,2,13.0,Downtown,Unfurnished,Studio,1,1,,506629.0
6338,HP-2020-16337,1889.0,4,3,11.0,Suburban,Unfurnished,Apartment,1,0,4.9,491917.0
6339,HP-2021-16338,2297.0,5,3,14.0,Suburban,Unfurnished,Villa,0,0,0.5,662646.0
6340,HP-2022-16339,2168.0,3,1,0.0,Urban,Unfurnished,Apartment,1,1,2.5,476383.0
6341,HP-2023-16340,1552.0,2,2,4.0,Rural,Semi-Furnished,Independent House,2,0,10.4,359478.0
6342,HP-2024-16341,2120.0,3,3,29.0,Urban,Semi-Furnished,Apartment,2,0,5.7,488671.0
6343,HP-2018-16342,2099.0,3,1,7.0,Rural,Semi-Furnished,Independent House,1,1,4.6,439471.0
6344,HP-2019-16343,2084.0,4,2,39.0,Urban,Unfurnished,Apartment,1,0,3.0,464553.0
6345,HP-2020-16344,2222.0,3,2,3.0,Urban,Unfurnished,Studio,3,0,7.5,486185.0
6346,HP-2021-16345,2253.0,1,1,60.0,Suburban,Unfurnished,Apartment,2,0,27.1,246414.0
6347,HP-2022-16346,1897.0,6,3,14.0,Rural,Unfurnished,Apartment,2,1,18.5,569261.0
6348,HP-2023-16347,3091.0,3,1,18.0,Suburban,Unfurnished,Independent House,0,1,,593560.0
6349,HP-2024-16348,1381.0,3,2,6.0,Urban, Unfurnished,Apartment,1,1,5.2,405232.0
6350,HP-2018-16349,1695.0,6,3,29.0,Rural,Furnished,Studio,2,1,3.2,519546.0
6351,HP-2019-16350,4146.0,2,1,9.0,Suburban,Furnished,Apartment,1,0,5.7,663311.0
6352,HP-2020-16351,1473.0,2,1,14.0,Urban,Unfurnished,Apartment,2,0,7.5,327766.0
6353,HP-2021-16352,1252.0,4,3,,Suburban,Unfurnished,Independent House,2,0,1.8,474125.0
6354,HP-2022-16353,,3,1,12.0,Downtown,Unfurnished,Studio,1,0,12.2,521257.0
6355,HP-2023-16354,746.0,4,2,25.0,Downtown,Unfurnished,Independent House,2,0,5.2,367268.0
6356,HP-2024-16355,2035.0,3,3,2.0,Downtown,,Independent House,0,0,38.6,531098.0
6357,HP-2018-16356,,1,1,16.0,Rural,Unfurnished,Villa,2,0,0.5,610759.0
6358,HP-2019-16357,1119.0,3,2,0.0,Downtown,Unfurnished,Studio,3,0,1.7,392311.0
6359,HP-2020-16358,813.0,2,1,31.0,Suburban,Semi-Furnished,Villa,3,0,9.4,226995.0
6360,HP-2021-16359,1151.0,4,4,49.0,Urban,#Semi-Furnished,Studio,2,1,9.5,375938.0
6361,HP-2022-16360,2829.0,4,2,5.0,Downtown,Semi-Furnished,Apartment,1,0,7.0,649126.0
6362,HP-2023-16361,2987.0,5,3,1.0,Rural,Semi-Furnished,Apartment,2,0,28.6,633979.0
6363,HP-2024-16362,1841.0,4,3,13.0,Urban,unfurnished,Apartment,2,0,4.3,522885.0
6364,HP-2018-16363,2678.0,2,1,,Suburban,Unfurnished,Studio,0,1,4.3,468082.0
6365,HP-2019-16364,3173.0,4,2,8.0,Downtown,furnished,Villa,0,0,19.3,766812.0
6366,HP-2020-16365,3451.0,4,2,4.0,Suburban,Furnished,Independent House,1,0,6.2,721631.0
6367,HP-2021-16366,2028.0,4,2,8.0,Rural,Furnished,Apartment,0,0,3.5,466137.0
6368,HP-2022-16367,589.0,5,3,0.0,Suburban,Unfurnished,Apartment,3,0,10.2,426336.0
6369,HP-2023-16368,1625.0,4,3,1.0,Suburban,Un-furnished,Villa,1,0,7.7,536321.0
6370,HP-2024-16369,1901.0,3,1,0.0,Urban,SEMI-FURNISHED,Apartment,1,0,2.9,436281.0
6371,HP-2018-16370,2019.0,4,2,12.0,Rural,Furnished,Independent House,1,0,2.8,499949.0
6372,HP-2019-16371,2068.0,3,1,10.0,Urban,Unfurnished,Independent House,2,1,4.0,502044.0
6373,HP-2020-16372,2983.0,2,1,3.0,Rural,Furnished,Apartment,3,0,0.6,495231.0
6374,HP-2021-16373,3092.0,4,1,12.0,Urban,Furnished,Studio,0,1,22.9,594753.0
6375,HP-2022-16374,2080.0,2,1,26.0,Urban,Furnished,Apartment,2,0,1.6,369697.0
6376,HP-2023-16375,2969.0,2,2,4.0,Suburban,Unfurnished,Studio,1,0,1.7,558310.0
6377,HP-2024-16376,2450.0,1,1,21.0,Downtown,Semi-Furnished,Independent House,1,0,8.3,402994.0
6378,HP-2018-16377,2245.0,4,1,13.0,Suburban,Furnished,Apartment,2,1,10.3,484548.0
6379,HP-2019-16378,2835.0,3,2,0.0,Suburban,Unfurnished,Villa,1,0,10.7,588393.0
6380,HP-2020-16379,2251.0,4,2,6.0,Suburban,Semi-Furnished,Villa,1,0,3.8,639777.0
6381,HP-2021-16380,3640.0,3,2,9.0,Rural,Unfurnished,Villa,1,0,16.5,668066.0
6382,HP-2022-16381,1193.0,3,2,16.0,Rural,Furnished,Independent House,0,0,6.3,344301.0
6383,HP-2023-16382,1839.0,3,2,4.0,Urban,Unfurnished,Villa,0,0,4.6,515817.0
6384,HP-2024-16383,2111.0,4,2,49.0,Downtown,Furnished,Studio,0,0,13.3,414952.0
6385,HP-2018-16384,2508.0,3,1,14.0,Downtown,Semi-Furnished,Apartment,2,1,2.2,546775.0
6386,HP-2019-16385,3088.0,6,3,6.0,Downtown,Semi-Furnished,Apartment,0,1,15.7,765268.0
6387,HP-2020-16386,2183.0,5,3,1.0,Urban,Unfurnished,Apartment,1,0,6.2,600766.0
6388,HP-2021-16387,1204.0,5,3,,Suburban,Unfurnished,Studio,1,1,18.4,425246.0
6389,HP-2022-16388,2790.0,5,2,8.0,Downtown,Unfurnished,Independent House,3,0,1.8,731734.0
6390,HP-2023-16389,2728.0,3,1,8.0,Urban,Semi Furnished,Apartment,2,1,22.0,499181.0
6391,HP-2024-16390,841.0,3,2,18.0,Urban,Unfurnished,Apartment,3,1,9.3,329642.0
6392,HP-2018-16391,2197.0,4,2,16.0,Urban,Unfurnished,Apartment,0,0,,504655.0
6393,HP-2019-16392,,4,1,3.0,Rural,Semi-Furnished,Villa,2,1,4.4,444324.0
6394,HP-2020-16393,1735.0,5,3,11.0,Rural,Furnished,Villa,0,0,25.0,539837.0
6395,HP-2021-16394,3881.9456117690747,4,2,0.0,Urban,Unfurnished,Studio,2,0,4.7,1067411.2518553566
6396,HP-2022-16395,2766.0,6,3,6.0,Downtown,Semi-Furnished,Villa,1,1,5.5,829034.0
6397,HP-2023-16396,2282.0,3,1,17.0,Suburban,Semi-Furnished,Apartment,2,0,12.2,435222.0
6398,HP-2024-16397,1300.0,5,3,6.0,Downtown,Semi-Furnished,Villa,1,0,2.7,594839.0
6399,HP-2018-16398,2816.0,4,2,22.0,Suburban,Unfurnished,Independent House,1,0,2.8,608798.0
6400,HP-2019-16399,1196.0,4,2,45.0,Suburban,Furnished,Villa,2,1,11.9,410946.0
6401,HP-2020-16400,2431.0,3,2,11.0,Rural,Semi-Furnished,Independent House,3,0,1.1,512540.0
6402,HP-2021-16401,1630.0,4,3,2.0,Suburban,Furnished,Independent House,1,0,13.9,515299.0
6403,HP-2022-16402,1944.0,5,4,6.0,Urban,Unfurnished,Apartment,3,0,7.9,636242.0
6404,HP-2023-16403,2553.0,2,2,0.0,Urban,Furnished,Studio,0,0,6.2,459708.0
6405,HP-2024-16404,2565.0,4,3,11.0,Rural,Furnished,Apartment,2,1,2.1,595430.0
6406,HP-2018-16405,3136.0,3,2,21.0,Urban,Unfurnished,Independent House,3,0,12.3,596520.0
6407,HP-2019-16406,2142.0,6,4,12.0,Downtown,#Semi-Furnished,Apartment,0,1,13.1,656504.0
6408,HP-2020-16407,2415.0,3,2,19.0,Suburban,Unfurnished,Apartment,1,1,5.3,494902.0
6409,HP-2021-16408,1894.0,2,1,19.0,Urban,Semi_Furnished,Studio,1,0,3.9,369914.0
6410,HP-2022-16409,2327.0,3,1,23.0,Downtown,Semi-Furnished,Apartment,1,0,2.3,503836.0
6411,HP-2023-16410,2508.0,4,2,4.0,Rural,Unfurnished,Apartment,2,1,11.2,556272.0
6412,HP-2024-16411,2131.0,2,2,25.0,Urban,Unfurnished,Apartment,2,0,8.2,396523.0
6413,HP-2018-16412,937.0,4,2,,Urban,Semi-Furnished,Independent House,3,1,1.9,439389.0
6414,HP-2019-16413,2432.0,5,3,4.0,Downtown,Unfurnished,Independent House,1,1,12.7,665466.0
6415,HP-2020-16414,2455.0,5,3,52.0,Suburban,,Apartment,1,1,17.1,539903.0
6416,HP-2021-16415,1724.0,2,1,36.0,Downtown,#Semi-Furnished,Independent House,1,1,0.5,359403.0
6417,HP-2022-16416,1301.0,6,3,10.0,Suburban,Unfurnished,Studio,3,0,11.8,498956.0
6418,HP-2023-16417,3233.0,4,2,22.0,Suburban,#Furnished,Apartment,0,0,15.3,631676.0
6419,HP-2024-16418,2544.0,2,1,4.0,Urban,Unfurnished,Independent House,3,0,38.1,437641.0
6420,HP-2018-16419,2040.0,1,1,6.0,Suburban,semi-furnished,Independent House,1,0,2.2,378006.0
6421,HP-2019-16420,1404.0,2,1,2.0,Urban,Furnished,Apartment,2,0,3.7,338768.0
6422,HP-2020-16421,1625.0,5,3,9.0,Downtown,Unfurnished,Independent House,1,0,27.1,558562.0
6423,HP-2021-16422,3112.0,1,1,8.0,Suburban,Unfurnished,Apartment,2,0,0.8,492685.0
6424,HP-2022-16423,2296.0,2,1,3.0,Downtown,Furnished,Villa,1,0,5.9,526027.0
6425,HP-2023-16424,1815.0,4,3,,Rural,Semi-Furnished,Apartment,2,0,5.7,480270.0
6426,HP-2024-16425,2557.0,4,2,2.0,Rural,Unfurnished,Independent House,2,0,7.5,553430.0
6427,HP-2018-16426,1630.0,4,2,1.0,Suburban,#Semi-Furnished,Apartment,1,0,3.2,439214.0
6428,HP-2019-16427,,4,2,6.0,Urban,Furnished,Studio,0,1,20.8,673867.0
6429,HP-2020-16428,3147.0,2,1,6.0,Suburban,Semi-Furnished,Independent House,2,0,2.5,545053.0
6430,HP-2021-16429,1873.0,5,2,5.0,Downtown,Semi-Furnished,Villa,1,1,8.4,630381.0
6431,HP-2022-16430,1760.0,2,2,4.0,Downtown,Unfurnished,Studio,2,1,5.5,407666.0
6432,HP-2023-16431,500.0,3,2,5.0,Urban,Furnished,Apartment,2,1,2.5,310457.0
6433,HP-2024-16432,1163.0,4,3,2.0,Rural,Unfurnished,Studio,1,0,1.7,384412.0
6434,HP-2018-16433,1262.0,2,1,6.0,Urban,Semi-Furnished,Villa,1,1,25.1,366455.0
6435,HP-2019-16434,2295.0,6,3,28.0,Suburban,Unfurnished,Apartment,2,0,6.6,620905.0
6436,HP-2020-16435,1972.0,3,1,3.0,Suburban,Semi-Furnished,Apartment,2,1,7.4,434284.0
6437,HP-2021-16436,1258.0,2,2,14.0,Suburban,Semi-Furnished,Villa,2,0,12.2,319236.0
6438,HP-2022-16437,2003.0,5,4,2.0,Suburban,Furnished,Independent House,1,1,0.7,639565.0
6439,HP-2023-16438,7511.218003440539,4,2,5.0,Urban,Furnished,Independent House,3,1,10.0,1477599.3199571366
6440,HP-2024-16439,2569.0,4,2,5.0,Rural,Semi-Furnished,Studio,1,0,1.4,511861.0
6441,HP-2018-16440,870.0,3,3,33.0,Rural,Semi-Furnished,Studio,2,1,10.8,276043.0
6442,HP-2019-16441,2110.0,5,3,7.0,Suburban,Semi-Furnished,Apartment,1,0,1.2,619063.0
6443,HP-2020-16442,1232.0,1,1,14.0,Urban,Unfurnished,Apartment,0,0,14.3,176717.0
6444,HP-2021-16443,2831.0,3,3,11.0,Urban,Semi-Furnished,Studio,1,0,9.1,547927.0
6445,HP-2022-16444,2749.0,3,1,2.0,Urban,Semi-Furnished,Villa,1,0,3.9,605438.0
6446,HP-2023-16445,1571.0,2,2,34.0,Suburban,Unfurnished,Villa,3,0,3.6,375229.0
6447,HP-2024-16446,1664.0,4,3,5.0,Suburban,Unfurnished,Apartment,0,0,1.3,486310.0
6448,HP-2018-16447,1877.0,3,2,1.0,Suburban,Semi-Furnished,Independent House,0,0,18.8,452448.0
6449,HP-2019-16448,623.0,3,1,4.0,Suburban,Furnished,Independent House,0,1,1.0,307606.0
6450,HP-2020-16449,2435.0,1,1,5.0,Rural,Furnished,Apartment,1,0,17.89530093217944,385226.0
6451,HP-2021-16450,2009.0,4,3,1.0,Urban,Furnished,Villa,1,0,2.2,630175.0
6452,HP-2022-16451,2879.0,5,2,12.0,Suburban,Unfurnished,Apartment,1,0,44.9,620583.0
6453,HP-2023-16452,1431.0,3,2,5.0,Downtown,Semi-Furnished,Independent House,1,0,7.1,422173.0
6454,HP-2024-16453,1767.0,3,2,12.0,Rural,Unfurnished,Apartment,0,1,1.3,412509.0
6455,HP-2018-16454,1145.0,2,2,0.0,Downtown,Unfurnished,Apartment,1,0,8.8,353501.0
6456,HP-2019-16455,1497.0,4,2,48.0,Suburban,furnished,Independent House,1,0,38.2,345680.0
6457,HP-2020-16456,1373.0,1,1,2.0,Downtown,Semi-Furnished,Apartment,2,1,7.4,311965.0
6458,HP-2021-16457,2897.0,3,3,13.0,Rural,Unfurnished,Apartment,2,0,4.9,571039.0
6459,HP-2022-16458,1711.0,4,3,15.0,Rural,Furnished,Apartment,2,0,2.8,447080.0
6460,HP-2023-16459,2287.0,5,2,2.0,Urban,Furnished,Independent House,3,1,0.8,636142.0
6461,HP-2024-16460,1933.0,3,2,58.19258392959561,Suburban,Semi-Furnished,Apartment,2,0,2.1,452537.5047484159
6462,HP-2018-16461,1311.0,4,2,2.0,Downtown,Semi-Furnished,Apartment,1,1,6.5,480422.0
6463,HP-2019-16462,2082.0,4,3,3.0,Downtown,Furnished,Studio,1,0,11.2,552647.0
6464,HP-2020-16463,2619.0,5,3,2.0,Suburban,#Semi-Furnished,Apartment,3,0,16.8,633336.0
6465,HP-2021-16464,1355.0,3,2,13.0,Urban,Furnished,Apartment,2,0,12.6,382234.0
6466,HP-2022-16465,2766.0,3,2,7.0,Suburban,Furnished,Apartment,1,0,1.1,545435.0
6467,HP-2023-16466,1605.0,5,3,9.0,Suburban,Furnished,Studio,1,1,11.9,495921.0
6468,HP-2024-16467,1862.0,1,1,1.0,Suburban,furnished,Independent House,3,0,7.0,410421.0
6469,HP-2018-16468,2571.0,2,1,24.0,Downtown,Furnished,Apartment,2,1,5.1,512603.0
6470,HP-2019-16469,1736.0,2,1,2.0,Urban,Semi-Furnished,Villa,1,0,6.8,382389.0
6471,HP-2020-16470,2226.0,5,4,5.0,Suburban,Unfurnished,Villa,3,0,0.5,716506.0
6472,HP-2021-16471,1980.0,1,1,1.0,Rural,Unfurnished,Studio,3,1,0.6,341040.0
6473,HP-2022-16472,2291.0,5,3,2.0,Suburban,Unfurnished,Villa,1,0,6.0,677223.0
6474,HP-2023-16473,533.0,3,3,13.0,Suburban,Unfurnished,Apartment,2,0,1.5,280499.0
6475,HP-2024-16474,919.0,1,1,14.0,Urban,Unfurnished,Independent House,2,0,6.3,233652.0
6476,HP-2018-16475,2631.0,3,2,14.0,Downtown,unfurnished,Apartment,0,0,3.5,528990.0
6477,HP-2019-16476,2926.0,2,1,10.0,Rural,Unfurnished,Villa,2,0,19.0,545955.0
6478,HP-2020-16477,1563.0,4,2,37.0,Downtown,Unfurnished,Independent House,1,1,23.9,463205.0
6479,HP-2021-16478,2029.0,4,2,8.0,Suburban,semi-furnished,Villa,2,1,31.2,581828.0
6480,HP-2022-16479,2406.0,3,1,7.0,Suburban,Furnished,Apartment,3,1,18.3,474783.0
6481,HP-2023-16480,2685.0,1,1,3.0,Urban,Furnished,Apartment,1,1,34.1,439814.0
6482,HP-2024-16481,781.0,4,3,1.0,Downtown,Unfurnished,Apartment,1,1,9.8,459692.0
6483,HP-2018-16482,1580.0,5,3,10.0,Urban,Furnished,Studio,3,0,25.9,486934.0
6484,HP-2019-16483,1967.0,4,2,5.0,Rural,Unfurnished,Apartment,3,0,8.2,467161.0
6485,HP-2020-16484,2692.0,5,3,9.0,Suburban,Semi-Furnished,Villa,0,1,13.3,716195.0
6486,HP-2021-16485,3949.0,2,2,3.0,Suburban,Furnished ,Apartment,3,0,1.1,707952.0
6487,HP-2022-16486,2040.0,5,2,22.0,Urban,Semi-Furnished,Apartment,0,0,9.2,504312.0
6488,HP-2023-16487,1215.0,3,2,60.0,Suburban,Unfurnished,Apartment,1,0,,271481.0
6489,HP-2024-16488,2482.0,1,1,5.0,Downtown,,Villa,2,1,6.2,501596.0
6490,HP-2018-16489,3125.0,5,3,22.0,Urban,Furnished,Independent House,2,1,1.7,768967.0
6491,HP-2019-16490,2276.0,5,2,25.0,Downtown,Unfurnished,Independent House,2,1,6.0,613300.0
6492,HP-2020-16491,,4,2,60.0,Suburban,Unfurnished,Villa,0,0,9.8,378243.0
6493,HP-2021-16492,2871.0,2,1,5.0,Suburban,semi-furnished,Apartment,0,0,,492417.0
6494,HP-2022-16493,2664.0,3,2,17.0,Urban,Semi-Furnished,Independent House,3,0,5.9,575644.0
6495,HP-2023-16494,1482.0,3,2,3.0,Rural,Unfurnished,Independent House,0,1,2.0,383116.0
6496,HP-2024-16495,2467.0,5,3,12.0,Urban,Unfurnished,Independent House,0,1,20.9,641924.0
6497,HP-2018-16496,,2,3,15.0,Downtown,Furnished,Independent House,2,1,11.9,638020.0
6498,HP-2019-16497,3027.0,5,5,16.0,Suburban, Furnished,Apartment,2,0,2.5,763615.0
6499,HP-2020-16498,2153.0,3,1,3.0,Downtown,Unfurnished,Studio,1,0,13.4,466490.0
6500,HP-2021-16499,1949.0,4,1,23.0,Suburban,Unfurnished,Studio,1,0,3.4,394062.0
6501,HP-2022-16500,3059.0,5,3,7.0,Urban,SEMI-FURNISHED,Independent House,2,0,3.0,740291.0
6502,HP-2023-16501,1353.0,3,2,3.0,Rural,Semi-Furnished,Apartment,3,0,15.9,345442.0
6503,HP-2024-16502,2507.0,3,2,9.0,Urban,Furnished,Independent House,0,0,16.5,526354.0
6504,HP-2018-16503,1241.0,4,3,24.0,Urban,Semi-Furnished,Apartment,1,1,4.1,425597.0
6505,HP-2019-16504,2946.0,3,2,41.0,Suburban,Furnished,Apartment,1,1,0.5,508418.0
6506,HP-2020-16505,2019.0,4,3,17.0,Rural,Furnished,Studio,2,1,1.7,514517.0
6507,HP-2021-16506,8516.903877493629,4,3,0.0,Urban,Semi-Furnished,Independent House,1,0,19.2,1632405.7245688397
6508,HP-2022-16507,2544.0,2,1,2.0,Suburban,Semi-Furnished,Independent House,2,0,18.3,465087.0
6509,HP-2023-16508,1344.0,5,3,1.0,Suburban,Semi-Furnished,Studio,1,0,4.8,467025.0
6510,HP-2024-16509,3197.0,2,1,1.0,Urban,Semi-Furnished,Studio,1,0,2.9,524239.0
6511,HP-2018-16510,3286.0,5,3,6.0,Downtown,Unfurnished,Independent House,2,1,2.9,823082.0
6512,HP-2019-16511,2818.0,3,2,5.0,Suburban,Unfurnished,Apartment,1,0,,531933.0
6513,HP-2020-16512,1667.0,4,3,1.0,Suburban,unfurnished,Apartment,2,0,3.1,538682.0
6514,HP-2021-16513,1986.0,3,2,26.0,Urban,Semi_Furnished,Studio,1,0,5.7,380616.0
6515,HP-2022-16514,2302.0,3,3,11.0,Rural,Unfurnished,Studio,1,1,10.5,462158.0
6516,HP-2023-16515,1707.0,3,2,19.0,Urban,Unfurnished,Independent House,1,1,1.9,449720.0
6517,HP-2024-16516,3385.0,4,2,6.0,Downtown,Unfurnished,Apartment,1,1,2.3,728867.0
6518,HP-2018-16517,2301.0,3,2,6.0,Rural,Semi-Furnished,Independent House,1,0,3.5,504982.0
6519,HP-2019-16518,500.0,5,3,5.0,Urban,SEMI-FURNISHED,Apartment,2,0,8.5,411870.0
6520,HP-2020-16519,2438.0,3,2,7.0,Urban,Unfurnished,Apartment,1,1,13.6,538065.0
6521,HP-2021-16520,1956.0,4,3,11.0,Urban,Furnished,Studio,2,0,6.3,497219.0
6522,HP-2022-16521,2148.0,4,4,8.0,Downtown,Unfurnished,Apartment,1,0,1.1,631968.0
6523,HP-2023-16522,1942.0,2,1,22.0,Downtown,Unfurnished,Villa,1,0,4.7,448939.0
6524,HP-2024-16523,2765.0,3,2,28.0,Downtown,Unfurnished,Apartment,0,0,1.1,568023.0
6525,HP-2018-16524,2984.0,3,3,8.0,Suburban,Semi-Furnished,Villa,2,0,0.7,679815.0
6526,HP-2019-16525,,3,1,3.0,Rural,Furnished,Villa,0,1,7.1,542572.0
6527,HP-2020-16526,1962.0,3,2,35.0,Suburban,Furnished,Apartment,0,0,25.0,318552.0
6528,HP-2021-16527,2171.0,4,2,16.0,Downtown,Semi-Furnished,Apartment,0,1,14.5,523638.0
6529,HP-2022-16528,2214.0,2,1,12.0,Suburban,Unfurnished,Apartment,1,1,11.9,386083.0
6530,HP-2023-16529,,4,2,16.0,Urban,Furnished,Villa,1,0,10.4,512414.0
6531,HP-2024-16530,2605.0,5,4,1.0,Urban,,Independent House,0,0,18.2,700158.0
6532,HP-2018-16531,2522.0,3,2,1.0,Urban,Semi-Furnished,Apartment,1,0,11.2,556541.0
6533,HP-2019-16532,3278.0,4,2,2.0,Urban,Semi-Furnished,Apartment,1,1,7.9,709603.0
6534,HP-2020-16533,3079.0,2,2,,Suburban,Semi-Furnished,Apartment,2,0,3.6,554497.0
6535,HP-2021-16534,1720.0,5,3,7.0,Urban,,Apartment,2,1,0.9,576488.0
6536,HP-2022-16535,2774.0,3,2,2.0,Suburban,Furnished,Villa,2,1,4.9,637750.0
6537,HP-2023-16536,1534.0,4,2,23.0,Urban, Unfurnished,Independent House,1,1,20.7,451484.0
6538,HP-2024-16537,2687.0,6,4,10.0,Suburban,Furnished,Apartment,1,1,7.0,749504.0
6539,HP-2018-16538,1838.0,4,3,,Rural,Furnished,Villa,2,0,1.6,550833.0
6540,HP-2019-16539,1484.0,4,2,1.0,Suburban,Furnished,Independent House,1,0,8.4,431750.0
6541,HP-2020-16540,2396.0,3,1,11.0,Urban,Unfurnished,Villa,1,0,5.0,548901.0
6542,HP-2021-16541,500.0,2,1,1.0,Urban,Semi-Furnished,Villa,3,0,21.4,288244.0
6543,HP-2022-16542,974.0,4,3,16.0,Downtown,Semi-Furnished,Villa,3,1,1.4,473965.0
6544,HP-2023-16543,2076.0,1,1,19.0,Urban,Furnished,Villa,2,1,10.0,416022.0
6545,HP-2024-16544,2258.0,4,2,9.0,Suburban,Semi-Furnished,Independent House,3,1,9.2,561289.0
6546,HP-2018-16545,,1,1,2.0,Downtown,Semi-Furnished,Villa,2,0,32.9,434405.0
6547,HP-2019-16546,1094.0,5,3,,Urban,Furnished,Villa,2,0,6.7,530274.0
6548,HP-2020-16547,1627.0,2,1,4.0,Suburban,Unfurnished,Apartment,1,0,16.4,306976.0
6549,HP-2021-16548,2474.0,3,2,3.0,Urban,Unfurnished,Apartment,3,0,0.5,531089.0
6550,HP-2022-16549,2607.0,4,2,8.0,Urban,Unfurnished,Apartment,2,0,1.0,601015.0
6551,HP-2023-16550,2189.0,3,1,31.0,Urban,Semi Furnished,Apartment,1,1,3.4,411745.0
6552,HP-2024-16551,3010.0,3,2,4.0,Suburban,Semi-Furnished,Villa,1,1,7.7,673610.0
6553,HP-2018-16552,2478.0,3,2,28.0,Downtown,Semi-Furnished,Studio,0,1,4.8,495059.0
6554,HP-2019-16553,1677.0,3,2,1.0,Suburban,Furnished,Independent House,3,0,1.8,495489.0
6555,HP-2020-16554,2004.0,3,1,1.0,Suburban,Furnished,Studio,1,0,7.1,436029.0
6556,HP-2021-16555,1218.0,3,1,14.0,Urban,Semi-Furnished,Apartment,1,1,6.7,361047.0
6557,HP-2022-16556,2124.0,3,1,3.0,Urban,Semi-Furnished,Villa,1,0,5.9,523663.0
6558,HP-2023-16557,2978.0,2,1,5.0,Suburban,#Furnished,Apartment,3,1,0.8,523396.0
6559,HP-2024-16558,2680.0,6,4,2.0,Rural,Semi-Furnished,Studio,2,0,20.9,665294.0
6560,HP-2018-16559,3181.0,3,1,5.0,Urban,,Villa,1,1,7.2,674753.0
6561,HP-2019-16560,1988.0,2,2,4.0,Suburban, Unfurnished,Studio,1,1,2.5,420039.0
6562,HP-2020-16561,3142.0,3,2,16.0,Rural,Unfurnished,Villa,0,0,9.3,616006.0
6563,HP-2021-16562,2065.0,5,4,15.0,Suburban,Furnished,Apartment,0,1,3.1,575740.0
6564,HP-2022-16563,3230.0,1,1,37.0,Downtown,Unfurnished,Apartment,1,0,5.6,460902.0
6565,HP-2023-16564,2185.0,4,3,15.0,Suburban,#Unfurnished,Studio,1,0,3.3,515580.0
6566,HP-2024-16565,2695.0,3,2,14.0,Urban,Unfurnished,Independent House,1,1,17.0,566814.0
6567,HP-2018-16566,3233.0,2,2,14.0,Urban,Unfurnished,Studio,1,1,40.9,520314.0
6568,HP-2019-16567,2065.0,4,2,26.0,Urban,Furnished ,Apartment,0,1,1.4,474992.0
6569,HP-2020-16568,2353.0,3,2,4.0,Urban,Unfurnished,Apartment,3,0,0.5,534804.0
6570,HP-2021-16569,3102.0,3,2,4.0,Downtown,#Furnished,Apartment,1,0,2.0,633526.0
6571,HP-2022-16570,2107.0,5,3,16.0,Suburban,Unfurnished,Independent House,0,1,7.1,582840.0
6572,HP-2023-16571,1275.0,4,3,3.0,Downtown,Semi-Furnished,Apartment,1,0,1.5,476185.0
6573,HP-2024-16572,3700.0,5,2,29.0,Urban,Semi-Furnished,Villa,0,1,13.3,795320.0
6574,HP-2018-16573,,4,3,9.0,Downtown,Furnished,Apartment,1,0,4.2,546603.0
6575,HP-2019-16574,2311.0,4,4,4.0,Urban,Semi-Furnished,Independent House,1,1,7.5,643246.0
6576,HP-2020-16575,3009.0,5,2,18.0,Urban,#Unfurnished,Villa,2,1,4.9,738832.0
6577,HP-2021-16576,1774.0,2,1,4.0,Suburban,Unfurnished,Apartment,1,1,18.7,353879.0
6578,HP-2022-16577,1494.0,4,3,40.0,Rural,Semi-Furnished,Apartment,1,1,0.5,401023.0
6579,HP-2023-16578,2378.0,4,2,49.0,Suburban,Semi-Furnished,Villa,3,0,10.5,511460.0
6580,HP-2024-16579,945.0,2,1,13.0,Suburban, Unfurnished,Studio,1,0,8.4,197748.0
6581,HP-2018-16580,1998.0,3,2,1.0,Suburban,Furnished,Apartment,2,0,8.4,475049.0
6582,HP-2019-16581,2372.0,2,1,4.0,Suburban,Unfurnished,Independent House,1,0,4.3,448600.0
6583,HP-2020-16582,2011.0,4,2,9.0,Urban, Furnished,Studio,1,0,0.5,496182.0
6584,HP-2021-16583,1120.0,3,2,23.0,Suburban,Unfurnished,Independent House,1,1,9.3,347093.0
6585,HP-2022-16584,3316.0,6,3,2.0,Suburban,,Studio,1,0,14.2,750422.0
6586,HP-2023-16585,2272.0,2,1,1.0,Downtown,Furnished,Studio,3,1,0.7,495641.0
6587,HP-2024-16586,3202.0,4,3,1.0,Urban,Unfurnished,Studio,0,1,4.7,688782.0
6588,HP-2018-16587,2018.0,2,1,8.0,Suburban,Semi-Furnished,Villa,1,0,1.4,434893.0
6589,HP-2019-16588,1584.0,4,2,26.0,Downtown,,Independent House,2,0,7.6,466554.0
6590,HP-2020-16589,2388.0,4,2,1.0,Suburban,Furnished,Apartment,0,0,12.3,564219.0
6591,HP-2021-16590,2049.0,4,2,3.0,Suburban,Unfurnished,Apartment,2,1,8.8,549083.0
6592,HP-2022-16591,1376.0,4,2,14.0,Downtown,Semi-Furnished,Apartment,1,0,3.1,456532.0
6593,HP-2023-16592,3229.0,5,3,21.0,Suburban,SEMI-FURNISHED,Apartment,2,1,1.2,741541.0
6594,HP-2024-16593,1764.0,2,1,20.0,Urban,Semi-Furnished,Apartment,2,0,12.6,323064.0
6595,HP-2018-16594,912.0,3,1,18.0,Downtown,Unfurnished,Apartment,1,0,3.1,286274.0
6596,HP-2019-16595,,4,2,,Rural,Furnished,Apartment,1,0,0.5,618978.0
6597,HP-2020-16596,1847.0,3,1,6.0,Urban,,Apartment,1,0,6.8,432736.0
6598,HP-2021-16597,1775.0,2,1,50.0,Rural,SEMI-FURNISHED,Apartment,1,1,2.3,309721.0
6599,HP-2022-16598,964.0,3,2,54.0,Suburban,Unfurnished,Apartment,0,1,14.7,240117.0
6600,HP-2023-16599,3419.0,3,1,11.0,Suburban,Furnished,Villa,3,1,1.2,718758.0
6601,HP-2024-16600,1297.0,3,1,15.0,Rural,Unfurnished,Villa,1,0,4.6,361703.0
6602,HP-2018-16601,2241.0,4,1,36.0,Rural,Unfurnished,Studio,0,1,2.3,415162.0
6603,HP-2019-16602,2839.0,3,2,7.0,Urban,Furnished,Villa,0,0,9.4,612568.0
6604,HP-2020-16603,2495.0,1,1,2.0,Suburban,Unfurnished,Apartment,1,0,6.4,416024.0
6605,HP-2021-16604,6116.181146906408,2,1,13.0,Rural,Semi-Furnished,Villa,0,0,12.5,933824.8066247981
6606,HP-2022-16605,1009.0,5,4,39.0,Suburban,Semi-Furnished,Villa,1,0,4.9,489527.0
6607,HP-2023-16606,1633.0,6,4,14.0,Urban,Furnished,Independent House,0,0,0.5,623502.0
6608,HP-2024-16607,2331.0,4,2,20.0,Rural,Furnished,Villa,0,0,1.9,550882.0
6609,HP-2018-16608,1649.0,3,1,7.0,Urban,Unfurnished,Apartment,2,1,45.0,374172.0
6610,HP-2019-16609,2342.0,5,5,1.0,Suburban,Semi-Furnished,Independent House,3,1,,735717.0
6611,HP-2020-16610,2677.0,4,3,2.0,Suburban,Furnished,Independent House,1,0,7.7,663342.0
6612,HP-2021-16611,2874.0,5,3,49.0,Suburban,Semi-Furnished,Villa,2,1,18.8,639385.0
6613,HP-2022-16612,1342.0,4,2,8.0,Urban,Unfurnished,Apartment,0,1,0.5,401507.0
6614,HP-2023-16613,3738.0,3,2,0.0,Urban,Semi-Furnished,Apartment,2,1,8.6,714355.0
6615,HP-2024-16614,2737.0,3,1,37.0,Urban,Furnished,Independent House,0,1,2.7,491855.0
6616,HP-2018-16615,2199.0,2,1,8.0,Downtown,Semi-Furnished,Studio,2,0,2.6,445678.0
6617,HP-2019-16616,2963.0,3,2,22.0,Downtown,Unfurnished,Apartment,2,0,2.0,586821.0
6618,HP-2020-16617,3856.0,4,2,10.0,Downtown,Unfurnished,Villa,2,0,13.8,839647.0
6619,HP-2021-16618,1193.0,5,3,1.0,Downtown,Semi-Furnished,Apartment,2,1,3.7,555446.0
6620,HP-2022-16619,2042.0,4,3,11.0,Urban,Furnished,Apartment,1,1,0.6,558225.0
6621,HP-2023-16620,535.0,3,2,60.0,Rural,Unfurnished,Apartment,1,0,0.8,154717.0
6622,HP-2024-16621,2335.0,2,2,0.0,Urban,Unfurnished,Independent House,2,1,1.3,558461.0
6623,HP-2018-16622,2456.0,2,1,,Suburban,Unfurnished,Villa,1,0,18.3,473196.0
6624,HP-2019-16623,2173.0,3,1,3.0,Downtown,Semi-Furnished,Independent House,0,1,4.5,483763.0
6625,HP-2020-16624,1742.0,3,1,6.0,Urban,Semi-Furnished,Independent House,1,0,19.8,411420.0
6626,HP-2021-16625,765.0,4,2,6.0,Urban,Furnished,Apartment,2,1,13.6,373637.0
6627,HP-2022-16626,2461.0,1,1,27.0,Rural,Unfurnished,Apartment,0,0,14.6,326072.0
6628,HP-2023-16627,3219.0,6,4,8.0,Urban,Unfurnished,Villa,2,0,2.7,864774.0
6629,HP-2024-16628,1786.0,3,2,7.0,Downtown,Furnished,Apartment,2,1,2.5,452594.0
6630,HP-2018-16629,2508.0,5,3,20.0,Rural,Furnished,Apartment,1,0,6.6,599102.0
6631,HP-2019-16630,1102.0,3,1,1.0,Rural,Unfurnished,Villa,1,1,,353409.0
6632,HP-2020-16631,2520.0,2,2,1.0,Urban,furnished,Studio,3,0,5.7,495252.0
6633,HP-2021-16632,1925.0,4,2,0.0,Urban,Semi-Furnished,Apartment,2,1,0.5,540405.0
6634,HP-2022-16633,1666.0,4,2,14.0,Downtown,Semi-Furnished,Independent House,1,1,28.5,492800.0
6635,HP-2023-16634,1668.0,3,2,9.0,Urban,Unfurnished,Apartment,1,0,0.5,406418.0
6636,HP-2024-16635,1924.0,3,2,25.0,Suburban,Furnished,Apartment,0,1,1.6,415191.0
6637,HP-2018-16636,2468.0,2,1,8.0,Suburban,Semi-Furnished,Villa,0,0,9.1,472450.0
6638,HP-2019-16637,1281.0,4,2,3.0,Suburban,SEMI-FURNISHED,Independent House,1,1,1.4,482674.0
6639,HP-2020-16638,1922.0,5,2,20.0,Suburban,Unfurnished,Apartment,3,0,0.9,522891.0
6640,HP-2021-16639,2171.0,2,2,4.0,Rural,Semi-Furnished,Studio,3,0,1.3,462056.0
6641,HP-2022-16640,1431.0,3,1,33.0,Urban,Unfurnished,Independent House,2,1,0.5,346449.0
6642,HP-2023-16641,3458.0,5,3,3.0,Suburban,Semi-Furnished,Villa,1,0,2.3,818654.0
6643,HP-2024-16642,1603.0,3,2,2.0,Urban,Unfurnished,Apartment,0,0,2.5,412062.0
6644,HP-2018-16643,1731.0,4,3,8.0,Urban,#Semi-Furnished,Apartment,1,0,5.5,488697.0
6645,HP-2019-16644,1515.0,3,3,1.0,Urban,Unfurnished,Independent House,2,1,4.6,492688.0
6646,HP-2020-16645,3459.0,4,3,0.0,Suburban,Furnished,Apartment,1,0,5.1,716441.0
6647,HP-2021-16646,2587.0,3,2,8.0,Rural,Semi-Furnished,Apartment,2,0,7.7,493363.0
6648,HP-2022-16647,1544.0,3,1,3.0,Downtown,Furnished,Independent House,2,0,2.1,474733.0
6649,HP-2023-16648,2974.0,1,1,0.0,Urban,Furnished,Apartment,2,0,1.2,499038.0
6650,HP-2024-16649,2340.0,4,3,4.0,Downtown,,Apartment,1,1,16.9,630476.0
6651,HP-2018-16650,2380.0,4,2,8.0,Urban,Semi-Furnished,Independent House,2,1,8.0,623624.0
6652,HP-2019-16651,1959.0,4,3,6.0,Downtown,SEMI-FURNISHED,Villa,0,1,0.5,653126.0
6653,HP-2020-16652,1675.0,4,2,2.0,Rural,Semi-Furnished,Independent House,2,0,26.0,441068.0
6654,HP-2021-16653,2436.0,2,2,10.0,Urban,Furnished,Studio,1,0,9.4,474015.0
6655,HP-2022-16654,1818.0,1,1,15.0,Urban,Semi-Furnished,Studio,1,1,1.3,308837.0
6656,HP-2023-16655,3472.0,4,4,14.0,Urban,Unfurnished,Studio,0,1,27.8,753782.0
6657,HP-2024-16656,1311.0,3,2,6.0,Urban,Unfurnished,Villa,1,1,3.6,463837.0
6658,HP-2018-16657,3275.0,3,3,2.0,Suburban,Semi-Furnished,Independent House,3,0,33.3,655430.0
6659,HP-2019-16658,2122.0,2,1,8.0,Urban,Unfurnished,Apartment,1,1,0.9,447291.0
6660,HP-2020-16659,2409.0,2,1,27.0,Urban,unfurnished,Independent House,3,0,1.4,479177.0
6661,HP-2021-16660,2783.0,3,1,8.0,Suburban,Furnished,Independent House,1,1,8.6,535398.0
6662,HP-2022-16661,1759.0,4,3,3.0,Rural,Semi-Furnished,Apartment,1,1,0.5,513228.0
6663,HP-2023-16662,2805.0,5,4,1.0,Suburban,Unfurnished,Apartment,1,1,0.5,760263.0
6664,HP-2024-16663,500.0,5,4,35.0,Suburban,Semi-Furnished,Independent House,1,0,12.6,383280.0
6665,HP-2018-16664,1696.0,5,3,16.0,Urban,Semi-Furnished,Studio,2,0,1.5,499802.0
6666,HP-2019-16665,1553.0,5,3,5.0,Suburban,Semi-Furnished,Apartment,1,0,20.1,514985.0
6667,HP-2020-16666,1323.0,3,2,4.0,Urban,#Semi-Furnished,Apartment,2,0,4.4,403809.0
6668,HP-2021-16667,2050.0,2,2,,Rural,Unfurnished,Independent House,1,0,16.5,374897.0
6669,HP-2022-16668,2470.0,4,2,2.0,Urban,Semi-Furnished,Apartment,1,1,4.3,585346.0
6670,HP-2023-16669,2692.0,2,1,9.0,Urban,Furnished,Villa,1,0,6.0,549255.0
6671,HP-2024-16670,2369.0,3,2,15.0,Urban,Semi-Furnished,Independent House,2,0,3.0,522877.0
6672,HP-2018-16671,1734.0,2,1,6.0,Rural,Semi-Furnished,Apartment,2,0,8.6,332513.0
6673,HP-2019-16672,2458.0,3,2,0.0,Suburban,Semi-Furnished,Villa,1,1,3.1,619326.0
6674,HP-2020-16673,2287.0,3,2,3.0,Downtown,Furnished,Apartment,1,1,2.0,575467.0
6675,HP-2021-16674,2855.0,2,1,28.0,Downtown,Furnished,Villa,2,1,0.7,562664.0
6676,HP-2022-16675,2744.0,3,2,9.0,Rural,Furnished,Apartment,3,0,0.5,515509.0
6677,HP-2023-16676,2221.0,5,3,20.0,Urban,Furnished,Apartment,0,1,2.9,583390.0
6678,HP-2024-16677,1572.0,4,3,10.0,Urban,Semi-Furnished,Apartment,2,0,10.7,496425.0
6679,HP-2018-16678,1743.0,5,2,35.0,Downtown,Semi-Furnished,Villa,1,1,1.8,550636.0
6680,HP-2019-16679,1815.0,2,1,29.0,Suburban,Unfurnished,Villa,1,1,2.8,407719.0
6681,HP-2020-16680,1979.0,2,2,8.0,Downtown,Unfurnished,Villa,3,1,18.8,504577.0
6682,HP-2021-16681,2388.0,4,2,5.0,Suburban,#Unfurnished,Independent House,2,0,8.2,570028.0
6683,HP-2022-16682,2701.0,3,3,11.0,Suburban,Unfurnished,Villa,2,0,20.2,616038.0
6684,HP-2023-16683,2164.0,4,1,13.0,Rural,Semi-Furnished,Apartment,1,1,19.4,470462.0
6685,HP-2024-16684,2211.0,4,3,,Rural,Furnished,Independent House,1,1,0.5,551075.0
6686,HP-2018-16685,2300.0,4,3,21.0,Urban,Semi-Furnished,Apartment,2,0,24.8,548920.0
6687,HP-2019-16686,,5,3,2.0,Suburban,#Furnished,Studio,3,0,0.5,557737.0
6688,HP-2020-16687,,3,2,5.0,Suburban,Semi-Furnished,Independent House,2,0,20.8,400194.0
6689,HP-2021-16688,971.0,2,2,14.0,Suburban,Furnished,Studio,1,0,6.3,245769.0
6690,HP-2022-16689,1713.0,3,2,3.0,Urban,Furnished,Villa,1,1,6.1,506561.0
6691,HP-2023-16690,,2,1,7.0,Suburban,Unfurnished,Apartment,1,1,10.0,434068.0
6692,HP-2024-16691,1708.0,3,2,40.0,Rural,Furnished,Apartment,1,0,16.9,321499.0
6693,HP-2018-16692,2034.0,2,1,,Urban,Semi-Furnished,Villa,1,1,7.7,441129.0
6694,HP-2019-16693,2527.0,3,1,36.0,Downtown,Unfurnished,Apartment,1,0,4.4,459221.0
6695,HP-2020-16694,2564.0,2,2,15.0,Urban,Furnished,Apartment,2,0,0.9,510349.0
6696,HP-2021-16695,1444.0,1,1,15.0,Suburban,Furnished,Apartment,2,0,12.5,241853.0
6697,HP-2022-16696,2898.0,4,2,11.0,Suburban,Furnished,Apartment,2,0,1.1,627420.0
6698,HP-2023-16697,2989.0,4,2,2.0,Urban,Semi-Furnished,Apartment,3,1,10.4,668785.0
6699,HP-2024-16698,1409.0,4,2,9.0,Rural,Furnished,Villa,1,0,6.0,434243.0
6700,HP-2018-16699,1623.0,4,3,3.0,Rural,Unfurnished,Independent House,2,0,3.9,510718.0
6701,HP-2019-16700,3034.0,2,1,60.0,Suburban,Semi-Furnished,Apartment,2,0,7.6,429663.0
6702,HP-2020-16701,2097.0,3,3,4.0,Suburban,Furnished,Independent House,3,1,11.8,531642.0
6703,HP-2021-16702,646.0,2,1,3.0,Suburban,furnished,Apartment,1,1,22.7,225593.0
6704,HP-2022-16703,1220.0,5,4,12.0,Urban,Semi-Furnished,Villa,1,1,2.5,608125.0
6705,HP-2023-16704,2025.0,4,4,9.0,Urban,Unfurnished,Independent House,2,0,23.5,604180.0
6706,HP-2024-16705,1386.0,2,1,0.0,Downtown,Semi-Furnished,Apartment,3,0,25.9,343263.0
6707,HP-2018-16706,1911.0,3,2,2.0,Suburban, Furnished,Apartment,2,0,,482981.0
6708,HP-2019-16707,2223.0,6,4,20.0,Urban,Semi-Furnished,Villa,2,0,17.1,728303.0
6709,HP-2020-16708,3224.0,4,2,8.0,Rural,Unfurnished,Apartment,1,0,9.4,629810.0
6710,HP-2021-16709,1997.0,4,3,2.0,Urban,Semi-Furnished,Studio,2,0,0.5,571158.0
6711,HP-2022-16710,2951.0,3,2,8.0,Urban,Semi-Furnished,Studio,2,0,6.8,602958.0
6712,HP-2023-16711,3200.0,2,1,4.0,Rural,Semi-Furnished,Villa,2,1,11.0,569995.0
6713,HP-2024-16712,3204.0,4,2,3.0,Suburban,semi-furnished,Apartment,2,1,22.7,652615.0
6714,HP-2018-16713,2399.0,4,3,38.0,Suburban,#Unfurnished,Apartment,0,1,6.8,534892.0
6715,HP-2019-16714,826.0,4,2,5.0,Urban,Semi-Furnished,Apartment,2,0,12.6,382132.0
6716,HP-2020-16715,2523.0,3,3,1.0,Rural,Unfurnished,Apartment,1,0,9.8,516391.0
6717,HP-2021-16716,2934.0,3,2,42.0,Urban,Semi-Furnished,Studio,3,0,2.6,538822.0
6718,HP-2022-16717,2143.0,4,2,19.0,Urban,Unfurnished,Apartment,2,1,1.3,523938.0
6719,HP-2023-16718,3421.0,3,1,4.0,Urban,Unfurnished,Apartment,2,0,11.1,639454.0
6720,HP-2024-16719,2802.0,3,2,6.0,Suburban,Semi-Furnished,Studio,3,0,2.1,543365.0
6721,HP-2018-16720,2598.0,5,4,24.0,Downtown,Unfurnished,Apartment,0,0,2.2,633568.0
6722,HP-2019-16721,2960.0,3,1,5.0,Urban,Furnished,Independent House,1,0,8.3,557449.0
6723,HP-2020-16722,2433.0,3,2,10.0,Urban,Furnished,Studio,2,0,12.4,477861.0
6724,HP-2021-16723,500.0,4,2,9.0,Suburban, Furnished,Apartment,1,1,7.0,294852.0
6725,HP-2022-16724,1851.0,6,4,6.0,Rural,furnished,Villa,1,0,17.3,652131.0
6726,HP-2023-16725,3038.0,3,1,12.0,Urban,Unfurnished,Apartment,2,0,1.9,561313.0
6727,HP-2024-16726,1635.0,3,1,8.0,Suburban,Furnished,Independent House,1,0,2.3,399227.0
6728,HP-2018-16727,2044.0,5,3,0.0,Downtown,Furnished,Apartment,0,0,8.1,600495.0
6729,HP-2019-16728,1469.0,4,2,20.0,Downtown,Semi-Furnished,Independent House,1,0,14.1,457196.0
6730,HP-2020-16729,3449.0,4,2,1.0,Downtown,Semi-Furnished,Apartment,0,0,6.2,734742.0
6731,HP-2021-16730,3377.0,3,1,7.0,Urban,Unfurnished,Apartment,1,1,0.5,631690.0
6732,HP-2022-16731,1581.0,3,3,10.0,Suburban,Semi_Furnished,Independent House,1,0,9.0,457165.0
6733,HP-2023-16732,,4,2,15.0,Urban,Unfurnished,Apartment,2,0,13.4,546189.0
6734,HP-2024-16733,1724.0,5,2,6.0,Suburban,Semi-Furnished,Villa,1,0,2.6,558139.0
6735,HP-2018-16734,2630.0,5,3,16.0,Urban, Unfurnished,Villa,0,1,0.5,686415.0
6736,HP-2019-16735,2557.0,2,1,2.0,Urban,Furnished,Independent House,1,1,5.8,522139.0
6737,HP-2020-16736,2768.0,3,1,13.0,Urban,Semi-Furnished,Apartment,2,1,0.5,537856.0
6738,HP-2021-16737,2432.0,3,3,21.0,Rural,UNFURNISHED,Studio,1,1,4.3,505013.0
6739,HP-2022-16738,4255.0,6,4,26.0,Downtown,Furnished,Independent House,1,0,,993482.0
6740,HP-2023-16739,1480.0,4,3,10.0,Urban,Unfurnished,Apartment,3,1,2.0,495964.0
6741,HP-2024-16740,1003.0,3,2,5.0,Urban,SEMI-FURNISHED,Villa,1,0,3.9,403831.0
6742,HP-2018-16741,1925.0,1,1,2.0,Urban,Furnished,Independent House,1,0,0.9,394862.0
6743,HP-2019-16742,1102.0,3,3,5.0,Urban,Semi-Furnished,Apartment,2,1,1.0,396728.0
6744,HP-2020-16743,1155.0,2,1,9.0,Downtown,Unfurnished,Apartment,1,1,14.0,305516.0
6745,HP-2021-16744,1499.0,5,3,3.0,Downtown,Furnished,Studio,0,0,0.5,492165.0
6746,HP-2022-16745,1554.0,4,2,37.0,Downtown,Semi-Furnished,Apartment,1,1,9.3,445848.0
6747,HP-2023-16746,1532.0,3,3,27.0,Rural,Unfurnished,Independent House,3,0,13.5,434760.0
6748,HP-2024-16747,2563.0,3,2,0.0,Suburban,Unfurnished,Apartment,3,0,1.1,555999.0
6749,HP-2018-16748,1846.0,5,4,10.0,Rural,Semi_Furnished,Independent House,1,0,1.7,572918.0
6750,HP-2019-16749,2074.0,3,2,19.0,Downtown,Semi-Furnished,Apartment,1,0,8.2,475747.0
6751,HP-2020-16750,2826.0,2,1,3.0,Suburban,Unfurnished,Apartment,0,1,3.0,475332.0
6752,HP-2021-16751,1664.0,5,3,9.0,Rural,Furnished,Villa,2,1,5.2,574593.0
6753,HP-2022-16752,2015.0,4,2,6.0,Rural,Unfurnished,Villa,1,0,14.5,520573.0
6754,HP-2023-16753,2456.0,5,4,3.0,Rural,Semi-Furnished,Villa,0,1,1.2,706409.0
6755,HP-2024-16754,841.0,2,2,11.0,Urban,Furnished,Apartment,2,1,7.7,290546.0
6756,HP-2018-16755,,2,2,60.0,Urban,,Apartment,1,1,22.8,144321.0
6757,HP-2019-16756,2442.0,1,1,5.0,Rural,Furnished,Apartment,0,0,0.5,372267.0
6758,HP-2020-16757,2544.0,2,1,10.0,Suburban,Unfurnished,Independent House,2,1,0.5,513486.0
6759,HP-2021-16758,3645.0,4,2,5.0,Downtown,Semi-Furnished,Villa,2,0,6.5,819026.0
6760,HP-2022-16759,2311.0,2,1,25.0,Downtown,FURNISHED,Independent House,2,1,,445317.0
6761,HP-2023-16760,2774.0,4,2,,Downtown,Unfurnished,Villa,3,1,2.0,689675.0
6762,HP-2024-16761,2063.0,3,1,2.0,Urban,Unfurnished,Apartment,1,0,3.2,451254.0
6763,HP-2018-16762,2408.0,3,2,28.0,Suburban,Furnished,Independent House,0,0,0.8,483022.0
6764,HP-2019-16763,3367.0,6,3,2.0,Rural,Semi-Furnished,Apartment,0,0,3.6,778044.0
6765,HP-2020-16764,713.0,2,2,1.0,Suburban, Furnished,Apartment,1,1,0.5,231074.0
6766,HP-2021-16765,2490.0,3,1,,Downtown,Semi-Furnished,Apartment,0,0,3.9,500368.0
6767,HP-2022-16766,3695.0,3,3,6.0,Downtown,Unfurnished,Independent House,1,1,6.5,789268.0
6768,HP-2023-16767,2397.0,2,2,9.0,Urban,,Apartment,0,1,29.5,467643.0
6769,HP-2024-16768,3355.0,3,2,13.0,Urban,Un-furnished,Apartment,1,0,13.6,643460.0
6770,HP-2018-16769,1760.0,3,2,1.0,Downtown,Unfurnished,Apartment,1,1,13.8,470048.0
6771,HP-2019-16770,2178.0,4,3,4.0,Urban,Semi-Furnished,Apartment,1,0,2.1,586022.0
6772,HP-2020-16771,2223.0,4,3,7.0,Urban,Semi-Furnished,Villa,2,0,0.7,651750.0
6773,HP-2021-16772,648.0,3,2,4.0,Rural,#Semi-Furnished,Independent House,1,0,7.4,293136.0
6774,HP-2022-16773,1382.0,1,1,1.0,Suburban,Furnished,Independent House,1,1,5.9,282505.0
6775,HP-2023-16774,1432.0,4,3,1.0,Rural,Unfurnished,Independent House,3,1,5.8,521769.0
6776,HP-2024-16775,2775.0,2,1,19.0,Urban,Unfurnished,Apartment,2,1,0.9,499474.0
6777,HP-2018-16776,2811.0,4,2,29.0,Suburban,Semi-Furnished,Villa,1,0,5.4,611833.0
6778,HP-2019-16777,2427.0,4,2,2.0,Urban,Furnished,Studio,1,0,1.3,534914.0
6779,HP-2020-16778,2777.0,2,1,3.0,Urban,Unfurnished,Apartment,2,1,4.4,479655.0
6780,HP-2021-16779,2085.0,4,2,13.0,Rural,Semi-Furnished,Apartment,0,0,0.5,503441.0
6781,HP-2022-16780,3041.0,5,3,37.0,Urban,Semi-Furnished,Apartment,0,1,15.6,666213.0
6782,HP-2023-16781,2206.0,4,2,4.0,Urban,Semi-Furnished,Independent House,2,0,0.5,562204.0
6783,HP-2024-16782,2241.0,3,1,23.0,Downtown,Unfurnished,Independent House,1,0,22.4,448078.0
6784,HP-2018-16783,2014.0,4,3,8.0,Downtown,Furnished,Studio,0,0,15.9,517094.0
6785,HP-2019-16784,2679.0,5,3,38.0,Rural,Furnished,Independent House,1,1,11.2,633335.0
6786,HP-2020-16785,1905.0,3,2,2.0,Urban,Unfurnished,Apartment,0,0,32.4,441251.0
6787,HP-2021-16786,2884.0,5,4,44.0,Urban,Furnished,Independent House,3,0,0.5,724545.0
6788,HP-2022-16787,1407.0,1,1,7.0,Suburban,Unfurnished,Studio,1,0,8.2,216957.0
6789,HP-2023-16788,1431.0,1,2,37.0,Suburban,Furnished,Villa,0,0,15.1,276621.0
6790,HP-2024-16789,2681.0,4,2,7.0,Urban,Unfurnished,Apartment,2,1,1.1,625228.0
6791,HP-2018-16790,2138.0,4,4,9.0,Urban,Unfurnished,Apartment,1,0,7.0,583419.0
6792,HP-2019-16791,1882.0,4,2,20.0,Downtown,Semi Furnished,Apartment,1,0,4.0,499885.0
6793,HP-2020-16792,2823.0,5,3,15.0,Downtown,Semi-Furnished,Studio,1,0,4.6,703177.0
6794,HP-2021-16793,1775.0,2,1,12.0,Urban,Furnished,Independent House,1,0,19.5,374387.0
6795,HP-2022-16794,2060.0,2,2,6.0,Rural,Furnished,Villa,2,0,6.2,454892.0
6796,HP-2023-16795,3179.0,5,3,62.68082802083794,Urban,Unfurnished,Apartment,1,0,0.8,662691.5188556617
6797,HP-2024-16796,3277.0,2,1,36.0,Rural,Unfurnished,Studio,1,1,22.1,453485.0
6798,HP-2018-16797,3301.0,4,2,,Rural,Furnished,Apartment,3,0,1.6,661816.0
6799,HP-2019-16798,2003.0,3,2,11.0,Suburban,,Apartment,1,1,17.9,453195.0
6800,HP-2020-16799,3061.0,2,1,24.0,Suburban,Semi-Furnished,Apartment,1,1,28.3,482824.0
6801,HP-2021-16800,1536.0,3,3,13.0,Urban,Semi-Furnished,Apartment,1,1,16.8,459303.0
6802,HP-2022-16801,1565.0,3,1,19.0,Downtown,Furnished,Studio,0,0,9.0,347999.0
6803,HP-2023-16802,555.0,5,2,27.0,Urban,Semi-Furnished,Apartment,1,1,10.9,343941.0
6804,HP-2024-16803,3371.0,4,3,17.0,Suburban,Semi-Furnished,Apartment,0,1,9.6,674195.0
6805,HP-2018-16804,1595.0,4,2,15.0,Suburban,Semi-Furnished,Studio,1,0,,378161.0
6806,HP-2019-16805,2111.0,3,2,,Urban,#Semi-Furnished,Villa,1,1,2.6,517430.0
6807,HP-2020-16806,1563.0,3,2,24.0,Rural,semi-furnished,Apartment,0,0,2.7,359277.0
6808,HP-2021-16807,2687.0,2,1,20.0,Downtown,Furnished,Apartment,2,0,10.5,474906.0
6809,HP-2022-16808,1937.0,3,2,1.0,Urban,Furnished,Villa,2,1,7.9,514089.0
6810,HP-2023-16809,1287.0,1,1,3.0,Suburban,Furnished,Independent House,1,1,7.0,315106.0
6811,HP-2024-16810,2509.0,2,2,10.0,Suburban,Unfurnished,Apartment,3,1,8.5,516908.0
6812,HP-2018-16811,1196.0,3,2,15.0,Rural,Unfurnished,Apartment,2,1,38.99451382208681,326668.0
6813,HP-2019-16812,1614.0,3,2,4.0,Urban,Unfurnished,Independent House,2,0,11.0,472959.0
6814,HP-2020-16813,725.0,1,1,1.0,Rural,Furnished,Independent House,1,0,0.9,192901.0
6815,HP-2021-16814,1203.0,4,2,4.0,Urban,Unfurnished,Villa,2,1,3.6,497857.0
6816,HP-2022-16815,2325.0,3,2,18.0,Urban,Furnished,Villa,3,0,2.5,537331.0
6817,HP-2023-16816,825.0,2,1,25.0,Downtown,Semi-Furnished,Villa,1,0,6.2,307667.0
6818,HP-2024-16817,1163.0,5,3,29.0,Urban,Unfurnished,Villa,2,0,0.5,473985.0
6819,HP-2018-16818,2198.0,2,1,6.0,Rural,Furnished,Villa,2,0,11.5,477576.0
6820,HP-2019-16819,1819.0,5,2,6.0,Urban,Semi-Furnished,Independent House,1,0,0.9,594672.0
6821,HP-2020-16820,3594.0,1,1,6.0,Rural,Furnished,Studio,1,0,2.5,460188.0
6822,HP-2021-16821,3484.0,5,3,6.0,Rural,Semi-Furnished,Independent House,0,0,12.2,785165.0
6823,HP-2022-16822,1592.0,1,1,13.0,Downtown,Semi-Furnished,Independent House,1,0,0.5,335812.0
6824,HP-2023-16823,2590.0,4,2,5.0,Suburban,Semi-Furnished,Villa,0,0,8.6,627560.0
6825,HP-2024-16824,2724.0,3,1,0.0,Suburban,Semi-Furnished,Apartment,1,0,,484101.0
6826,HP-2018-16825,1782.0,4,2,7.0,Suburban,#Semi-Furnished,Villa,2,1,7.7,537323.0
6827,HP-2019-16826,1153.0,3,2,3.0,Rural,Unfurnished,Studio,3,1,10.0,313230.0
6828,HP-2020-16827,2191.0,2,1,0.0,Urban,Unfurnished,Apartment,1,0,12.6,408283.0
6829,HP-2021-16828,2079.0,4,3,8.0,Suburban,Unfurnished,Independent House,1,1,2.0,601070.0
6830,HP-2022-16829,1895.0,2,1,3.0,Rural,Semi-Furnished,Apartment,0,0,7.0,358635.0
6831,HP-2023-16830,2510.0,5,3,7.0,Suburban,Unfurnished,Villa,2,0,3.0,715769.0
6832,HP-2024-16831,1674.0,2,1,4.0,Suburban,Semi-Furnished,Independent House,1,0,2.3,360646.0
6833,HP-2018-16832,1394.0,3,3,11.0,Suburban, Furnished,Independent House,2,1,1.7,438464.0
6834,HP-2019-16833,2276.0,4,3,56.0,Rural,Furnished,Apartment,0,0,7.0,413091.0
6835,HP-2020-16834,2470.0,3,3,10.0,Urban,Unfurnished,Villa,1,0,12.7,618874.0
6836,HP-2021-16835,1376.0,2,1,12.0,Rural,Unfurnished,Apartment,1,1,16.7,306109.0
6837,HP-2022-16836,2850.0,4,2,30.0,Urban,Unfurnished,Independent House,0,1,4.5,640654.0
6838,HP-2023-16837,961.0,4,3,6.0,Downtown,Unfurnished,Independent House,2,0,3.7,466352.0
6839,HP-2024-16838,1795.0,5,3,,Urban,semi-furnished,Independent House,1,1,9.3,614260.0
6840,HP-2018-16839,2019.0,3,1,4.0,Urban,Furnished,Apartment,1,0,12.1,439834.0
6841,HP-2019-16840,1755.0,3,3,6.0,Downtown,Semi-Furnished,Villa,2,1,2.3,589650.0
6842,HP-2020-16841,1804.0,3,2,12.0,Suburban,Semi-Furnished,Villa,1,0,2.8,507758.0
6843,HP-2021-16842,3510.0,3,1,0.0,Suburban,Furnished,Independent House,0,0,6.1,636557.0
6844,HP-2022-16843,1604.0,4,2,23.0,Suburban,Unfurnished,Apartment,3,1,4.7,432307.0
6845,HP-2023-16844,3909.0,3,2,1.0,Suburban,Furnished,Apartment,1,1,,713382.0
6846,HP-2024-16845,2506.0,3,3,28.0,Urban,Semi-Furnished,Studio,2,1,5.6,527749.0
6847,HP-2018-16846,2264.0,3,2,36.0,Urban,Semi-Furnished,Villa,2,0,0.9,532820.0
6848,HP-2019-16847,2533.0,4,2,55.0,Suburban,Semi-Furnished,Independent House,1,1,1.5,520730.0
6849,HP-2020-16848,3971.0,5,3,20.0,Urban,SEMI-FURNISHED,Studio,1,1,18.6,782128.0
6850,HP-2021-16849,1504.0,4,3,2.0,Suburban,Furnished,Apartment,0,0,2.1,446906.0
6851,HP-2022-16850,1416.0,3,2,15.0,Downtown,Furnished,Independent House,1,1,0.5,423476.0
6852,HP-2023-16851,1672.0,4,1,3.0,Downtown,Furnished,Independent House,2,0,10.5,491583.0
6853,HP-2024-16852,2223.0,4,3,27.0,Suburban,Furnished,Studio,1,0,9.2,510718.0
6854,HP-2018-16853,992.0,2,1,5.0,Suburban,Unfurnished,Apartment,0,0,7.3,244956.0
6855,HP-2019-16854,2216.0,2,1,5.0,Urban,Semi-Furnished,Apartment,1,0,5.6,433181.0
6856,HP-2020-16855,3385.0,1,1,30.0,Rural,,Apartment,1,0,27.9,413424.0
6857,HP-2021-16856,2306.0,3,3,0.0,Suburban,Unfurnished,Apartment,2,0,,523770.0
6858,HP-2022-16857,1995.0,5,3,3.0,Urban,Semi-Furnished,Independent House,2,1,5.7,644031.0
6859,HP-2023-16858,1767.0,3,2,7.0,Urban,Furnished,Apartment,2,0,6.6,464604.0
6860,HP-2024-16859,2829.0,3,3,14.0,Downtown,Unfurnished,Apartment,2,1,0.5,655327.0
6861,HP-2018-16860,1622.0,5,3,13.0,Suburban,Semi-Furnished,Studio,1,0,4.2,473556.0
6862,HP-2019-16861,3492.0,5,2,13.0,Urban,Semi-Furnished,Studio,1,0,12.2,747822.0
6863,HP-2020-16862,3553.0,4,3,,Suburban,Semi-Furnished,Apartment,1,0,5.1,655765.0
6864,HP-2021-16863,2380.0,3,2,2.0,Downtown,Furnished,Villa,3,0,16.7,610292.0
6865,HP-2022-16864,2192.0,2,1,9.0,Urban,Unfurnished,Studio,1,0,8.3,392139.0
6866,HP-2023-16865,2921.0,1,1,16.0,Suburban,Furnished,Independent House,3,0,11.6,472726.0
6867,HP-2024-16866,2966.0,2,2,12.0,Urban,Semi-Furnished,Apartment,2,0,13.1,550652.0
6868,HP-2018-16867,1636.0,3,2,7.0,Urban,unfurnished,Apartment,2,1,9.4,433979.0
6869,HP-2019-16868,1831.0,3,1,0.0,Suburban,Semi-Furnished,Apartment,1,0,11.1,375123.0
6870,HP-2020-16869,,2,1,1.0,Downtown,,Villa,1,0,9.5,382676.0
6871,HP-2021-16870,2486.0,2,1,2.0,Urban,Unfurnished,Apartment,1,0,6.4,465783.0
6872,HP-2022-16871,2667.0,2,1,5.0,Downtown,UNFURNISHED,Independent House,1,0,6.7,547088.0
6873,HP-2023-16872,1255.0,4,2,2.0,Downtown,,Independent House,3,0,1.7,514536.0
6874,HP-2024-16873,1881.0,4,2,7.0,Suburban,Semi-Furnished,Apartment,2,0,14.1,459841.0
6875,HP-2018-16874,1257.0,3,2,2.0,Rural,semi-furnished,Apartment,2,0,3.0,383210.0
6876,HP-2019-16875,1571.0,3,1,18.0,Rural,,Apartment,1,1,6.1,329634.0
6877,HP-2020-16876,2586.0,3,2,,Suburban,Semi-Furnished,Villa,0,1,2.3,552921.0
6878,HP-2021-16877,1687.0,2,1,6.0,Suburban,furnished,Villa,2,0,9.5,392562.0
6879,HP-2022-16878,1989.0,2,1,9.0,Urban,Unfurnished,Apartment,1,0,29.6,329607.0
6880,HP-2023-16879,1061.0,5,3,37.0,Rural,Furnished,Apartment,2,1,13.0,379025.0
6881,HP-2024-16880,2331.0,6,3,9.0,Rural,Furnished,Villa,2,1,7.7,732498.0
6882,HP-2018-16881,2169.0,4,3,60.0,Downtown,Semi-Furnished,Apartment,0,1,6.7,500532.0
6883,HP-2019-16882,1690.0,5,3,2.0,Urban,Furnished,Independent House,2,0,5.4,592336.0
6884,HP-2020-16883,2068.0,4,2,24.0,Downtown,Semi_Furnished,Independent House,2,1,1.8,568333.0
6885,HP-2021-16884,2326.0,1,1,,Urban,Semi-Furnished,Independent House,1,1,3.4,459626.0
6886,HP-2022-16885,1630.0,6,3,0.0,Urban,Furnished,Apartment,1,1,4.2,588316.0
6887,HP-2023-16886,1167.0,2,1,43.0,Downtown,Semi-Furnished,Studio,1,1,23.1,233790.0
6888,HP-2024-16887,3464.0,4,3,40.0,Rural,SEMI-FURNISHED,Apartment,1,1,4.4,652557.0
6889,HP-2018-16888,1757.0,3,2,6.0,Urban,Semi-Furnished,Apartment,2,0,7.1,428110.0
6890,HP-2019-16889,2132.0,3,2,37.0,Urban,Unfurnished,Apartment,0,1,20.5,430456.0
6891,HP-2020-16890,2908.0,4,3,2.0,Urban,Semi-Furnished,Studio,2,1,5.8,670729.0
6892,HP-2021-16891,4670.0,3,2,14.0,Rural,furnished,Apartment,1,1,2.3,768309.0
6893,HP-2022-16892,1329.0,3,2,3.0,Downtown,Semi-Furnished,Studio,3,1,3.8,398698.0
6894,HP-2023-16893,2515.0,3,2,3.0,Downtown,Furnished,Apartment,3,0,3.8,569302.0
6895,HP-2024-16894,1705.0,3,1,18.0,Suburban,Furnished,Apartment,2,0,10.0,353052.0
6896,HP-2018-16895,1823.0,6,3,6.0,Suburban,Unfurnished,Villa,1,0,2.8,669647.0
6897,HP-2019-16896,1696.0,4,4,0.0,Urban,Semi_Furnished,Villa,1,1,10.5,611174.0
6898,HP-2020-16897,1412.0,3,2,6.0,Urban,Furnished,Villa,1,0,17.6,433204.0
6899,HP-2021-16898,2171.0,2,2,3.0,Downtown,Semi Furnished,Apartment,0,0,3.3,487178.0
6900,HP-2022-16899,1168.0,4,2,14.0,Suburban,Semi-Furnished,Studio,1,0,1.2,377854.0
6901,HP-2023-16900,2863.0,2,1,3.0,Urban,furnished,Apartment,2,0,8.1,501534.0
6902,HP-2024-16901,2239.0,2,1,22.0,Suburban,Semi-Furnished,Apartment,1,0,3.6,357842.0
6903,HP-2018-16902,2496.0,3,3,4.0,Urban,Furnished,Independent House,1,1,6.1,621064.0
6904,HP-2019-16903,1874.0,5,3,6.0,Suburban,Semi-Furnished,Apartment,1,0,8.0,543887.0
6905,HP-2020-16904,1943.0,2,1,60.090376485755286,Urban,Semi-Furnished,Independent House,3,1,4.2,384045.0129755852
6906,HP-2021-16905,2401.0,2,1,12.0,Downtown,Semi-Furnished,Independent House,0,1,20.7,496590.0
6907,HP-2022-16906,,3,3,1.0,Urban,Unfurnished,Studio,1,0,4.1,404869.0
6908,HP-2023-16907,1949.0,3,2,8.0,Suburban,Furnished,Independent House,3,0,2.9,522888.0
6909,HP-2024-16908,1598.0,3,2,5.0,Downtown,Semi-Furnished,Apartment,0,1,17.3,434028.0
6910,HP-2018-16909,1577.0,3,2,26.0,Downtown,Semi-Furnished,Villa,2,0,1.2,471084.0
6911,HP-2019-16910,723.0,3,2,1.0,Suburban,Semi-Furnished,Apartment,2,0,1.1,345516.0
6912,HP-2020-16911,3138.0,2,2,21.0,Urban,Semi-Furnished,Independent House,1,1,22.0,581914.0
6913,HP-2021-16912,1719.0,2,1,2.0,Rural,,Apartment,1,1,1.9,334448.0
6914,HP-2022-16913,3014.0,5,2,1.0,Urban,Semi-Furnished,Apartment,2,0,1.3,685482.0
6915,HP-2023-16914,2948.0,5,4,3.0,Downtown,Furnished,Independent House,1,1,6.1,800035.0
6916,HP-2024-16915,1300.0,2,1,1.0,Rural,Furnished,Villa,1,0,0.5,344998.0
6917,HP-2018-16916,1438.0,2,2,9.0,Urban,Unfurnished,Apartment,1,0,7.7,361208.0
6918,HP-2019-16917,3992.0,2,1,53.0,Urban,Semi-Furnished,Villa,1,0,4.8,601166.0
6919,HP-2020-16918,3426.0,4,3,0.0,Urban,Semi-Furnished,Studio,1,0,8.2,715057.0
6920,HP-2021-16919,2178.0,4,1,7.0,Urban,Unfurnished,Apartment,3,0,2.7,540127.0
6921,HP-2022-16920,2380.0,3,1,6.0,Suburban,Unfurnished,Villa,3,0,18.9,536309.0
6922,HP-2023-16921,1758.0,4,2,5.0,Suburban,Semi-Furnished,Apartment,1,0,2.5,489696.0
6923,HP-2024-16922,2503.0,4,2,5.0,Downtown,Furnished,Independent House,1,1,8.1,611957.0
6924,HP-2018-16923,1698.0,5,3,27.0,Rural,Furnished,Villa,1,1,23.2,526182.0
6925,HP-2019-16924,777.0,2,2,0.0,Suburban,Semi-Furnished,Apartment,3,0,4.1,279488.0
6926,HP-2020-16925,1275.0,2,2,18.0,Downtown,Semi-Furnished,Apartment,1,0,1.4,343047.0
6927,HP-2021-16926,2215.0,2,1,3.0,Urban,Semi-Furnished,Independent House,1,0,0.6,445685.0
6928,HP-2022-16927,1408.0,5,3,6.0,Urban,Furnished,Villa,2,1,26.4,577967.0
6929,HP-2023-16928,2153.0,4,3,7.0,Urban,Semi-Furnished,Apartment,1,1,11.5,577831.0
6930,HP-2024-16929,1448.0,4,3,4.0,Downtown, Unfurnished,Apartment,0,0,20.1,470627.0
6931,HP-2018-16930,,2,1,1.0,Rural,Unfurnished,Villa,1,0,9.6,386779.0
6932,HP-2019-16931,2797.0,3,3,1.0,Rural,Semi-Furnished,Apartment,2,1,3.4,607444.0
6933,HP-2020-16932,2373.0,3,2,4.0,Urban,Furnished,Apartment,2,0,1.1,519449.0
6934,HP-2021-16933,2193.0,3,2,21.0,Urban,Unfurnished,Apartment,2,1,21.2,471364.0
6935,HP-2022-16934,2815.0,3,3,2.0,Urban,Unfurnished,Apartment,0,1,5.4,597008.0
6936,HP-2023-16935,2536.0,2,2,16.0,Urban,Furnished,Independent House,1,1,4.0,496354.0
6937,HP-2024-16936,3213.0,4,2,4.0,Urban,Semi-Furnished,Independent House,2,0,6.9,711858.0
6938,HP-2018-16937,1878.0,3,2,26.0,Urban,Furnished,Apartment,2,1,0.9,408438.0
6939,HP-2019-16938,1899.0,3,1,7.0,Urban,Furnished,Independent House,0,0,3.0,440217.0
6940,HP-2020-16939,1289.0,2,1,2.0,Urban,,Apartment,0,1,8.1,320121.0
6941,HP-2021-16940,1900.0,4,2,51.0,Urban,Furnished,Independent House,2,1,0.8,472776.0
6942,HP-2022-16941,2875.0,3,2,2.0,Downtown,#Semi-Furnished,Studio,1,0,1.2,631408.0
6943,HP-2023-16942,3110.0,5,4,10.0,Suburban,Furnished,Villa,1,0,5.7,802852.0
6944,HP-2024-16943,2872.0,3,2,10.0,Rural,Furnished,Apartment,1,0,7.8,531505.0
6945,HP-2018-16944,944.0,5,3,6.0,Suburban,Semi-Furnished,Apartment,3,0,1.7,459335.0
6946,HP-2019-16945,2958.0,5,3,36.0,Suburban,Unfurnished,Apartment,2,1,0.5,640671.0
6947,HP-2020-16946,913.0,4,1,22.0,Urban,Furnished,Studio,1,1,,302234.0
6948,HP-2021-16947,2829.0,5,3,21.0,Urban,Unfurnished,Apartment,2,0,0.5,667430.0
6949,HP-2022-16948,1943.0,3,1,44.0,Downtown,Semi-Furnished,Studio,1,0,0.5,383858.0
6950,HP-2023-16949,2692.0,3,1,7.0,Urban,Semi-Furnished,Apartment,1,0,3.1,532776.0
6951,HP-2024-16950,1267.0,1,1,1.0,Downtown,Semi-Furnished,Apartment,1,0,2.0,299371.0
6952,HP-2018-16951,3020.0,4,3,17.0,Downtown,Semi_Furnished,Studio,1,1,6.8,657911.0
6953,HP-2019-16952,1175.0,4,2,6.0,Downtown,#Semi-Furnished,Apartment,3,0,18.0,406145.0
6954,HP-2020-16953,1732.0,4,2,3.0,Downtown,Furnished,Independent House,1,1,5.2,524155.0
6955,HP-2021-16954,1501.0,2,1,,Downtown,Furnished,Apartment,0,1,11.9,315137.0
6956,HP-2022-16955,972.0,3,2,31.0,Suburban,Semi-Furnished,Apartment,3,1,19.2,283378.0
6957,HP-2023-16956,2266.0,2,3,2.0,Downtown,Semi-Furnished,Independent House,1,0,1.7,541877.0
6958,HP-2024-16957,3464.0,4,4,23.0,Suburban,Furnished,Studio,1,1,5.4,729273.0
6959,HP-2018-16958,4067.0,2,1,6.0,Urban,Unfurnished,Independent House,1,1,8.2,685925.0
6960,HP-2019-16959,2268.0,5,3,2.0,Urban,Semi-Furnished,Apartment,3,1,3.2,697851.0
6961,HP-2020-16960,2982.0,2,1,23.0,Suburban,Semi-Furnished,Villa,1,0,10.8,510512.0
6962,HP-2021-16961,2362.0,3,1,42.0,Urban,Semi-Furnished,Apartment,1,0,9.8,397305.0
6963,HP-2022-16962,2549.0,5,3,4.0,Rural,Semi Furnished,Independent House,1,1,4.4,642570.0
6964,HP-2023-16963,1960.0,3,1,4.0,Urban,FURNISHED,Independent House,3,0,0.7,484145.0
6965,HP-2024-16964,2337.0,1,1,,Urban,Semi-Furnished,Apartment,2,0,0.5,401766.0
6966,HP-2018-16965,2576.0,3,3,20.0,Suburban,Furnished,Villa,1,0,3.7,591608.0
6967,HP-2019-16966,1795.0,2,1,0.0,Downtown,Semi-Furnished,Apartment,2,0,0.7,417044.0
6968,HP-2020-16967,2146.0,6,4,3.0,Suburban,Semi-Furnished,Independent House,2,0,12.2,714288.0
6969,HP-2021-16968,2159.0,4,1,15.0,Urban,,Studio,2,0,3.3,450643.0
6970,HP-2022-16969,2778.0,3,2,6.0,Suburban,Semi-Furnished,Apartment,2,0,8.8,556773.0
6971,HP-2023-16970,1454.0,3,1,5.0,Suburban,Semi-Furnished,Apartment,1,0,3.4,366356.0
6972,HP-2024-16971,2164.0,2,1,25.0,Downtown,Furnished,Independent House,2,1,12.7,427196.0
6973,HP-2018-16972,3538.0,4,3,30.0,Downtown,Furnished,Villa,2,0,17.5,824948.0
6974,HP-2019-16973,3015.0,5,4,35.0,Downtown,Semi-Furnished,Apartment,0,1,14.5,756042.0
6975,HP-2020-16974,3144.0,5,3,4.0,Urban,Semi-Furnished,Apartment,1,0,5.3,734398.0
6976,HP-2021-16975,2217.0,3,2,29.0,Urban,semi-furnished,Villa,1,1,0.7,513460.0
6977,HP-2022-16976,2425.0,3,1,16.0,Rural,,Apartment,2,0,3.7,429517.0
6978,HP-2023-16977,2902.0,1,1,2.0,Urban,Furnished,Independent House,2,0,4.4,518907.0
6979,HP-2024-16978,3292.0,4,2,11.0,Urban,Unfurnished,Apartment,1,1,25.8,676455.0
6980,HP-2018-16979,834.0,3,1,0.0,Downtown,Unfurnished,Apartment,2,0,6.7,288230.0
6981,HP-2019-16980,1279.0,3,2,15.0,Suburban,Semi-Furnished,Independent House,2,0,8.2,358862.0
6982,HP-2020-16981,3117.0,5,3,16.0,Suburban,Semi-Furnished,Independent House,3,0,12.2,735982.0
6983,HP-2021-16982,2006.0,2,2,19.0,Urban,Semi_Furnished,Apartment,0,0,6.7,368271.0
6984,HP-2022-16983,1730.0,1,1,2.0,Urban,Semi-Furnished,Apartment,1,1,7.3,331383.0
6985,HP-2023-16984,1322.0,2,1,12.0,Downtown,Unfurnished,Apartment,2,1,2.3,347952.0
6986,HP-2024-16985,1811.0,2,1,2.0,Urban,Unfurnished,Apartment,1,0,0.5,377464.0
6987,HP-2018-16986,1218.0,1,1,35.0,Suburban,Unfurnished,Apartment,1,0,10.2,162943.0
6988,HP-2019-16987,3664.0,3,2,13.0,Downtown,furnished,Apartment,1,0,15.1,683896.0
6989,HP-2020-16988,2184.0,3,2,1.0,Rural,furnished,Studio,2,0,4.2,463464.0
6990,HP-2021-16989,2159.0,2,2,2.0,Rural,Semi_Furnished,Villa,1,0,6.4,460735.0
6991,HP-2022-16990,2612.0,4,3,13.0,Rural,Semi-Furnished,Studio,1,1,2.9,576748.0
6992,HP-2023-16991,2874.0,2,2,8.0,Suburban, Unfurnished,Apartment,1,0,4.8,524742.0
6993,HP-2024-16992,2862.0,4,3,16.0,Rural,Furnished,Independent House,1,1,1.9,657895.0
6994,HP-2018-16993,2952.0,3,3,4.0,Downtown,Semi-Furnished,Apartment,3,0,11.4,662032.0
6995,HP-2019-16994,1758.0,3,1,13.0,Rural,Semi-Furnished,Apartment,1,1,5.4,373621.0
6996,HP-2020-16995,1991.0,5,3,2.0,Urban,Unfurnished,Independent House,1,1,6.3,630753.0
6997,HP-2021-16996,2738.0,1,1,9.0,Urban,Furnished,Independent House,0,0,0.5,462906.0
6998,HP-2022-16997,1831.0,3,1,38.0,Suburban,Semi-Furnished,Apartment,1,1,7.8,364624.0
6999,HP-2023-16998,2196.0,5,4,12.0,Downtown,Furnished,Apartment,3,0,1.8,667542.0
7000,HP-2024-16999,2479.0,4,2,1.0,Suburban,Semi-Furnished,Apartment,3,0,3.9,590592.0
6501,HP-2022-16500,3059.0,5,3,7.0,Urban,SEMI-FURNISHED,Independent House,2,0,3.0,740291.0
2945,HP-2022-12944,2427.0,2,2,21.0,Urban,SEMI-FURNISHED,Independent House,1,0,1.0,467236.0
2025,HP-2019-12024,500.0,4,2,19.0,Urban,Furnished ,Independent House,1,0,3.1,352844.0
264,HP-2022-10263,1483.0,4,2,11.0,Suburban,furnished,Apartment,1,1,,422049.0
4351,HP-2021-14350,775.0,4,3,6.0,Urban, Furnished,Studio,1,1,0.9,379215.0
3425,HP-2019-13424,957.0,1,1,2.0,Urban,#Semi-Furnished,Apartment,0,0,9.5,187129.0
6749,HP-2018-16748,1846.0,5,4,10.0,Rural,Semi_Furnished,Independent House,1,0,1.7,572918.0
6216,HP-2024-16215,1051.0,2,2,10.0,Suburban,#Furnished,Apartment,1,0,,273412.0
6363,HP-2024-16362,1841.0,4,3,13.0,Urban,unfurnished,Apartment,2,0,4.3,522885.0
5590,HP-2021-15589,3278.0,3,2,19.0,Urban,Furnished ,Apartment,1,0,1.1,607533.0
133,HP-2024-10132,1456.0,3,2,50.0,Suburban,#Unfurnished,Independent House,0,1,3.3,344169.0
6407,HP-2019-16406,2142.0,6,4,12.0,Downtown,#Semi-Furnished,Apartment,0,1,13.1,656504.0
4280,HP-2020-14279,2455.0,5,2,33.0,Urban,SEMI-FURNISHED,Studio,1,1,1.1,544468.0
2399,HP-2022-12398,2345.0,3,2,4.0,Suburban,furnished,Apartment,1,1,0.5,507409.0
5713,HP-2018-15712,2800.0,4,2,40.0,Suburban,#Unfurnished,Apartment,1,1,45.0,500965.0
3255,HP-2024-13254,2457.0,2,1,6.0,Rural, Furnished,Apartment,1,0,9.3,423730.0
6027,HP-2024-16026,2950.0,4,2,60.0,Urban,Furnished,Villa,2,1,5.3,654625.0
2265,HP-2021-12264,2676.0,4,1,6.0,Urban,Semi-Furnished,Apartment,1,0,41.0,520246.0
1942,HP-2020-11941,1926.0,6,4,42.0,Urban,unfurnished,Apartment,0,0,5.9,561747.0
764,HP-2018-10763,2133.0,2,2,1.0,Urban,Semi_Furnished,Studio,2,1,8.2,451079.0
3177,HP-2023-13176,1173.0,3,3,8.0,Urban,Semi_Furnished,Independent House,3,0,13.5,410959.0
3046,HP-2018-13045,765.0,3,1,28.0,Suburban,Semi_Furnished,Studio,1,1,12.0,251463.0
3065,HP-2023-13064,1140.0,3,2,13.0,Urban,Furnished ,Independent House,1,0,1.0,400606.0
102,HP-2021-10101,1906.0,3,3,11.0,Urban,SEMI-FURNISHED,Villa,1,1,3.9,568648.0
6238,HP-2018-16237,2237.0,6,4,27.0,Urban,Semi_Furnished,Apartment,1,1,12.5,670573.0
1372,HP-2024-11371,3398.0,1,1,9.0,Suburban,SEMI-FURNISHED,Independent House,3,0,5.7,547466.0
626,HP-2020-10625,1842.0,3,2,6.0,Suburban,semi-furnished,Studio,2,0,2.8,405799.0
3917,HP-2021-13916,2139.0,3,2,3.0,Suburban,Semi_Furnished,Villa,0,1,8.4,533492.0
1076,HP-2022-11075,1854.0,2,1,2.0,Suburban,semi-furnished,Apartment,0,1,1.6,378320.0
3257,HP-2019-13256,1583.0,3,3,13.0,Suburban,#Furnished,Apartment,0,1,1.0,414478.0
2317,HP-2024-12316,2787.0,2,1,13.0,Downtown,Unfurnished,Villa,0,1,3.8,600299.0
562,HP-2019-10561,3653.0,3,2,4.0,Downtown,FURNISHED,Villa,1,1,13.6,747948.0
5445,HP-2023-15444,2729.0,3,3,21.0,Rural,furnished,Apartment,1,1,13.0,558008.0
5104,HP-2018-15103,2255.0,3,1,9.0,Rural,#Furnished,Apartment,0,1,9.9,422990.0
3008,HP-2022-13007,1117.0,6,2,21.0,Suburban,UNFURNISHED,Apartment,0,0,11.1,423439.0
1116,HP-2020-11115,2455.0,4,3,0.0,Urban,furnished,Studio,1,0,4.8,600581.0
3909,HP-2020-13908,2610.0,4,3,11.0,Urban, Unfurnished,Villa,2,1,9.3,697197.0
2154,HP-2022-12153,2361.0,3,1,3.0,Urban,Semi_Furnished,Apartment,2,0,3.1,511994.0
6224,HP-2018-16223,3516.0,5,2,1.0,Urban,#Semi-Furnished,Apartment,1,0,11.5,735310.0
5292,HP-2024-15291,2520.0,3,2,5.0,Downtown,Semi-Furnished,Independent House,1,1,0.5,581605.0
3510,HP-2020-13509,1826.0,3,2,6.0,Downtown,#Furnished,Independent House,3,0,0.9,523183.0
1288,HP-2024-11287,2556.0,3,3,6.0,Suburban,Furnished,Apartment,1,1,9.2,569159.0
246,HP-2018-10245,1966.0,4,2,34.0,Suburban,Semi Furnished,Independent House,1,1,20.6,467229.0
1796,HP-2021-11795,1674.0,2,1,1.0,Urban,semi-furnished,Studio,0,1,4.1,341999.0
5254,HP-2021-15253,1162.0,3,2,1.0,Suburban,SEMI-FURNISHED,Villa,3,0,2.4,421484.0
